:01002000E9F6
:05002800220D20FCC9BF
:070030001A22130D20FAC98A
:08004000F5E521A5C0C3800015
:20008000C5D52AB6280BE53A6E67E7E12318F3E804D1C1E1F041E60220FAF1D921A3C034B5
:2000A000200223343E01E091C380FFF041E60220FA3EC0C384FFAF01231A21A0C0CD6110B2
:2000C0003EC0E09267AF6F0EA0C32800F3E0FFAFFBE00FC9F092B7C8E0463E283D20FDC9AE
:0100F000C946
:02010000185590
:20010400CEED6666CC0D000B03730083000C000D0008111F8889000EDCCC6EE6DDDDD999DF
:16012400BBBB67636E0EECCCDDDC999FBBB9333E5469746C650079
:20014400000000000000000001000000FAA1C047FAA0C0F357583100DFD5CD8710CDB60030
:20016400D17AEAA0C0FE112007AFCB3B17EAA1C0AFE042E043E041E04A3E07E04B11D40005
:200184002180FF0E0CF7CD80FF119C00CDED013EE4E047E0483E1BE0493EC0E0403E01E0C6
:2001A400FFAFE00F21A3C02277E0263CE090CD403AFBCD7C05760018FCF040E680C8AFE0C8
:2001C400917600F091B728F9C921A5C02A4F2A47B1C87BB920F67AB820F2444D0B0B2A02A8
:1701E40003572A0203B220F6C921A5C02AB628032318F97A3273C93D
:0C3A4000011A0021263A11C3DACD6A10E9
:013A6700C995
:201061005F78B1C8730B545D1378B1C8CB38CB1930032A1213040C18062A12132A12130DAA
:1E10810020F70520F4C9F040E680C8F044FE9230FAF044FE9138FAF040E67FE040C999
:20109F00E8F8F090F8007721D1C72A4F46CB28CB19CB28CB19CB28CB19CB28CB1979C6400F
:2010BF00EA0AC521D3C72A4F46CB28CB19CB28CB19CB28CB19CB28CB1979C640EA0BC52128
:2010DF0004C53AB6CAA4112A4F46212200095D541AE0901AEA0020212300095D541AF80639
:2010FF0022131A776960232A666FCB3CCB1DCB3CCB1DCB3CCB1DCB3CCB1D7D21CDC75E9341
:20111F00C608F8065E23666B235E83EAFBC469602323232A4F46CB38CB19CB38CB19CB3823
:20113F00CB19CB38CB197921CFC74E91C608F8065E23666B23234E81EAFCC43E01E0902109
:20115F00002036012105C57ED60F30103E3A864F3E40CE00470A21FCC44E817721FCC44653
:20117F0021FBC45E2107C54EFA06C5EAC1DA21BFDA364923364021C2DA36005079CDF20F31
:20119F002107C58677FAF7C4EA08C5FAF8C4EA09C52109C53AB6CA86147EF80177FA09C573
:2011BF00F802322A4F4669607E0FE601F803322B2A5F566B6223E57DF80677E17CF8057719
:2011DF00F8012A5F5621030019E57DF80877E17CF807322B2B2A5F3A2B571A4F131A47CB31
:2011FF0038CB19CB38CB19CB38CB19CB38CB197EB7282979C608EAFBC4F8062A5F561A4F43
:20121F00131A47CB38CB19CB38CB19CB38CB19CB38CB1979C608EAFCC4C3281321D1C746B1
:20123F007990C608EAFBC4F8062A5F561A4F131A47CB38CB19CB38CB19CB38CB19CB38CBD2
:20125F00197921D3C74E91C608EAFCC4F8042A5F561A131AC643EA0CC5F8062A5F561A13DB
:20127F001AC643EA0DC5FA0CC5210AC5963839FA0CC50E00C6F04779CEFF4F210AC55E16DF
:20129F00007B907A993821FA0DC5210BC5963818FA0DC50E00C6F14779CEFF4F210BC55E59
:2012BF0016007B907A993061F8012A4F4669607E07E601F80777F8012A5F56213200194D56
:2012DF004459501AF80522131A227EB7280F2B2B7EEA08C5F8067EEA09C5C3B011F8052AA4
:2012FF004F46FA8BCBD6013E0017EE012012C52108C55E2356D51E01216A40CDF839E1C1B4
:20131F002108C5792270C3B011FAD4DAB7206DF04BD607286721FBC44E060021080009F048
:20133F004B4F06005C507995789CCB7B2807CB7A2008BF1805CB7A2801373040FAFCC4068D
:20135F0000C6F84F78CEFF47F04A6F260058547D917C98CB7B2807CB7A2008BF1805CB7A35
:20137F0028013730172108C52A4F46213200095D541A2108C522131A77C3B0112108C52A83
:20139F004F4669607E0F0FE6012811213200095D541A2108C522131A77C3B011210E00097D
:2013BF007EFEFF284021C4DAA6203A210B0009347E2108C52A5F56210B00194D440AF806DA
:2013DF0077210D00197EF80777F8062A9620166B627ECB37E6012807F8067E3D02180621EB
:2013FF000C00197E022108C52A4F46212200095D541AE0901AEA0020212300092A6E5F5538
:20141F00FAFCC4F80577FAFBC4F80677FA07C5F80777210A00097EEAC1DA6B622323232A7E
:20143F00666F79C60B4F3001040A4F0600CB21CB10092A4F4621BFDA79227021C2DA360044
:20145F00F8052A472A5F507ECDF20F2107C586772108C52A4F46213200095D541A2108C52E
:13147F0022131A77C3B011F8007EE0907EEA0020E808C9E9
:20400000AF21F9C42277AF21F5C42277AF21F7C4227721FFC436002100C53600AF2101C568
:204020002277AF2103C52277114404D5110000D511B1C0D5CD6B39E806C9020100FFFEFD26
:20404000FCFBFAFBFCFDFEFF0000000007000802078000000011B1C0D51E0121F545CDF850
:2040600039E121B1C0CB96CB9EC9E8F8F80E7EF80077F80F7EF80177C1C569607EE601F88D
:204080000777B7CAC841F8007ED6B12007237ED6C0CAC841F8007EF80677F8017EF8073257
:2040A0002A666FCB86D1D521300019E57DF80477E17CF803322A5F561AF80622131A77D1B3
:2040C000D521320019E57DF80677E17CF80522233AB6283C2B2B2A5F561A4F131A47B128EA
:2040E0002F213000094D44F8062A02037E02F8022A5F561A4F131A47213200094D44F8045A
:204100002A5F2A571A22131A322A02037E02183EF8073AB6281C2A5F56213200194D44AF37
:20412000020302F8022A5F561A21F5C422131A77181CF8042A5F561A4F131A47B1280921F6
:20414000300009AF22771806AF21F5C42277F8042A666FAF2277F8022A5F5621F9C42A1268
:20416000137E123AB628102A4F46213200094D44F8002A02037E02F8007EEAF9C4F8017E8D
:20418000EAFAC4D1D5212B00192A4FCB7E200C79F5331E02216B53CDF83933D1D5212D00B9
:2041A00019E57DF80877E17CF807322A5F3A571A22131A77E5CB7EE1200EF8067EF5331E86
:2041C0000221D053CDF83933E808C9E8F8F80E2A4F4669607EE601C2074369607ECB370780
:2041E000DA07436960CBC6C5C51E0121F545CDF839E1C12130000933335D54D51AF806221D
:20420000131A7721320009E57DF80477E17CF80377F8073AB6284BF8022A5F561A6F131A09
:2042200067B5283E113000195D54F8062A12133A12D1D51A22131A322A5F5621320019E5E7
:204240007DF80677E17CF805322B2B2A5F561AF80622131A322B2B2A5F2A572A12137E12D3
:20426000183BF8073AB628192A5F56213200195D54AF121312D1D51A21F9C422131A77185D
:204280001CF8022A5F561A6F131A67B5280911300019AF22771806AF21F9C42277F8022A1C
:2042A000666FAF2277D1D521F5C42A12137E123AB6280A2A5F562132001979227021F5C430
:2042C000792270212B00095D54AF223680212800097EF80577B72827237B22722129000977
:2042E0002A6E5F55C5AFF533F8092A666FE5D5F80C7EF5331E02210552CDF839E806C1210C
:204300002D0009AF223680E808C9E8FAFAF9C4EA0EC5FAFAC4EA0FC5210FC53AB6CAFE436B
:204320002A4F4669602323232A665F54CB3ACB1BCB3ACB1BCB3ACB1BCB3ACB1BCB3ACB1BB2
:20434000CB3ACB1BCB3ACB1BF80573213000095D541AF80022131A77F80D7EF80596C2EF6D
:20436000436960232A4F46CB38CB19CB38CB19CB38CB19CB38CB19CB38CB19CB38CB19CB1A
:2043800038CB19F8027922AF324E060003F80C7EF80422AF322A917E985678CB7F2807CBD0
:2043A0007A2008BF1805CB7A2801373042F8042A5F56211700194D44F8022A917E98567812
:2043C000CB7F2807CB7A2008BF1805CB7A280137301DC1C5C5210EC52A5F56D51E0121CB2B
:2043E00041CDF839E1C1210EC5792270C31843F8007EEA0EC5F8017EEA0FC5C31843E8064B
:20440000C9E8F9FAF9C4EA10C5FAFAC4EA11C52111C53AB6CA4F452A4F466960235D541A49
:20442000F80522131A77F8052A5F3A2B57CB3ACB1BCB3ACB1BCB3ACB1BCB3ACB1BCB3ACBFB
:204440001BCB3ACB1BCB3ACB1B7369602323235D541AF80022131A77D1D5CB3ACB1BCB3AA7
:20446000CB1BCB3ACB1BCB3ACB1BCB3ACB1BCB3ACB1BCB3ACB1BF80273F8052A5F56CB3A71
:20448000CB1BCB3ACB1BCB3ACB1BCB3ACB1B210700097E6F079F67195D54CB3ACB1BCB3A90
:2044A000CB1BCB3ACB1BF80573D1D5CB3ACB1BCB3ACB1BCB3ACB1BCB3ACB1B210800097EB9
:2044C0006F079F67195D54CB3ACB1BCB3ACB1BCB3ACB1BF80673213000092A4F46F80D7EC8
:2044E000F804963861237EF80D96385A235E160021150019E57DF80577E17CF80422233A2F
:20450000223600F8035D54F8051A1396231A9E1A57CB7E2807CB7A2008BF1805CB7A28015C
:20452000373823F8027EF80E96381BC52110C52A5F56D51E0121CB41CDF839E1C12110C531
:20454000792270C30F442110C5792270C30F44E807C9E8FBF80B7EF80077F80C7EF80177A6
:20456000D1D5210C0019E57DF80477E17CF803322A5F2A571A77D1D5210D00194D44F80DD2
:204580007EF8049620080A5FF80E7E932817D1D5210B00195D54F80D7E12F8022A5F56F822
:2045A0000D2A127E02E805C9E8FDF8092A4F46210B00093333E5210C00097EF80277210D04
:2045C00000094E0600F8025E160079934F789A47F80B5E1600CD620EF8027E814FE1E57129
:2045E000E803C9F8062A4F46210B00095E210C00094E7B91C9F8062A4F46210500095E21F3
:204600001000097321120009CB231600195D54131A3C56F533D533C51E01215245CDF8397B
:20462000E804C9F8062A4F46210500097EC6045F211000097321120009CB231600195D547B
:20464000131A3C56F533D533C51E01215245CDF839E804C9F8062A4F46210500095D54F887
:20466000082A127EB728292B7EC6045F211000097321120009CB231600195D54131A3C5628
:20468000F533D533C51E01215245CDF839E804C9F8085E21100009732112000955CB236AA7
:2046A0001600195D54131A3C56F533D533C51E01215245CDF839E804C9E8FCFAF5C4F8004D
:2046C00077FAF6C4F80177F8013AB6CA8747F80C7EB7200FF8002A4E6F617ECB370FE601A0
:2046E000CA7347C1C50369602A665F54CB3ACB1BCB3ACB1BCB3ACB1BCB3ACB1BCB3ACB1B0A
:20470000CB3ACB1BCB3ACB1BF80373696023232A4F46CB38CB19CB38CB19CB38CB19CB38CF
:20472000CB19CB38CB19CB38CB19CB38CB19F80B7E912810AF4703F80B5E16007B912033C7
:204740007A90202FF80A7EF803962823F8034E0600595013F80A7EF80222AF327E932004E7
:20476000AF92280B0BF8027E912008AF902004C1C51817D1D5213000194D4459501AF80015
:2047800022131A77C3C746010000E804C9E8F621B2C02A4F463333C521B4C02A4F46F80224
:2047A000792270F8104E06007987CB1087CB1087CB1087CB10F804227021B6C04EF8007EA8
:2047C000F80877F8017EF80977AF47CB21CB1021E01B09E57DF80877E17CF807322A5F564B
:2047E0001A5F079F57F8042A4F46CDBD0DF8082A666F094D443333C5F8027EF80877F80343
:204800007EF80977F8062A4F46030A5F079F57F8042A4F46CDBD0DF8082A666F094D44F899
:2048200002792270F8117EF53311B1C0D521030039E511B7C0D51E0121DA4ACDF839E8116B
:20484000C9E8F011E3C01AF80022131A77F8013AB6CAD44AD1D521320019E57DF80477E192
:204860007CF80377F8167EB72025F8007EF80E77F8017EF80F322A5F561ACB370FE601200E
:204880000EF8022A5F561AF80022131A7718BED1D56B6223E57DF80877E17CF80777D1D59B
:2048A00021060019E57DF80677E17CF805222A5F3A2B2B571A4F131A47CB38CB19CB38CB63
:2048C00019CB38CB19CB38CB192A5F561A5F079FF80E712370573A6E6719E57DF80E77E1AA
:2048E0007CF80D7721B2C02A4F46CB38CB19CB38CB19CB38CB19CB38CB19FAB8C05F079F5B
:2049000057F808792278322A666F194D44F80C799623789E384DF8042A4F46030A4F079FC4
:2049200047F80E2A666F09E57DF80C77E17CF80B77FAB7C0F80E22079F323A2B77F80F3AE0
:204940002B322A5F56F8082A666F19E57DF81077E17CF80F77F80A5D54F80E1A1396231A8E
:204960009E3007F80F3600C3BB4AF8062A5F5621020019E57DF81077E17CF80F322A5F3A0A
:20498000571A22131A323A2B77F80F3A2B77CB3E2BCB1E23CB3E2BCB1E23CB3E2BCB1E23A6
:2049A000CB3E2BCB1EF8042A5F5621020019E57DF81077E17CF80F322A5F561A773A220779
:2049C0009F77F80C7EF80677F80D7EF80777F80E2A5F56F8062A666F19E57DF80A77E17C9E
:2049E000F8097711B4C01AF80E22131A323A2B77F80F3A2B77CB3E2BCB1E23CB3E2BCB1EFD
:204A000023CB3E2BCB1E23CB3E2BCB1EFABAC0F80F773A22079F77F80C3A2B77F80D3A2B61
:204A200077F80E3A2B77F80F3A2B322A5F56F80A2A666F19E57DF81077E17CF80F77F80EC4
:204A40005D54F8081A1396231A9E3865F8042A5F5621030019E57DF81077E17CF80F322AB1
:204A60005F561A773A22079F322A5F56F8062A666F19E57DF80E77E17CF80D77FAB9C0F8A4
:204A80000F773A22079F327EF80877F80F7EF809322A5F2A572A666F19E57DF81077E17C4F
:204AA000F80F77F80C5D54F80E1A1396231A9E3006F80F36001804F80F3601F80F7EB728EE
:204AC00004C1C51812F8022A5F561AF80022131A77C34D48010000E810C9E8E9F80036B1A7
:204AE0002336C0F81F7EF80277F8207EF80377F81D7EF80477F81E7EF805322A5F566B621A
:204B000023E57DF80877E17CF80777F8022A5F5621020019E57DF80A77E17CF80977F80405
:204B20002A5F5621030019E57DF80C77E17CF80B77F8042A4F4603030AF80C77F8013AB676
:204B4000CAF34CD1D521320019E57DF80F77E17CF80E77F8217EF800962008F8227EF801A2
:204B6000962814F8237EB7201CF8002A4E6F617ECB370FE601200EF80D2A5F561AF80022DB
:204B8000131A7718B7D1D56B6223E57DF81377E17CF81277D1D521060019E57DF81177E1A1
:204BA0007CF810222A5F3A2B2B571A4F131A47CB38CB19CB38CB19CB38CB19CB38CB192A3C
:204BC0005F561A5F079FF813712370573A6E6719E57DF81777E17CF81677F8022A5F561AB6
:204BE0004F131A47CB38CB19CB38CB19CB38CB19CB38CB19F8062A5F561A6F079F67095D7D
:204C000054F8157B96237A9E3830F80F2A5F56131A5F079F57F8132A666F19E57DF8177705
:204C2000E17CF81677F8042A5F561A6F079F67094D44F8152A917E983004AFC3DD4CF811D1
:204C40002A666F23232A4F46CB38CB19CB38CB19CB38CB19CB38CB19F80F2A5F2A5713137D
:204C60001A5F079F57792278322A666F19E57DF81577E17CF81477F8082A5F2A571A4F1315
:204C80001A47CB38CB19CB38CB19CB38CB19CB38CB192A5F561A5F079F57F8157922783270
:204CA0002A666F194D44F813799623789E3829F80F2A4F2A470303030A4F079F472A666F58
:204CC000094D44F80C7E5F079F57F8152A666F195D547993789A3003AF18023E01B728044A
:204CE000C1C51812F80D2A5F561AF80022131A77C33C4B010000E817C93BFA00C5B72075EF
:204D00002102C53AB6286E2A4F46212F00094E79B7286A11D6C01AF80077B72822060021A5
:204D2000D7C02A665F54C53E01F533010000C5D5F8077EF5331E02210552CDF839E8082186
:204D400001C52A5F56212500194678B72820212600192A666F110000D53E01F533110000D5
:204D6000D5E5C5331E02210552CDF839E8082100C5361418082100C57EB7280135AF210161
:204D8000C5227733C9E8EDF8197EF80D77F81A7EF80E77CB3E2BCB1E23CB3E2BCB1E23CB81
:204DA0003E2BCB1E23CB3E2BCB1EF81D7EF80177F81E7EF80277F81F7EF80777F8207EF8C0
:204DC0000877CB3E2BCB1E23CB3E2BCB1E23CB3E2BCB1E23CB3E2BCB1EF81B7EF80F77F870
:204DE0001C7EF81077CB3E2BCB1E23CB3E2BCB1E23CB3E2BCB1E23CB3E2BCB1EF8012A5F3B
:204E00005621020019E57DF80B77E17CF80A77F8012A5F5621030019E57DF80D77E17CF806
:204E20000C77F8217E3D282DF8012A5F566B6223E57DF81377E17CF81277F8217ED602CA03
:204E40006550F8217ED603CA9252F8217ED604CAFF53C39B55F8017EF81177F8027EF812C6
:204E600077F8012A5F561AF806773A22079F323A2B77F8063A2B77F80D2A5F56F8032A66FB
:204E80006F19E57DF80777E17CF806327EF80D77F8067EF80E77CB3E2BCB1E23CB3E2BCBF3
:204EA0001E23CB3E2BCB1EF8032A5F56F8072A666F19E57DF80777E17CF80677CB3E2BCBFA
:204EC0001E23CB3E2BCB1E23CB3E2BCB1E2A5F562101007B955F7A9CF8083273F8092A5F7F
:204EE000561A773A22079F327EF80577F80A7EF806322A5F56F80F2A666F19E57DF80B771B
:204F0000E17CF80A77CB3E2BCB1E23CB3E2BCB1E23CB3E2BCB1EF80B2A5F561A773A220748
:204F20009F322A5F56F80F2A666F19E57DF80777E17CF806327EF80F77F8067EF81077CB7B
:204F40003E2BCB1E23CB3E2BCB1E23CB3E2BCB1E2A5F566B6223E57DF80477E17CF803770C
:204F6000F80D3A2B77F80E3A2B77F8077EF80B962009F8087EF80C96CA5D50F8097EF80F1A
:204F800077F80A7EF81077F8027EF80F962009F8037EF81096CA4950F80F7EF80477F80BE8
:204FA0007EF80577212BC596303AF8047E212CC5963031FA28C5F80677212BC54E0600F8B2
:204FC000045E1600CDBD0D792129C586234F788E47F8056E2600095D54F8067ECD2415F830
:204FE00006711804F806360FE5F808CB5EE1284EF80D2A5F566B6223E57DF81177E17CF86B
:2050000010773E07F80FCB2623CB163D20F6232A5F561A773A22079F773E04F811CB26230A
:20502000CB163D20F62B2B2B2A5F2A572A666F7B955F7A9CF80E32734E2346C3A055F80F0C
:2050400034C2874F2334C3874FF80B2A5F3A571B7B227A322A23322A2377C36A4FF81F4EEF
:205060002346C3A055F8117EF80277F8127EF80377F8112A5F561A773A22079F327EF800FA
:2050800077F8127EF80177F80D2A5F56E1E519E57DF81377E17CF812327EF80477F8127EE8
:2050A000F80577CB3E2BCB1E23CB3E2BCB1E23CB3E2BCB1ED1D5F8072A666F19E57DF813B5
:2050C00077E17CF81277CB3E2BCB1E23CB3E2BCB1E23CB3E2BCB1E2A5F566B6223E57DF8B5
:2050E0000877E17CF80777F8092A5F561AF812773A22079F327EF80D77F8127EF80E322ACB
:205100005F2A572A666F19E57DF81377E17CF812327EF80877F8127EF80977CB3E2BCB1E08
:2051200023CB3E2BCB1E23CB3E2BCB1EF80B2A5F561AF812773A22079F322A5F56F80F2A2E
:20514000666F19E57DF80F77E17CF80E327EF81177F80E7EF81277CB3E2BCB1E23CB3E2B75
:20516000CB1E23CB3E2BCB1E2A5F566B6223E57DF80C77E17CF80B77F8047EF80F77F8058E
:205180007EF81077F8067EF80F962009F8077EF81096CA8A52F8087EF81177F8097EF81288
:2051A00077F80A7EF811962009F80B7EF81296CA7452F8117EF80C77F80F3A2B77212BC589
:2051C00096303AF80C7E212CC5963031FA28C5F80E77212BC54E0600F80C5E1600CDBD0D6C
:2051E000792129C586234F788E47F80D6E2600095D54F80E7ECD2415F80E711804F80E3636
:205200000FE5F810CB56E12860F8047EF81177F8057EF812773E07F811CB2623CB163D2072
:20522000F6F8022A5F561AF810773A22079F322A5F566B6223E57DF80F77E17CF80E322A64
:2052400023322A23773E04F80FCB2623CB163D20F6232A5F56F80F2A666F7B955F7A9CF81F
:205260000E32734E2346C3A055F81134C2A1512334C3A151F80F3420022334F80F7EF804DA
:2052800077F8107EF80577C38451F81F4E2346C3A055F8097EF80377F80A7EF80477F8099A
:2052A0002A5F561A4F079F47F80F2A666F095D54F8057B2272CB3E2BCB1E23CB3E2BCB1E90
:2052C00023CB3E2BCB1E23232A666F094D44CB38CB19CB38CB19CB38CB1911010079935F7D
:2052E000789AF8083273F8012A5F561A4F079F47F80D2A666F094D44F809792270CB3E2BEB
:20530000CB1E23CB3E2BCB1E23CB3E2BCB1EF8112A5F561A4F079F47F80D2A666F094D4448
:20532000CB38CB19CB38CB19CB38CB1903F80B792270F8057EF81177F8067EF81277F807B0
:205340007EF811962009F8087EF81296CAF753F8092A5F56F80B7E932006237E92CADF538C
:20536000F8113A77F80D737E212BC5963041F8107E212CC5963038FA28C5F80E77212BC55A
:205380004E0600F8103A22AF32D55E1600CDBD0DD1792129C586234F788E47F80D6E26005D
:2053A000094D44D5F8107E5950CD2415D118020E0FCB492826F8052A4F3A2B2B4703AFCB15
:2053C0001841CB181F4F2A5F561A6F079F672929292979954F789C47C3A05513C35453F825
:2053E000112A5F3A571B7B227A327EF80577F8127EF80677C33E53F81F4E2346C3A055F85D
:205400000B3A2B77F80C3A2B222A5F561A4F079F47F80F2A666F095D54F80F7B2272CB3E06
:205420002BCB1E23CB3E2BCB1E23CB3E2BCB1EF8072A666F094D44CB38CB19CB38CB19CBA7
:2054400038CB1903F80B792270F8012A5F561A4F079F47F80D2A666F094D44F80779227049
:20546000CB3E2BCB1E23CB3E2BCB1E23CB3E2BCB1EF8112A5F561A4F079F47F80D2A666F4D
:2054800009E57DF81377E17CF812322A4F46CB38CB19CB38CB19CB38CB1903F80379227009
:2054A000F80F3A2B77F8103A2B77F80B2A239620072B2A2396CA9455F8077EF81177F8085A
:2054C0007EF81277F8037EF811962009F8047EF81296CA8255F80D5EF8117EF80577212B27
:2054E000C59630327B212CC596302BFA28C5F80677212BC54E060050CDBD0D792129C586BB
:20550000234F788E47F8056E2600095D54F8067ECD24157918023E0F0F305CF80F2A2332FE
:205520002A23773E07F811CB2623CB163D20F6F8092A5F561AF80D22079F322A5F566B626C
:2055400023E57DF81177E17CF810323A2B77F8103A2B773E04F80DCB2623CB163D20F6F868
:20556000112A5F56F80D2A666F7B955F7A9CF81032734E23461829F81134C2C4542334C3DC
:20558000C454F80D3420022334F80D2A23322A2377C3AA54F81F4E23461805F81F4E23467F
:0355A000E813C944
:20149200F090EA12C5F8067EE090EA0020C1CDF737FA12C5E090EA00206069E9F090EA12CE
:2014B200C5F8067EE090EA0020C1CDFF37FA12C5E090EA00206069E9F090EA12C5F8087EDF
:2014D200E090EA0020C1CD123AFA12C5E090EA00206069E9F090EA12C5F8087EE090EA0090
:2014F20020C1CDDE37FA12C5E090EA00206069E9F090EA12C5F8027EE090EA002060692AF4
:2015120012132A12137E12FA12C5E090EA0020E133E94FF090EA12C579E090EA0020626B1D
:201532002A4F46FA12C5E090EA0020C9F090EA12C5F8047EE090EA0020F8022A666FE5CDE6
:201552002F10FA12C5E090EA0020E1E803E93B3BF090EA12C5F8067EE090EA0020F8047E13
:20157200F80077F8057EF80177E1E5E5CDA40FFA12C5E090EA00203333E1E803E9E8F6F898
:20159200077323722B2B77F8033600F80D7EF80477F80E7EF80577F8093600F80C7EF80984
:2015B200962856F8072A4F3A2B477EF533210100395D54CD0215F8004EF8042A5F561A47C9
:2015D20079902019F8012A4F2A23472A666F232A669120097C902005F8037E181FF809342F
:2015F2007EF80377F8072A5F5621030019E57DF80977E17CF8087718A2F80C7EE80AE1E829
:0216120003E9EA
:0BC00000250A69230861570127000191
:20161400E8F9FA1BC5F80077E5CB46E1CAAF1621B2C02A4F46CB38CB19CB38CB19CB38CB38
:2016340019CB38CB1921080009E57DF80377E17CF80277FA19C54F079F47F803792278326E
:201654002B2B2A5F2A572A666F7B955F7A9C474BFA17C55F079F5779934F789A47FA13C548
:20167400F80577FA14C5F806322A917E9830082113C57922701824D5F8052A5F56F8032AC0
:20169400666F19D14D4479934F789A47F805799623789E30062113C5792270E5F802CB4EBB
:2016B400E1CA441721B4C02A4F46CB38CB19CB38CB19CB38CB19CB38CB1921080009E57D8C
:2016D400F80377E17CF80277FA1AC54F079F47F803792278322B2B2A5F2A572A666F7B95F2
:2016F4005F7A9C474BFA18C55F079F5779934F789A47FA15C5F80577FA16C5F806322A91E0
:201714007E9830082115C57922701824D5F8052A5F56F8032A666F19D14D4479934F789A92
:1317340047F805799623789E30062115C5792270E807C922
:020000040002F8
:20000000AF2115C52277AF2113C522772118C536002117C536001E08211E40C3F839211A21
:0E002000C536002119C53600211BC53603C99F
:020000040001F9
:204000001E0821B442CDF8391E08212641CDF8391E04210040CDF8391E08216741CDF8394B
:204020001E08215742CDF8391E04214D49CDF8391E0721A140CDF8391E08210040CDF83921
:204040001E01210040CDF8391E01212556CDF839AFF5331E08212E40CDF83933AFF5331E77
:2040600008216E40CDF83933AFF5331E0821C341CDF83933C9E8FCCDA235B7280FFE01287F
:204080000BFE0228F2D603CA2F4118EBCDFC18FA14C6D6F020283E01F5331E02214E51CD0E
:2040A000F839331100400603AFF533210000E5D5C5331E02210552CDF839E80618B9218B97
:2040C000CB7ED6013E0017EE012019FA14C6B72803CDA017CD4902FAC4DAE60F2003CD7301
:2040E00018CD131C0EC0F09291200721DBDA36DF180521DBDA36C02107C53600CD14161E98
:2041000004219749CDF839CD9F10CD731DCDAE261E0121F94CCDF83921C4DA341E28FA0765
:20412000C5CD7A0DFADBDAE092CDBD01C37740FA8DCB3D281AFA8DCBD6022858FA8DCBD69D
:2041400003CA0142FA8DCBD604CA1E42C377401E08214C41CDF839CD7405AFF5331E02214F
:204160004E51CDF8393321690546216A052A666F3E01F533C533E51E04218642CDF839E8D6
:2041800004D6013E0017F803771E0421EB48CDF839C36E421E08214C41CDF839AFF5331ECF
:2041A00002214E51CDF83933AFF5331E08216E40CDF83933AFF5331E08212E40CDF8393352
:2041C000AFF5331E0821C341CDF839332190CB2A4F46FA8FCBF533210100395D54CD0215E5
:2041E000F8002A472A4F7E260168E547C51E04218642CDF839E804D6013E0017F803771834
:204200006D218FCB4E2190CB2A5F5679CD241579F5331E0521ED44CDF83933C377401E07A8
:20422000216B41CDF8391E08214C41CDF839218FCB4E2190CB2A5F5679CD241579F5331E7F
:204240000521AE45CDF83933EA8CCB211FC54E2120C52A666FAFF53379F533E51E04218655
:2042600042CDF839E804D6013E0017F80377F3FA36C53D2809FA36C5D602280A18101136B0
:204280001DCDB638180E110D1ACDB6381806118E19CDB638AFE045FBFAD3DAB72006F04019
:2042A000F602E0401E01215540CDF839CD44020EC0F09291200721DBDA36DF180521DBDA1A
:2042C00036C02107C53600CD14161E0421414FCDF839CD9F101E28FA07C5CD7A0DFADBDA72
:2042E000E092F8037EB7CA77401E07215141CDF839C37740E804C92118C83600FAA0C0D62F
:20430000112006FA4301073803AF18023E01EA17C8FAA1C0B72806FA17C8B72003AF180259
:204320003E01EAA1C0AFA7F5110000D51100DFD5CD6B39E8061E0521CA43CDF839CD8710EB
:204340001E08214942CDF8393E67E0403E07E04B3E90E04AF00406004FC5CD4437E1CD74E8
:20436000053E01F5331E02214E51CDF83933F32196C636842336C6AFE04511391ACDED0184
:20438000F041F640E041FAA0C0D611200CFA430107E6014FB73E8020023EC0E0063E07E00D
:2043A00007F0FFF60EE0FFFBF040F680E0400603AFF533110000D5110040D5C5331E02213E
:0A43C0000552CDF839E806C3754038
:020000040000FA
:050000000000C3380000
:04003800F3C300020C
:0A020000E52100203602E1C30040B2
:20800000EA1CC5F0FFEA1DC5F040EA1EC53E80E0403E01EAFF003E00EA0F0076003E00E00C
:2080200040089E9D319E9DE5D5C5FA1CC5F5F04F5FCB47281121969D0E0A46AFE04F702CED
:208040003CE04F0D20F4AFE026E04F7BEABB9D3E01E04F21CB9D0612AF0E15EF7DC60B6F66
:208060000520F5AFE04F3E03E0473E80E068AF0E69E2E23DE2E2E2E2E2E23E70E0423E5CBD
:20808000E043CD8A4121B79D119C9D0E04F721CB9D11EB4206033E20220E13F73E20227DF8
:2080A000C60B6F0520F03E200E15EF2E6B0E04F7C1CD3B410E08F7FAA0C0CD3F413E20221B
:2080C00022222E8B0E04F7C1CD3B410E06F7C1CD3B413E202222227DC60B6F0E04F7C1C56B
:2080E000CD3B41113E430E07F7D1CD5B41114543CB7D28E31149432EAB0E06F7FA1EC5CD48
:208100003F410E04F7F04DCD3F410E04F7FA1DC5CD3F4136202ECB0E07F73E20221A1322F0
:20812000FE20280C1A134F1A13470ACD3F4118EA3E89E040AFE00F760018F9CD404179478A
:2081400078E6F0CB37C630FE3A3802C6072278E60FC630FE3A3802C60722C9424BCD3B4115
:208160003E2022227BD6085F7ADE00577DC60B6F3E20221A13CD3F411A13CD3F413E202245
:20818000CB6520EF7DE67F20E3C921B1412A5F2A57B3C84E23CB79280A2A121312130C20D3
:2081A000F918F00C0D28E62A121312130D20F818E20090F8FF000092F8FF00D09208FFFF8C
:2081C000FFFFC3FFFFFF00009350FFCFA733333397CFFFCF8F0FCFCFCF03FF8733E7CF9FA0
:2081E0003F03FF8773F3C7F37387FFC7A76703E7E7E7FF033F3F87F33387FF87333F07332B
:208200003387FF03F3F3E7E7CFCFFF87333387333387FF87333383F3338700A09308FFFF9B
:208220009F9FFF9F9FFF00109442FFCFB77B7B037B7BFF077B7B077B7B07FFC3BF7F7F7F6C
:20824000BFC3FF0F777B7B7B770FFF037F7F037F7F03FF037F7F037F7F7FFF837F7F437B5E
:208260007B87FF7B7B7B037B7B7BFF83FBEF0283FFFAFB0A07FF7B776F5F1F6F73FFFA7FEA
:208280001303FF7B334B7B7B7B7BFF7B3B5B6B737B7BFF87FB7B2387FF077B7B077F7F7FDA
:2082A000FF877B7B7B5B6793FF077B7B076F777BFF837F7F87FB7B87FF01FAEF01FFFA7BAC
:2082C0000287FFFB7B22B7CFFF7B7B7B7B4B337BFF7B7BB7CFB77B7BFFBBBBBBD7EFEFEF18
:2082E000FF03FBF7EFDFBF030000004B45524E454C2050414E494320504C4541534553453C
:208300004E44204120434C45415220504943204F46544849532053435245454E20544F2037
:20832000444556532041463A20204D4F44454C3A2042433A20202044453A20484C3A20200F
:20834000564945573A2053503A204C4344433A204B313A2049453A202042414E4B3A529005
:08836000FF56BB9D5770FF2082
:20174700E8FD4B425FF090F800777BE09021002073210500095D541AF80122131A77210742
:2017670000092A4F46F8052A5E87CB136F63092A4F46CB21CB10F8012A666F094D44F807BE
:191787002A5F56211000E5CD2F10F8007EE0907EEA0020E803E1E804E939
:020000040001F9
:200000002132C536002134C536002177C536372336C5C9081F743BF8097EB7CAF1402B3A25
:20002000B6CAF140F8072A5F2A574B42D57E5950CD2415D1131379D68078DE00301879B7E3
:20004000CAF140F80966E533D5F533AFF533CD9214E805C3F140C5D5F80D7EF533D52100C3
:2000600080E5CD9214E805D1C179C6804F78CEFF47210008195D5479D68078DE003043F80C
:20008000007977D64178DE00301C7EB728634E3EC091F80966E533D5F80366E533F533CD58
:2000A0009214E805184BF8007EB72845F8097EF533D5F8037EF5333E80F533CD9214E8054D
:2000C000182FC5D5F80D7EF533D5218080E5CD9214E805D1C179C6804F7AC6085779B728C2
:2000E00010F80966E533D5F533AFF533CDAE14E80533C9E8F2F8142A4F2A477EF533110E90
:2001000000D5210300395D54CD3E15F8087EEA22C5F8092A4F7E2123C5712377F80B7EEA16
:2001200025C5F80C2A4F7E2126C5712377F8007EEA2BC5F8017EEA2CC5212BC56E26002953
:2001400029295D54212DC57B2272FA2DC5C660EAD5C7FA2EC5CEFFEAD6C7212CC56E2600FB
:200160002929295D54212FC57B2272FA2FC5C670EAD7C7FA30C5CEFFEAD8C7F8022A472AA9
:200180004F7EC53347C51E04211640CDF839E811C9E8FBF80C2A4F46210D00094D44F80EC1
:2001A0007EF533210100395D54CD0215F8007EF803322B2A4F46F80B7EF804325950C57E81
:2001C000CD24155950C17BB728160303D5F80566E533C5F533F80A7EF533CDAE14E805D107
:2001E0007BE805C9F8062A4F46210900094D44F8092A5F3A2B577EF533210400E5CD3E1537
:20020000C9E8F9F8117EF80077F80F2A5F564B42D5F8027E5950CD2415D1F8017922131344
:20022000137B227A2271F80D7EF80577F80E7EF80677F8047EB72848E5CB46E12829F8024E
:200240002A4F2A23472A5F56F8007EF533210800E5CD3E15F8022A5F5621080019E57DF871
:200260000477E17CF80377F8047ECB3F222A5F5621080019E57DF80777E17CF8067718B2F9
:20028000F8017EE807C9E8B6F8502A5F2A57D57EF533013B00C54B42210700395D54CD3E19
:2002A00015D1011FC5F8527E020120C57B02037A02F8047EEA35C5F8054E69AF67237DD629
:2002C000157C173F1FDE8030050C790718020E152132C571F8067EFE1F38023E1FEAD7DA68
:2002E000F8077EFE0538023E05EA33C5F8087EFE4038023E40EA31C5F8107EEA28C5F81165
:200300002A4F7E2129C57123771E0121EC56CDF839F80D2A472A4F7EC53347C51E0421F3A5
:2003200040CDF839E803F8132A472A4F7E5957C5D5C533D521A0DFE51E04210142CDF83901
:20034000E805D1C11378CD24152141C671F8162A472A4F7E5957C5D5C533D52144C6E51E39
:2003600004210142CDF839E805D1C11378CD241579EA42C62143C670111200D5212D003983
:200380004D441184C6CD2F10F82C4EFA35C5D6053E012801AF0C0D200DB70E0220020E00D0
:2003A0002136C57118052136C536014FCB412069110300D5210C00394D4411D3C0CD2F10CC
:2003C000F80A2A472A665F5421BBC03600C533D5AFF5331E04219141CDF839E8044FF809A2
:2003E0004678913801482106C571F80A2A4F2A477E585721C3C0E5210000E579CD4717F88C
:200400000A2A472A666F11B7C0D5C533E51E0421E441CDF839E805182821BBC03E68EA0663
:20042000C53668110300D501134011D3C0CD2F10111000D5110000D511C3C0D5CD6B39E8CE
:2004400006FA31C5B72872F8202A4F7EF8477123223600FA31C5F84996285EF8497ED640F9
:200460002857F81F7EF8474E2346F533213E00395D54CD02151179C5F8496E2600194D444F
:20048000FA06C502F83D2A472A4F7EC53347C5FA06C5F5331E04219141CDF839E8042106E1
:2004A000C58677F8472A5F5621030019E57DF84977E17CF8482234189AF8537EB7CA34479B
:2004C0001E08211E40CDF839110300D5211E00394D4411D6C0CD2F1021FFC43600AF21F5F5
:2004E000C42277AF21F9C4227721B1C0CB8621F7C43EB1223EC0322A4F4621320009AF228D
:200500007721F7C42A4F46213000094D4421F9C42A02037E023AB628112A4F46213200090D
:200520004D4421F7C42A02037E02FAF7C4EAF9C4FAF8C4EAFAC411B1C0D51E0121CB41CD75
:20054000F839E1FA32C5B7CAA347F8227EF847772132C54E06000B696029092929092929C0
:200560004D44F8237EF84877F8247EF849322B2AF533C52A4F4611E5C0CD3E15FA32C53D88
:20058000F8472236E52336C0F8477EB7CAA347232A5F5621110019E57DF84777E17CF8469E
:2005A000322A5F3A2B571A77F8482A5F56210A00193333E5F8482A5F5621220019E57DF8B0
:2005C0004277E17CF841322A5F566B6223E57DF84477E17CF843227EB7284DD1D5FA06C5E7
:2005E00012F8402A5F561AF844322B2A5F561AF80022131A77C1C5F8447EF533C5FA06C576
:20060000F5331E04219141CDF839E804F84477F8452A5F561A773A2B9630032A2377F84623
:200620007E2106C58677182CF81F2A4F2A665F54F8402A666FE5FA31C5F53379CD8F154FCF
:200640002131C59630092179C50600094E18020E00E1E571F8482A5F5621120019E57DF8D4
:200660004677E17CF84577F8402A5F561AF84677F8422A5F3A571A22131A222A5F2A57D508
:20068000110000D57EF8465E2356CD4717F8482A4F3A470AE6FE022A5F56213200194D44B0
:2006A000AF020302F8482A5F56213000194D4421F9C42A02037E023AB628257EF84377FA76
:2006C000FAC4F844322A5F5621320019E57DF84777E17CF846322A5F2A23572A12137E12B2
:2006E000F8487EEAF9C4F8497EEAFAC4F8482A4E6F617E0FE6012015F8487EF84577F8494A
:200700007EF846322A5F561A07E601280FF8485E2356D51E0121CB41CDF839E1F84735231F
:200720002A5F5621340019E57DF84A77E17CF84977C388452132C57EB7284901E5C07E3D8D
:20074000F84977F8497EB7283B211100097EB72828212200097EE5F84A77E1232A6E5F5590
:20076000210A00097EC5F84A66E533D5F5331E04219141CDF839E804C1F8493521340009B1
:200780004D4418BF21F5C42A4F4678B12815C5C51E0121F545CDF839E1C1213000092A4F7B
:2007A0004618E71E05219047CDF839FA33C5B7CA6F48F8287EF847772133C54E0600696027
:2007C000292909290929094D44F8297EF84877F82A7EF849322B2AF533C52A4F461151C736
:2007E000CD3E15FA33C5F847223E512236C7F8477EB7287B232A5F56210400194D44F81FD9
:200800007EF84677F8202A665F54C5FA31C5F533F8497ECD8F15F84677F8482A5F56210840
:200820000019E57DF84577E17CF84422237E2131C596301BF8465E16002179C519E57DF8B1
:200840004777E17CF846322A5F561A774E18020E00F8432A666F71F84735232A5F562117CE
:200860000019E57DF84A77E17CF84977C3EE47FAD7DAB7282BF8257EF8477721D7DA6E26CB
:20088000002929294D44F8267EF84877F8277EF849322B111AC82AF533C54E2346CD3E15DD
:2008A0001E04217749CDF8391E0521D64BCDF839AF2103C52277F8537EB7282BF81A2A4F45
:2008C0004678B128222B2B66AFF533110000D5C5E5331E02210552CDF839E80678B1D60185
:2008E0003E0017EE011801AFE84AC92164052A4F4621B2C07922702166052A4F4621B4C02A
:20090000792270FA6805EAB6C0FA6C05EAC0C0FA6D05EABFC021BCC0360021BDC036002193
:20092000BEC0360221B1C0CB8E21E0C0360121B1C0CBEEC9F8083A2BF5332A5F56D53E0487
:0D094000F533FA06C5F533CDAE14E805C950
:020000040000FA
:2017A000E8F8F8053EE12236C5FA14C6F80777F8003601F8077EB7CA6618E5CB46E1CA502A
:2017C00018F8052A5F3A2B571A77B7CA5018E60F3D4F079F47696029290911B9C5194D446A
:2017E00021030009E57DF80377E17CF802322A5F561A6F131AB52858E5F806CB7EE1280957
:20180000FA14C6F800AEEA14C6FA15C6F800A6203F69602A666FB42803293034F8007EF816
:2018200003223E00322B2B2A5F561A6F131A5D57696023237EF5F8057E26006FF1E52601E5
:20184000E533C5D5F5331E02210552CDF839E808F8077ECB3F77F8007E8777F80534C2B310
:20186000172334C3B317FA16C62114C6A6EA16C6E808C9E8FB01FDC5F8043600F8047ED64F
:201880000428760AB7286B5950131A3D12B720620A12F8045E16006B622929197DC6E95FA5
:2018A0007CCEC5F800732377E1E52323235D541AF80222131A77F8033AB62838D1D51A6FE0
:2018C000131A67B52803293029F8022A5F56E1E523237EC5210000E52600E533F5F8072A88
:1C18E000666FF1E5D5F5331E02210552CDF839E808C10303F804341883E805C976
:020000040002F8
:20002E00F8067EB728170E0079D608D00600696029290911B9C519AF22770C18EB110800C9
:20004E00D5110000D511E1C5D5CD6B39E806112800D5110000D511B9C5D5CD6B39E806C96C
:20006E00F8067EB728170E0079D604C80600696029290911E9C519AF22770C18EB11080065
:20008E00D5110000D511FDC5D5CD6B39E806111400D5110000D511E9C5D5CD6B39E806C9F4
:020000040001F9
:20C00000B7281C5726047BE60328013DCB3FCB1DCB3FCB1DCB3BCB3B2520EB5D1520E57BC8
:20C02000C9B7281E5726047BE603FE0328013CCB3FCB1DCB3FCB1DCB3BCB3B2520E95D155F
:20C0400020E37BC94F3E049130020E04FAC3DAB720242141C646C55879CD0040C1E0472187
:20C0600042C65EC579CD0040C1E0482143C65E79CD0040E049C92141C646C55879CD2140F4
:20C08000C1E0472142C65EC579CD2140C1E0482143C65E79CD2140E049C9000103070F1F82
:20C0A0003F019C400AEA06C62107C636052105C636003E05C34440FA07C6B7C82108C63664
:20C0C000002109C636002105C636012107C63E0577C34440FA07C6D605C82108C636002178
:20C0E00009C636012105C636012107C63600AFC34440FA05C6B7C82108C64E34792106C6E2
:20C10000A6C02109C6CB4620152107C67EB7280135FA07C6B7201C2105C6360018152107D1
:20C12000C67ED605300134FA07C6D60520052105C636002107C67EC344402107C67EC3446C
:20C1400040019A40F8066E2600094D440AEA06C6C91E0721B740CDF839FA05C6B7C8CDBD06
:20C16000011E0721F240CDF83918EE1E0721D440CDF839FA05C6B7C8CDBD011E0721F240A3
:05C18000CDF83918EEB6
:020000040000FA
:013A2600009F
:20C00B00C5F3F090F5F8067E4FCB3FC60CEA00202640CB412802CBECAF6F16A05F3E0AEA7F
:20C02B00000079EA00401A473E00EA00003EA9EAAA0A3E56EA55053EA0EAAA0A78770600FB
:20C04B00BE280BE5E1E5E10520F61E00180913233EC0BA20C81E013EF0EA00403E0AEA007F
:20C06B0000F1EA0020FBC1C9F80646F800545D2198FF39F9D5E50E68110B40F778C11E0084
:20C08B00D6013813E603F5606933E73B7BB72806F1D60130F1F5F1E1F9C9F3F090F53E00FF
:20C0AB00EA00003E0CEA00203EF0EA00403EA9EAAA0A3E56EA55053E80EAAA0A3EA9EAAAAB
:20C0CB000A3E56EA55053E30EA0040110000FA0040FEFF280EE5E1E5E11D20F21520EF1E60
:20C0EB000018021E013E0AEA0000F1EA0020FBC9F800545D21AAFF39F9D5E50E5611A54052
:06C10B00F7E1E7E1F9C9CC
:020000040002F8
:2000AE00F8064E2119C87EE6F04779E60FB077210040771E0C69CB3D1979E601CB3707E6D9
:2000CE00E0470E0078C640477DF533110020D51100A0CD3E15C9060078D604D0C5C5331ED0
:2000EE000821AE40CDF83933C10418EC2119C84EC51E0321FB40CDF8397BC1B7C8C5F808D1
:18010E007EF5331E03217340CDF83933C12119C87E71210040717BC945
:020000040000FA
:013A2700009E
:020000040001F9
:20800000E0013E81E002F0020738FBF001C98833010000000100000088330F0000000F0062
:20802000000088330400000004000000883308000000010000005F210AC6460E00C57BCD08
:208040000040C1210AC62270C94F06007891300E041A6F13C5D57DCD3640D1C118EE210B79
:20806000C67ED68120032B7EC93EF0C93B3B43FA0CC6B7202021F7400E0679B7280F2A5F01
:20808000E5C5D57BCD0040D1C1E10D18ED210DC63E8622AF770E10F80078227279B72827B3
:2080A000D1D51A210DC65E23562B0600835F788A732377D1D51A47C578CD0040C10DF800FC
:2080C0003420D9233418D5210CC6347ED6282023FA0DC6CD0040FA0EC6CD0040AFCD0040D8
:2080E000AFCD0040210CC63600AF210DC622773E011801AF3333C98833040080023BF800B5
:2081000077D53E0A111840CD4940D14FF800A647F8037E9028147B421BB020043EF0180BC5
:2081200079E6F02005CDBD0118D77933E133E9210CC636003E0A110E40CD4940F8065EAF77
:2081400057F5333EFFCDFD40C9E8E8F8113600F81F7ECB3FF816772A327EB7CA0B43CD2EB9
:2081600002F81E7E0E0087CB1187CB1187CB1187CB1187CB116F6119E57DF81477E17CF849
:208180001377210CC63600F8177E87F81477F8147EB7CA8E42233600F8127EF81677F81349
:2081A0007EF81777F8157ED614CA7542F8165E2356CD430D21000039E52601E533F533CD50
:2081C0004F37E804210000395D54CD6C40B72803F81134F8117ED609C26842F81136003E3B
:2081E0000A112240CD4940F81F4EAF470BF8145E16007B9120097A902005F8204E18020ED4
:208200000021CCDA71060021CDDA36E421CEDA367F216A01094D4421CFDA7922703E0E1168
:20822000C5DACD49403E02F5333E02117800CDFD404FE6F0280479C30B43AFF5333E02110B
:20824000B004CDFD404FE6F0280479C30B433E0A110E40CD4940AFF5333EFF110A00CDFD8F
:2082600040F81077B7C20B43F815342334C2A4412334C3A441F814352B2B2A5F5621200083
:2082800019E57DF81477E17CF81377C38E41F8117EB7286C3E0A112240CD4940F8207EF8FE
:2082A000177711CCDA127EF81422360021CDDA36E421CEDA367FF8142A5F56216A0119E5B0
:2082C0007DF81877E17CF8173211CFDA2A12137E123E0E11C5DACD49403E02F5333E021158
:2082E0007800CDFD404FE6F0280379181EAFF5333E0211B004CDFD404FE6F0280379180B2B
:0E8300003E0A111840CD4940F81777E818C919
:020000040000FA
:0E3A28008833020004000100E47F000000006B
:2018FC000110C60AEA15C6CD3A39EA14C6022115C6AEE60FC8FA15C62F2114C6A6E60FEA35
:03191C0016C6C923
:020000040002F8
:20012600110500D5110000D5110FC6D5CD6B39E8062115C636002114C636002116C6360038
:06014600210FC63601C9BD
:020000040000FA
:04005800FBC31F19AE
:163A4C00AF2117C60E03EF3E00EA17C6E0023E66E0013E80E002AB
:20191F00F5E5C5D50E01AFE0022117C67EFE022012F2F53336003E66E23E80E002CD062677
:20193F0033182CFE012028F2FE55360028043604180CFA19C6FE022005773E5518023E66FF
:1A195F00E23E80E0023E00EA19C63E01EA18C6D1C1E1F041E60220FAF1D96E
:20020A003E01EA17C63E01E002F8027EE0013E81E002C93E02EA17C6AFE0023E55E0013EA0
:04022A0080E002C9A5
:04005000FBC379195C
:15197900F5E5C5D5CD951CCD4726D1C1E1F041E60220FAF1D9BD
:20198E00F045D6962033FAD1C7E043FAD3C7E042FA4AFFB7280BF04AD690D0F04A3DE045A1
:2019AE00C9F04BD607200CFAD4DAB72006F040E6FDE040FAD5DAE045C9F04521D5DA9630F2
:2019CE001EF04BD6072012FAD4DAB7200CF041CB4F20FAF040E6FDE040FAD5DAE045C9F0E7
:2019EE0041CB4F20FAAFE04BF040E6DFE040FAD3DAB72006F040F602E0403E96E045C9F0F7
:201A0E0045D6962015F040E6EFE040FAD1C7E043FAD3C7E0423E47E045C9F041CB4F20FA6A
:201A2E00F040F610E0403E96E045C92117C97EE04A7ED690300FFA15C9C607E04BF040F6BE
:201A4E0020E0401809AFE04BF040E6DFE040FAD3DAB72808F040E6FDE0401806F040F60221
:151A6E00E040FA89C6EA84C6FA8FC6EA8AC6FA95C6EA90C6C9DF
:020000040002F8
:1B014C00F311361DCDBC38118E19CDBC38110D1ACDBC38F040E6EFE040FBC925
:020000040000FA
:033A3600000096F7
:020000040001F9
:2043CA003B3B210000360A2119C87EE6F077EA0040211AC63E0422AF770115446960233AFA
:2043EA006EB52824696023235D541AF80022131A77211AC62A5F56E1E5195D54211AC67BC0
:20440A0022720303030318D43333C993CB000E53CA300183CB020085CB020087CB0200899E
:20442A00CB02008BCB0100B9C52800E1C50800E9C51400FDC5080036C601003BC60200224C
:20444A00C614001FC5030077C5020037C54000B1C04404F5C40200F9C40200FFC40100011F
:20446A00C502004DDA020000000000E8F9F80222AF2222AF4F223600F8067EF80296304878
:20448A0023D52A5F56211AC62A666F19D1E57DF80577E17CF80432D52A5F56211AC62A66AB
:2044AA006F19D13333E5F800AF96233E209E3013F805347E4FD60338050100001822AFF8B9
:2044CA00032277F8063418B07912F8032A5F562100A019E57DF80777E17CF806322A4F46D9
:2044EA00E807C9E8F7F8005D54F80F7ECD754478B1CAAB45F8005E2119C87EE6F0577BE620
:20450A000FB277EA00405950FA6005F80577FA6105F80677FA6205F80777FA6305F808772E
:20452A00F8052A12132A12132A12137E1221040009E57DF80777E17CF8062236152336448C
:20454A00F8072A5F561A4F131A47B128542B2A5F5621020019E57DF80377E17CF802322A9C
:20456A005F2A571A22131A222A5F56F8032A666FE5CD2F10F8012A5F561A4F131A47F8054A
:20458A002A666F09E57DF80777E17CF806222A5F5621040019E57DF80977E17CF8087718D1
:2045AA009FE809C9E8F7F8005D54F80F7ECD7544F807792270F8083AB6CABF46F8004621DD
:2045CA0019C87EE6F04F78E60FB177EA0040F8072A4F4659501AF80322131A22131A22133F
:2045EA001A772160052A4F2A472A5F56F8037E91200F237E90200A237E932005237E922889
:20460A0004AFC3BF46F8072A5F5621040019E57DF80777E17CF806223615233644F8072A93
:20462A005F561AF80122131A773AB62856F8072A5F5621020019E57DF80577E17CF80432F9
:20464A002A5F2A571A4F131A5E23466967E54BF8032A5F56CD2F10F8032A5F2A571A4F1382
:20466A001A472A666F09E57DF80777E17CF806222A5F5621040019E57DF80977E17CF8081E
:20468A0077189AFA36C63C280EFA3BC6EA39C6FA3CC6EA3AC6181CAFE021AFE01CAFE01780
:2046AA00AFE0123EC0E0233EC0E0193EC0E0143EFFE0253E01E809C93BF8005D54F8077EC9
:2046CA00CD7544597857B1281AF800462119C87EE6F04F78E60FB177EA0040AF1213121394
:2046EA0012131233C9E8F7F8005D54F80F7ECD754478B1CA8D47F800562119C87EE6F05F20
:20470A007AE60FB377EA004069605D541AF80122131A22131A22131A77216005545DF805A7
:20472A001A22131A22131A22131A77F8017EF805962018F8027EF806962010F8037EF807FB
:20474A00962008F8047EF808962803AF1835F8133AB6282D7EF80777F8137EF80832CB266A
:20476A0023CB1603030303F8102A5E87CB13814F7B8847F8142A5F56F8072A666FE5CD2F46
:06478A00103E01E809C920
:20830E00E8F4F8142AD6ED7EDEFF563EFFCB7F2807CB7A2008BF1805CB7A280137300501EF
:20832E00EDFF182AF8142A4F465816003E13B93E0098CB7B2807CB7A2008BF1805CB7A28BD
:20834E00013730050113001805F8142A4F46F8122AD6EF7EDEFF563EFFCB7F2807CB7A20E1
:20836E0008BF1805CB7A2801373009F8003EEF2236FF1837F8127EF80A77F8137EF80B32A3
:20838E003E1196233E009E3E0057CB7E2807CB7A2008BF1805CB7A28013730051E11AF18C5
:2083AE0005F8122A5F7EF800732377F8027922702A07E60177F8007EF80577F8017EF806A1
:2083CE007769602929290929E57DF80977E17CF80877110000E1E57B955F7A9CF80A3273F1
:2083EE00F804CB46203723AF96233E009E3E0057CB7E2807CB7A2008BF1805CB7A280137A9
:20840E00381B01AD44F8072A666F094D44F8092A666F094D440A4F3E4091C3AA44F8067E42
:20842E0007E601F80B77F804CB46201BF80BCB46201501AD44F8072A666F094D44E1E509DC
:20844E004D440AC6401855AF914F9F9047696029292909294D44F802AF96233E009E3E0078
:20846E0057CB7E2807CB7A2008BF1805CB7A2801373818F80BCB46201221AD44094D44E10E
:20848E00E5094D440A4F3EC091181121AD44094D44F8092A666F094D440AC6C0E80CC9406B
:2084AE00404040404040404040404040404040404000202D333638393A3B3B3C3C3D3D3D68
:2084CE003D3D3E001320282D30333536373839393A3A3B3B3B000D1820262A2D30313334F0
:2084EE0035363737383839000A131A2025282B2D2F3032333435353637000810161B202494
:20850E0027292B2D2F30313233343400070D13181C202326282A2C2D2E3030313200060BD7
:20852E001015191D20232527292A2C2D2E2F3000050A0F13171A1D20222526282A2B2C2D28
:20854E002E0005090D1115181B1E2022242627292A2B2C0004080C101316191B1E202224E7
:20856E00252728292A0004070B0E1114171A1C1E202223252627290003070A0D1013161800
:20858E001A1C1E202223252627000306090C0F121416191B1D1E2022232425000306090BFF
:2085AE000E10131517191B1D1E20212324000305080B0D10121416181A1B1D1F20212300F8
:2085CE000305080A0C0F11131517191A1C1D1F202100020507090C0E1012141617191B1C58
:2085EE001D1F2000020507090B0D0F1113151618191B1C1E1F00020406080A0C0E10121471
:07860E001517181A1B1D1EB1
:020000040000FA
:201A8300E8FAF8027B227A22010040AF227778B12845F8047EB1F80077F8057EB0F80177DA
:201AA300F805CB3E2BCB1EF8025D54F8001A1396231A9E3818F8022A5F56E1E57B955F7AF0
:201AC3009CF803327B22237EB1227EB077CB38CB19CB38CB1918B7F8047EE806C9000306AD
:201AE300090C101316191C1F2225282B2E313336393C3F414447494C4E515355585A5C5E17
:201B030060626466686A6B6D6F70717374757678797A7A7B7C7D7D7E7E7E7F7F7F7F7F7F20
:201B23007F7E7E7E7D7D7C7B7A7A79787675747371706F6D6B6A68666462605E5C5A5855BA
:201B430053514E4C494744413F3C393633312E2B2825221F1C191613100C09060300FDFA77
:201B6300F7F4F0EDEAE7E4E1DEDBD8D5D2CFCDCAC7C4C1BFBCB9B7B4B2AFADABA8A6A4A22E
:201B8300A09E9C9A9896959391908F8D8C8B8A8887868685848383828282818181818181E4
:201BA3008182828283838485868687888A8B8C8D8F9091939596989A9C9EA0A2A4A6A8AB0A
:201BC300ADAFB2B4B7B9BCBFC1C4C7CACDCFD2D5D8DBDEE1E4E7EAEDF0F4F7FAFD00010114
:091BE3000000FFFF00804000C07B
:201BEC00B7C02120C6347EE603772121C69620082121C6347EE603773E1C2120C6864F3EF5
:201C0C00C6CE00477B02C9E8FDFA20C62121C6962874F32121C6347EE60377C61C4F3EC656
:201C2C00CE00470AF80077FB7EE6034F060069602929097DC6224F7CCEC6F8017123322A82
:201C4C00666F2323232A4F4678B1283AF8012A5F561A6F131A67B528032930ADF8002ACB28
:201C6C0037E60F5F16002A666F23237ED52601E533F8045E2356D5C5F5331E02210552CDE6
:201C8C00F839E8081883E803C9FAEAC73C2839FA3FC62137C6B64FFA38C6912808216CDA3E
:201CAC00712138C671CD2D25B7201DFA3FC6EA6CDAEA38C6216BDA36642137C63600214038
:201CCC00C6360021EAC736FFFA3EC6B7C0FA36C63CC8213DC6347EE603C0F0904F2136C61B
:201CEC007EE0907EEA0020213AC63AB6282FAFE021AFE01CAFE017AFE0123EC0E0233EC059
:201D0C00E0193EC0E0143EFFE0252A5F56FA36C6C5CDA805C1AF2139C622771805C5CD1787
:0A1D2C000AC179E09021002071C97E
:020000040002F8
:200167002136C636FF21EAC736FFAF21EBC722773E80E0263EFFE0253E77E024AFE021AFE6
:20018700E01CAFE017AFE0123EC0E0233EC0E0193EC0E0143EFFE025213DC63600213EC66A
:2001A70036002137C63600213FC636002138C63600216CDA36002140C63600C9F8067EB707
:2001C70028180E0079D6043022060069602929091122C619AF22770C18EA111400D5110088
:2001E70000D51122C6D5CD6B39E806F32121C636002120C63600FBC9FA20C62121C696281E
:200207001DF32121C6347EE60377C61C4F3EC6CE00470A4FFB79E6044779E6F0B0C9AFC925
:20022700EA3EC6B7C8AFE021AFE01CAFE017AFE0123EC0E0233EC0E0193EC0E0143EFFE0A1
:0202470025C9C7
:0E0249002143C6361B2141C63E1B223687C903
:020000040000FA
:201D36002196C62A666F2A5F2AE045B7280416001804FAD3C757F041CB4F20FA7BEA43FF2D
:1D1D56007AE042F045B7280C11040019547D2196C62272C92196C63E842236C6C9B5
:020000040002F8
:20025700111200D50165421184C6CD2F10C9000F02000200001F010202000000000410006C
:020000040000FA
:201D7300E8F7FAC4C7EAC9C7FAC5C7EACAC7AF21CBC72277F090EAC8C721CAC73AB6CAE928
:201D9300217EF80577FACAC7F806322A5F5621130019E57DF80977E17CF808322A5F561AD4
:201DB300B7205A2B2B2B2A5F56212300192A4F46F80779227021CCC73AB6280C2A5F562181
:201DD300230019792270180621C4C779227021C9C72A4F46212300094D4421C6C72A0203A9
:201DF3007E02FAC9C7EAC6C7FACAC7EAC7C7F8077EEAC9C7F8087EEACAC7C38C1D4F0DF89C
:201E1300072A666F7121C9C72A4F46211D00097E21C4DAA6203821090009347E21C9C72A86
:201E33005F56210900194D440AF80777210B00197EF80877F8072A9620146B627EE6012007
:201E530008210A00197E021805F8077E3D0221C9C72A4F46696023E57DF80777E17CF8063B
:201E7300322A5F2A571A22131A77210500092A4F46F8072A666F094D44F8052A666F792216
:201E93007021C9C72A4F4621030009E57DF80777E17CF806322A5F2A571A22131A772107AB
:201EB30000092A4F46F8072A5F567B915F7A98474BF8052A666F79227021C4DA4EFAC9C7BC
:201ED300F80077FACAC7F80177CB41C22A20D1D56B6223E57DF80777E17CF80677D1D52166
:201EF3000C0019E57DF80977E17CF80877AFF533110000D5F8085E235623D55E2356D51EA6
:201F13000121DA4ACDF839E807F806792270FAC9C7F80077FACAC7F80177F8073AB6CA2A9B
:201F3300202A5F56212F00194D440A4FD1D5212200195D541AA1CA2A20F8062A5F56212597
:201F530000194D440AF808777EB7285F2B2B2A5F56212D00194D442A666F29304ED1D521ED
:201F73002100195D541AF80022AF22792270F8062A5F5621260019E57DF80677E17CF805E5
:201F9300322A5F2A571A22131A77D1D5D53E01F533F8052A5F56D5F80B2A5F2A57D57EF52A
:201FB300331E02210552CDF839E808FAC9C7F80077FACAC7F801322A4E6F617E0FE60120CA
:201FD30056D1D5212300192A4F46F80779227021CCC73AB6280C2A5F5621230019792270AD
:201FF300180621C4C779227021C9C72A4F46212300094D4421C6C72A02037E02FAC9C7EADA
:20201300C6C7FACAC7EAC7C7F8077EEAC9C7F8087EEACAC7C38C1DD1D56B6223E57DF809C8
:2020330077E17CF808322A5F3A571A22131A77CB3E2BCB1E23CB3E2BCB1E23CB3E2BCB1EF0
:2020530023CB3E2BCB1E2A7721D1C74EF8087E91C608F80277D1D521030019E57DF809777A
:20207300E17CF808322A5F3A571A22131A77CB3E2BCB1E23CB3E2BCB1E23CB3E2BCB1E2304
:20209300CB3E2BCB1E2A7721D3C74EF8087E91C608F803323EA0963807233E9096D25021DF
:2020B300D1D521230019E57DF80977E17CF808322A5F561AF80122131A322A23322A2377EB
:2020D30021CCC73AB628277EF80577FACCC7F806322A5F5621230019E57DF80977E17CF8E0
:2020F30008322A5F56F8012A12137E12180CF8017EEAC4C7F8027EEAC5C7FAC9C7F80577E0
:20211300FACAC7F806322A5F5621230019E57DF80977E17CF808322A5F5621C6C72A121370
:202133007E12FAC9C7EAC6C7FACAC7EAC7C7F8037EEAC9C7F8047EEACAC7C38C1DD1D521DD
:202153001000194D440AE0900AEA0020D1D5211100192A4F46FA07C5F80477D1D521140060
:20217300195D541AEAC1DA030303F807792278322A5F561AF80522131A77D1D521090019F1
:20219300E57DF80977E17CF808322A5F561A6F2600294D44F8052A666F092A4F4621BFDAFD
:2021B30079227021C2DA3600F8033A472A235F507ECDF20F2107C5867721C9C72A4F4621CF
:2021D300CBC7792270212300095D541A21C9C722131A77C38C1DFAC8C7E090EA0020E80960
:2021F300C9E8FDFAC4C7EAC9C7FAC5C7EACAC7AF21CBC72277F090EAC8C721CAC73AB6CABE
:202213003E232A4F466960232A666FCB3CCB1DCB3CCB1DCB3CCB1DCB3CCB1D7D21D1C75E50
:2022330093C608F8007769602323232A666FCB3CCB1DCB3CCB1DCB3CCB1DCB3CCB1D7D2130
:20225300D3C75E93C608F801323EA0963806233E90963060212300095D541AF80122131ABE
:2022730077F8012A4F4621CCC73AB628122A5F56212300195D54F8012A12137E12180CF85D
:20229300017EEAC4C7F8027EEAC5C721C9C72A5F56212300195D5421C6C72A12137E12FA24
:2022B300C9C7EAC6C7FACAC7EAC7C721C9C7792270C30D22211000095D541AE0901AEA00DA
:2022D30020211100092A6E5F55FA07C5F80277211400097EEAC1DA6B622323232A666F791E
:2022F300C6094F3001040A4F0600CB21CB10092A4F4621BFDA79227021C2DA3600F8013A9F
:20231300472A235F507ECDF20F2107C5867721C9C72A4F4621CBC7792270212300095D5405
:162333001A21C9C722131A77C30D22FAC8C7E090EA0020E803C95A
:020000040001F9
:20479000AF21C6C72277AF21C4C722770198C679D65178DEC7D0212300095D5421C6C72A5D
:2047B00012133A12792270212500094D4418E0E8ECFAC6C7F80077FAC7C7F801773AB6CA19
:2047D000D34BF81A4E0600696029290929092909E57DF81477E17CF813771151C73A6E67C1
:2047F000194D44D1D5210C0019E57DF81377E17CF812322A5F56211700E5CD2F10F813364D
:20481000023EE0F81D9638237ED6A03806F813360318183E60F81D963006F8133600180BD9
:20483000F81D7ED6203804F8133601C1C5F81E7EE6016F0AE6FEB502C1C5F81E7E0FE6013C
:2048500007E6026F0AE6FDB502D1D5210900195D54F8117EF80277F8127EF80377D5F813DA
:204870002A5F5621090019D14D44F8137E87814F3E0088470A12D1D5210A00195D540A12E4
:20489000D1D5210B00195D54030A3C12F8112A5F56211300192A4F7EF812712377C1C50347
:2048B000F81B7EF81077F81C7EF811322A5F561AF80E22131A3259502A12137E12F804798E
:2048D0002278220303792270F8102A666F23232A4F46F8062A666F79227011E01AF81D6E59
:2048F0002600194D440AF80877F81D7EC6405F21E01A1600197EF80977F8084E79079F476B
:20491000696029092909290929092909290929094D44CB28CB19CB28CB19CB28CB19CB2857
:20493000CB19CB28CB19CB28CB19CB28CB19F8095E7B079F576B6229192919291929192929
:204950001929192919E57DF81277E17CF811327EF80A77F8117EF80B77CB2E2BCB1E23CB3C
:204970002E2BCB1E23CB2E2BCB1E23CB2E2BCB1E23CB2E2BCB1E23CB2E2BCB1E23CB2E2BDE
:20499000CB1EF8123EFF96233E009E3071F8042A5F561A6F131A675950195D7CF810732370
:2049B00077F8042A5F56F8102A12137E12F8062A5F561AF81022131A327EF80C77F8117EAE
:2049D000F80D77F80A7EF80E77F80B7EF80F322B2B2A5F2A572A666F7B955F7A9CF8113275
:2049F00073F8062A5F56F8102A12132A122A5F5621FF007B955F7A9CF81332731884AFF84D
:204A100012B6CA0E4BF8042A5F561AF81022131A222A775EF8087ECDAC0DF80E792270F821
:204A30000E7EF80B77F80F7EF80C77CB2E2BCB1E23CB2E2BCB1E23CB2E2BCB1E23CB2E2BAC
:204A5000CB1E23CB2E2BCB1E23CB2E2BCB1E23CB2E2BCB1EF8107EF80D77F8117EF80E77C7
:204A7000F80B2A4F2A472A666F094D44F8042A666F792270F8062A5F561AF81122131A2229
:204A90005EF8097ECDAC0DF80F792270F80F7EF80C77F8107EF80D77CB2E2BCB1E23CB2E66
:204AB0002BCB1E23CB2E2BCB1E23CB2E2BCB1E23CB2E2BCB1E23CB2E2BCB1E23CB2E2BCB00
:204AD0001EF8117EF80E77F8127EF80F77F80C7EF81277F80D7EF81377F80E2A5F56F812A7
:204AF0002A666F7B955F7A9CF81132732A23322A2377F8062A5F56F8122A12137E12F80271
:204B10002A5F56211200194D440AF81277F81D7EF81377D1D5210500194D4411E01AF8139D
:204B30006E2600195D541A57C5F8145E7ACDAC0D5950C1CB2ACB1BCB2ACB1BCB2ACB1BCBA1
:204B50002ACB1BCB2ACB1BCB2ACB1BCB2ACB1B69607B22720303F8137EC6405F21E01A16A7
:204B7000001956C5F8145E7ACDAC0D5950C1CB2ACB1BCB2ACB1BCB2ACB1BCB2ACB1BCB2ABC
:204B9000CB1BCB2ACB1BCB2ACB1B7B02037A0221C7C73AB628112A4F46212300095D541ABE
:204BB00021C6C722131A77D1D5212300194D4421C4C72A02037E02F8007EEAC4C7F8017E20
:064BD000EAC5C7E814C9A4
:020000040000FA
:16022E00F040CB772808180AF040CB5F2004110098C911009CC990
:020000040002F8
:20027700F8093AB7C8573A5F3A6E67C515281C444D3E20856F8C9567E5D5F041E60220FA38
:1D0297002A02031D20F4D1E11520E4E5F80E56E1F041E60220FA7A221D20F5C1C972
:020000040000FA
:20234900F0904F21E0C77ED60730034618020607FA22C5E090EA0020C5FA2BC5F53321236C
:20236900C52A5F56D53E01F533C533FADFC767FADEC76FE5CD5B24E807C121DEC77E80774B
:2023890021E0C77E907779E09021002071C947F0904FFA22C5E090EA00203E17212BC59616
:2023A900300416171804212BC556C5FA2BC5F5332123C56EFA24C567E53E01F533D5C5337F
:2023C900CD5B24E807C179E09021002071C947F0904FFA22C5E090EA0020C5FA2BC5F5334C
:2023E9002123C56EFA24C567E5F8077EF5331601D5C533CD5B24E807C179E090210020710E
:20240900E133E9F0904F21DDC77ED60730034618020607FA22C5E09021002077E09077C572
:20242900FA2BC5F5332123C52A5F56D50E01C5FADCC767FADBC76FE5CD5B24E807C121DC03
:12244900C77E807721DDC77E907779E09021002071C997
:020000040001F9
:20094D00AF21D1C72277AF21D3C72277AF21D5C72277AF21D7C7227721D9C7360021DAC7C1
:20096D0036001E04217749C3F83921E0C7360021DDC7360021CDC73EFF22367F21CFC73E86
:20098D00FF22367F21C4DA3600C93B3B2113C52AC6B04F7ECEFF472115C52AC6B85F7ECE78
:2009AD00FF57CB78280501000018183333C5D511D5C7F8021A1396231A9ED1300621D5C72A
:2009CD002A4F46CB7A280511000018183333D5D511D7C7F8021A1396231A9ED1300621D742
:2009ED00C72A5F56FACDC7EAE5C7FACEC721E6C777CB2E2BCB1E23CB2E2BCB1E23CB2E2BC8
:200A0D00CB1EFACFC7EAE1C7FAD0C721E2C777CB2E2BCB1E23CB2E2BCB1E23CB2E2BCB1E7F
:200A2D0021E7C7792270CB2E2BCB1E23CB2E2BCB1E23CB2E2BCB1E21E3C77B2272CB2E2B64
:200A4D00CB1E23CB2E2BCB1E23CB2E2BCB1E21CDC779227021CFC77B2272FAD9C7F8002206
:200A6D00079F77E1E5097DEAD1C77CEAD2C7FADAC74F079F47798321D3C722788A771184C1
:200A8D00C6CDA84AB72011118AC6CDA84AB720081190C63333C3A84A3333C9E8F1F80D7BD3
:200AAD00227A322A4F46030AF80A77F80D2A5F5621050019E57DF80D77E17CF80C222A5F09
:200ACD0056210300193333E5F80A7EB7CA174CF80D2A4F4603030A4FD67F2007AFF805225A
:200AED00771830CB792817AF914721D1C72A4E04180387CB110520FAF8052271181521D19F
:200B0D00C72A475E0C1804CB2BCB180D20F9F805782273F8054EF80B2A666F71F8052A4FCD
:200B2D002A47CB38CB19CB38CB19CB38CB197121E7C72A4F460BF8072A77F80D2A5F5621D3
:200B4D00040019E57DF80B77E17CF80A7721E5C77E91201E237E902019F8082AC6154F2AB7
:200B6D005F561A47D1D51A6FC55D3379CDD723C3134C21E7C72A5F566B6223E57DF80D77F0
:200B8D00E17CF80C77FAE5C7F80B96204EFAE6C7F80C962046F8077EF80B22AF322A5F56BA
:200BAD002101007B955F7A9CF807327B22CB7E2807AFF80B2277180CF8087E3DF80C773A5C
:200BCD0022079F77F80B3A2B4F2A5F561A47D1D51A6FC55D3379CDD723182BFAE5C721E71D
:200BED00C7962009FAE6C721E8C7962819F8092A5F561A47D1D51AC533F533010000F807F3
:200C0D002A5F56CD514FAFC33E4F21D1C74EF80B2A666F7121E7C72A5F562101007B955FC3
:200C2D007A9CF80B3273FAE7C7F80C7721E3C72A5F562101007B955F7A9CF8033273FAE3F8
:200C4D00C73DF804322A2307E601322A2322079F77FAE5C7F80A96C20A4DFAE6C7F80B96C5
:200C6D00C20A4DF80C7EC615F80822D1D51A772A23223600F80B5D54F8021A1396231A9EA7
:200C8D001A57CB7E2807CB7A2008BF1805CB7A2801373E0017F80A77B7280CF8027EF80B3C
:200CAD0077F8037EF80C77F80CCB7E28062BAF2277181BF80A7EB72808F8047EF80C771827
:200CCD0006F8097EF80C77F80C3A22079F77F80B4EF8057EB728051100001804F8062A5F26
:200CED0043C559F80A7ECD0950C1C533F8097EF5331E01210144CDF839E1C30D4E21E7C72F
:200D0D002A4F460321E5C77E91C2D34D237E90C2D34DF80BCB7E28040E001806F80C7E3DD0
:200D2D004F07F8087922D1D51A772A23223600F80B5D54F8021A1396231A9E1A57CB7E28AB
:200D4D0007CB7A2008BF1805CB7A2801373E0017F80A77B7280CF8027EF80B77F8037EF875
:200D6D000C77F80CCB7E28062BAF2277181BF80A7EB72808F8047EF80C771806F8097EF8D1
:200D8D000C77F80C3A22079F77F80B2A77F8057EB72807AFF80A2277180CF8067EF80A77DE
:200DAD00F8077EF80B77F80A2A225EF8087ECD0950F80B7EF533F8097EF5331E012101440A
:200DCD00CDF839E1183AFAE5C721E7C7962009FAE6C721E8C79628282136C57E3D2005D177
:200DED00D51A18023EFF2615E533F53321D3C72A4F4621D1C72A5F56CD514F3E01C33E4F17
:200E0D0021E3C72A5F562101007B955F7A9CF808327321E7C72A4F3A470B5EFAE3C7F809F8
:200E2D00777B3DF80C322B7807E60122233A22079F77FAE1C7F807962037FAE2C7F808962A
:200E4D00202FF80A7EB7280423AF2277F80B2A77F8092A23C613772A5F7ECDE74FF80B2AEF
:200E6D00F5337EF5331E01210A43CDF839E1C3244F21E3C72A4F460321E1C77E91205F23EE
:200E8D007E90205AF80A7EB7280423AF2277F80B2A32D1D51A77F805223600F8075D54F85C
:200EAD00051A1396231A9E1A57CB7E2807CB7A2008BF1805CB7A2801373806F8092A233DE2
:200ECD0077F80B2A47C5587ECDE74FC1C533F80D7EF5331E01210A43CDF839E11839FAE180
:200EED00C721E3C7962009FAE2C721E4C79628272136C57E3D2005D1D51A18023EFF2615F2
:200F0D00E533F53321D3C72A4F4621D1C72A5F56CD514F3E01181AFAC4DA0F3812FADDC705
:200F2D00B72803CD0C24FAE0C7B72803CD49233E01E80FC91E04217749CDF8391E0421972F
:200F4D0049C3F839E8FCF80279227021E0C7360021DDC736003333D5F801CB2E2BCB1E2301
:200F6D00CB2E2BCB1E23CB2E2BCB1EC1C50BCB7828040E001806F8007E3D4F07F80179225E
:200F8D002A4F46CB28CB19CB28CB19CB28CB19F8067E5F079F576B6209CB7C28040E0018B9
:200FAD000679F806864F07410E00F8077E912825FA2CC590281FC558F8037ECD9723C1C5BC
:200FCD00C533F8047EF5331E01210A43CDF839E1C10C0418D5E804E1F1E957FAE0C7B728C2
:200FED0007D5CD4923D118F37B212CC596D021DEC77221DFC77321E0C73617C9474BFADD47
:20100D00C7B72807C5CD0C24C118F321DBC77021DCC771FA2CC50600591600936F789A4765
:20102D005816003E15BD3E0098CB7B2807CB7A2008BF1805CB7A28013730043E151804FA4F
:07104D002CC591EADDC7C9C3
:020000040000FA
:013A3900008C
:20245B00F8022A474EF8087EF80496EAE9C78616005F79210000CB3F300119CB23CB12B793
:20247B0020F478856F8C9567545DF8062A666F19444DF8022AE61F577EE61F5FF8053A66E2
:20249B006F1836F8022A4F2A47F090F52AE090EA00202A232396EAE9C72B2B2AE61F572AC1
:2024BB00E61F5F2A6E67CDCB24F1E090EA0020C9E5F040CB772809180CE5F040CB5F20059E
:2024DB00210098180321009CC5CB33CB037BE60384473EE0A3824FE1D1D5C5F041E6022079
:2024FB00FAFAD6DA86022379E6E05F793CE61FB34F1520E7FAE9C7856F8C9567C1D11DC85F
:12251B00D578E6FC5F3E20814F8891E603B347C518C950
:20252D0021EBC72A5FB6C85621EDC7AFB6280235C9626BF0905FFAEAC73CC83DE090EA000A
:20254D0020160F7ECB37A2EAEDC72AA257CAF5252A47E607FE053862FE072858F0254FE698
:20256D00BBE025AFEA1AFF2AE0302AE0312AE0322AE0332AE0342AE0352AE0362AE0372AC6
:20258D00E0382AE0392AE03A2AE03B2AE03C2AE03D2AE03E2AE03F78FE0620133E80E01AC5
:2025AD003EFEE01B3E20E01CAFE01D3EC7E01E79E025183021000055182F4F878781C61097
:2025CD004FCB2030022AE20CCB2030022AE20CCB2030022AE20CCB2030022AE20CCB2030B0
:1925ED00022AE20C15C25D25147DEAEBC77CEAECC77BE090EA00207AC9E4
:020000040001F9
:20C18500E8EAF8004D445950211400E56CE5D5CD6B39E8063EB902F8013601C5CD580FE1F4
:20C1A5003EE4E0493EE4E0483EE4E047AFE042AFE043F040F81477F040E6FDE040F040E6FD
:20C1C500DFE040F040F601E040F040F680E0401100007AD60E282721000039AFFE14280647
:20C1E50073231C3C18F6D521020039E5211401E5D533AFF533CD123AE806D11418D45950AD
:20C20500211400E56CE5D5CD6B39E806F81EAF96233E209E30051100001819F81E2A5F5694
:20C22500CB3ACB1BCB3ACB1BCB3ACB1BCB3ACB1BCB3ACB1BF815737EB728053E8096306696
:20C24500C5F8227EF533F81F2A5F56D5AF0FF5CD9214E805C13E9902F8013600C5CD580FB4
:20C26500E1F8157EB728047EC68077F81C2A5F5621001019E57DF81E77E17CF81D77F8150D
:20C285007E87C5F82266E533F81F5E2356D5672E00E5CD9214E805C13E9902F8013601C50B
:20C2A500CD580FE11826F8157E87C5F82266E533F81F5E2356D5672E00E5CD9214E805C159
:20C2C5003E9902F8013600C5CD580FE1F8232A5F2A57CB3ACB1BCB3ACB1BCB3ACB1BCB3A8C
:20C2E500CB1B7BC566E533F8245E2356D5672E00E5CD9214E805C1F8282A5F2A57CB3ACB38
:20C305001BCB3ACB1BCB3ACB1BCB3ACB1B7BC566E533F8295E2356D5672E80E5CD9214E85C
:20C3250005C13EA102F8013600C5CD580FE1F8147EE0405950211000E56CE5D5CD6B39E860
:20C3450006C5AF3CF5CDF737E804AF672E12E53E14F533AF0FF5CD1839E8053EB902F801E1
:0AC365003600C5CD580FE1E816C9F7
:020000040000FA
:20260600210FC87EB72829352110C82A4F46F8027E022110C83420022334210FC87EB7C23A
:202626001D022110C836EF2336C72112C83601C9F8027EEA0FC82110C836EF2336C7C31DE5
:2026460002FA17C6D604201F21EEC736002113C83600210FC836002110C836EF2336C721B7
:2026660017C636001E00C9FA18C6B72838FA13C8B7282D2118C63600FA13C83D20052119E4
:20268600C636022114C86EFA15C867462114C83420022334C533CD0A02332113C83518054B
:0826A6002116C836011E01C90E
:020000040002F8
:2002B40021EEC73600210FC8360001EFC72110C87922702112C836002113C836002114C8D5
:0902D4007922702116C83600C918
:020000040000FA
:200244002184051803219605FA35C55F8783856F8C9567F090F52AE090EA00202A666FE741
:07026400F1E090EA0020C95F
:020000040001F9
:204BD6002112C936002113C936002114C936FFC9011AC8F8065EAF6B67292929095D542148
:204BF6000700197E0FD0210400194D44210500192A666F0A47110100D53E01F53311000065
:204C1600D5E5C5331E02210552CDF839E808C9F8087EB720142B2B7E2112C996200BF80784
:204C36007E2113C9962002AFC9F8073A577E5FD51E0521D84ECDF839E147F8067EEA12C9A0
:204C5600F8077EEA13C9783C280EC5331E0521E64BCDF839333E01C9AFC9E8F6F8127EF895
:204C76000877F8137EF809322A5F561A4F131A475950CB3ACB1BCB3ACB1BCB3ACB1BCB3AB8
:204C9600CB1BF8102A4F460A6F079F6719CB3CCB1DCB3CCB1DCB3CCB1DE57DF80277E169C8
:204CB60060237E6F079F67195D54CB3ACB1BCB3ACB1BCB3ACB1BF80173F8082A666F232325
:204CD6002A665F54CB3ACB1BCB3ACB1BCB3ACB1BCB3ACB1B696023237E6F079F6719CB3CA6
:204CF600CB1DCB3CCB1DCB3CCB1DE57DF80477E10303030A6F079F67194D44CB38CB19CB37
:204D160038CB19CB38CB19F803792236000E00FAD7DA9128676926002929295D54211AC817
:204D360019E57DF80777E17CF806322A5F2A571A47322B2A5F2A2357131A5F73F8052A665E
:204D56006F23237E803DF80977F8052A666F2323237E834705F8097EF800963819237EF82C
:204D76000796381278F80296380C237EF808963805F8047E18080CF8047118933EFFE80A89
:204D9600C9E8FCF80C5E2356D5F80C5E2356D51E0521704CCDF839E804F800770E00FA147B
:204DB600C9F800963E012801AFF80177F80E7EB7200AF8017EB72804AFC3D54EF8007E3CF9
:204DD6003E012801AF5FF8002A2347AFCB208FCB208FCB208F702377FA14C93CCA8B4E7B63
:204DF600B72007F801CB46C28B4ECB43203D111AC8F8022A666F195D54210700197E0F30FB
:204E16002A210400194D44210500192A6E5F550A010100C52601E533010000C5D5F5331E07
:204E360002210552CDF839E8080E01111AC82114C96EAF67292929195D5421070019CB4ED1
:204E5600282A210400194D44210500192A666F0A47110200D53E01F533110000D5E5C5337A
:204E76001E02210552CDF839E8080E01F8007EEA14C979184AF8007EEA14C9CB43203F11B4
:204E96001AC8F8022A666F195D54210700197E0F302C210400194D44210500192A666F0A16
:204EB60047110100D53E01F533110000D5E5C5331E02210552CDF839E8083E011801AFE80F
:204ED60004C9E8F8F80036000E00FAD7DA91CA644F69AF672929297DC61A5F7CCEC8571AE1
:204EF600476B62237EF801776B6223237E803DF802321313131A8623233D77F80E5E1600B0
:204F160013F8047B227A2278223600F8045D54F8061A1396231A9E1A57CB7E2807CB7A20CC
:204F360008BF1805CB7A280137381CF8027EF80E963814237EF80196380D23237EF80F9648
:134F56003805F8007E18090CF80071C3E04E3EFFE808C918
:020000040000FA
:013A3A00008B
:2055A30021E0DF11F0DF1A22131A22131A22131A22131A22131A22131A22131A22131A2274
:2055C300131A22131A22131A22131A22131A22131A22131A2213FA23C922222222222222B8
:2055E300222222222222222222C9F8022AB711FFFFC85F7ACB3F1D20FB5E1C1804371FCB29
:205603001A1D20F95FC9F8022AB711FFFFC85F7ACB271D20FB5E1C18043717CB121D20F963
:025623005FC95D
:20026B0000000103070F1F3FF806F090F53AE090EA00203A573A5F3A6E673E08F51A4FFAFD
:20028B0030CAA94F131A47FA30CAA84713FA2FCACB272834381ACB3FCB3F3004CB39CB3815
:2002AB00B72825CB39CB38CB39CB383D20F51818CB3FCB3F3004CB21CB20B7280BCB21CBDF
:2002CB0020CB21CB203D20F5FA2ECAA677FA2ECA2FA1B622FA2ECAA677FA2ECA2FA0B62279
:2002EB00F13D2098F1E090EA0020C9F8053A4F3A5F3A6E6779B72824F041E60220FA7B225F
:1D030B000D28191C4105280CF041E60220FA7B220D0520F41CF041E60220FA73C970
:2026AE000E00FA17C92118C99628363E6B2119C9864F3E02CE00470A21C4DAA62021FA1995
:2026CE00C9B70E0228020E01FA17C92118C99630082117C97E817718062117C97E91770E4F
:2026EE0001FA15C92116C99628363E6B2119C9864F3E02CE00470A21C4DAA62021FA19C99D
:20270E00B70E0228020E01FA15C92116C99630082115C97E817718062115C97E91770E01DE
:20272E0079B7C0FA1AC9B7C0FA21C9B72818FA15C606002F4F782FFA14C6A1E63028072191
:20274E0022C936011808FAC4DA211BC9A6C01E0121F459CDF8394FFA22C9B72006FA20C9A7
:20276E00B72006FA1AC9B728E579B7C8FA44CA3CC82143CA4E2145CA2A5F562144CA463E8B
:20278E00042140C696D821EAC736FF2140C63604FA37C66F0F3007AFE0123EC0E014CB4DD3
:2027AE002807AFE0173EC0E019CB552803AFE01CCB5D2807AFE0213EC0E0233EFFE02521DE
:1827CE0037C67121EAC736FF21EDC7360021EBC77B227221EAC770C986
:205625002131CA3600213BCA3600016E050AEA3ACA216F052A4F46FA3ACAF533110800D5E3
:205645001132CACD3E15211DC93600211EC93600211FC936002121C936012123C93600AF2A
:205665002123CA2277212DCA36002129CA36CC212ACA3600212BCA36CC212CCA3600211831
:20568500C936902117C936902116C936002115C936002119C93601211AC936012120C9368F
:2056A50001211BC93600CD2E02213CCA7B2272212100194D7C2127CA7123772125CA712391
:2056C50077CD2E02213ECA7B22722140CA36142141CA36082142CA36C92144CA36FF1E018B
:2056E50021EC56CDF839C90608C533115E56D53E09BFF5CD9214E8050608C533110E56D530
:2057050021CB01E5CD9214E80501E0DF5950211000E56CE5D5CD6B39E806C521C901E5CDEC
:20572500F737E8045950211000E52EFFE5D5CD6B39E806C521CA01E5CDF737E804C9F809FE
:205745007EB7C8CD2E02F8074EAF69672929292929194D44F8066E2600094D445950C5F875
:205765000A7EBFF5D5CDF602E804C1F80935C83E01F8099630255E1D7BB7281F212000093A
:205785004D447950C5D5F80C66E53326C3E5335FD5CDF602E804D1C11D18DD212000094D6D
:2057A50044F808662EC6E5C5CDF602E804C9FA2DCAB72814FA2ACAEA2CCAFA29CAEA2BCAA4
:2057C5002129CA34200236CC212DCA36002123C94E0600112000D5C511E0DFD5CD6B39E8E0
:2057E50006C9F8067EEA29CAEA2BCAF8077EEA2ACAEA2CCA212DCA36002123C94E060011A2
:205805002000D5C511E0DFD5CD6B39E806C9E8FD4FFA32CA0F3019213ACA462134CA2A6660
:205825006F1133CA1AA1855F3E008C5778CD24152138CA2A46692600292929295D546F6062
:2058450019E57DF80377E17CF802772132CA46FA3ACAF80077CB48CAA559CB502805FA2378
:20586500C91801AFEA30CA2136CA2A46815F78CE0057F8007ECD241541FA31CAB7205BFAC2
:205885002DCAEA2FCAC5FA2DCA47C5CDED55E1C1212ECA73C5D5FA3ACAF533F8062A666F6D
:2058A500E521E0DFE5CD7302E805D1C1212DCA7E814F3E08B9D2485996F680EA2FCA212E62
:2058C500CA72C5FA3ACAF533F8042A5F56D511F0DFD5CD7302E805C118693E08212DCA96D2
:2058E5005F799330047B9118047993CBFFEA2FCAC5FA2DCAF533C533CD0956E1C1212ECA66
:2059050073C5D5FA3ACAF533F8062A666FE521E0DFE5CD7302E805D1C1FA2DCA804F3E08E1
:205925009130203E1091EA2FCA212ECA72C5FA3ACAF533F8042A5F56D511F0DFD5CD7302A2
:20594500E805C1212DCA7E807711E0DFD53E01F533FA29CAF533CDF737E8043E07212DCAA2
:2059650096303ACDA355212DCA7EC6F877FA2ACAEA2CCAFA29CAEA2BCA2129CA3420023658
:20598500CCFA2DCAB7281211E0DFD53E01F533FA29CAF533CDF737E8043E01184FAF184C93
:2059A500FA2DCAB72814FA2ACAEA2CCAFA29CAEA2BCA2129CA34200236CCF8002AF5332A84
:2059C5005F56D53E01F533FA29CAF533CD9214E805FA2ACAEA2CCAFA29CAEA2BCA2129CAAE
:2059E50034200236CC212DCA36003E01E803C93BFA22C9B7200C211CC97EB7280535AFC3F7
:205A0500295E2124CA3AB6206C3E6B2120C9864F3E02CE00470AEA1BC9FA3BCAEA49CAFAC4
:205A250023C9EA4ACAFA31CAEA4BCAFA21C9EA4CCAFA20C9EA4DCA2123CA36242336C9FA37
:205A45001DC90F382DFA3CCAC621EA27CAFA3DCACE00EA28CAFA31CA3D200B2127CA7EC6C7
:205A650011227ECE0077FA27CAEA25CAFA28CAEA26CACDB3572123CA6EFA24CA674E3E0D66
:205A850091DAC55D060021925A090909E9C3BC5AC3105BC3345BC3965BC3E95BC3BD5DC3A9
:205AA5006C5CC3D15CC3EE5CC31D5EC30B5DC32F5DC3C55DC3465DAF2123CA2277211AC9BF
:205AC5003601FA3BCA2149CA962824213BCA4E060069602909016E05097EE5EA3ACAE1232E
:205AE5004E2346F533110800D51132CACD3E15FA4ACAEA23C9FA4BCAEA31CAFA4CCAEA21B4
:205B0500C9FA4DCAEA20C9AFC3295E2123CA34200223342123CA2A4F460A3DE607EA20C94B
:205B2500C66B4F3E02CE00470AEA1BC9C31D5E2123CA34200223342123CA2A4F460A3D2185
:205B450049CA774E060069602909016E05094D44FA32CAF800770AEA3ACA6960234E234659
:205B6500F533110800D51132CACD3E15212DCA7EB7CA1D5EE5F802CB4EE1CA1D5EFA32CA37
:205B8500CB4FC21D5E2125CA34C21D5E2334C31D5E2123CA34200223342123CA6EFA24CA74
:205BA500674E06000B79213CCA86234F788E472123CA34200223342123CA6EFA24CA676E41
:205BC50026002B2929292929094D7C2127CA7123772125CA712377FA2DCAB7CA1D5ECDB32B
:205BE50057C31D5E2123CA34200223342123CA6EFA24CA674E59AF5791CB7B2807CB7A206D
:205C050008BF1805CB7A28013730010D2123CA34200223342123CA6EFA24CA676E5DAF5761
:205C250095CB7B2807CB7A2008BF1805CB7A28013730012D79079F477D079F672929292975
:205C450029094D44792125CA86234F788E472127CA7922702125CA792270FA2DCAB7CA1DE7
:205C65005ECDB357C31D5E2122C97EB728083600FA14C6EA15C62121C936002123CA3420C9
:205C8500022334FA20C9B7CA1D5EFA15C606002F4F782F47FA14C61E00A14F7BA0472123F8
:205CA500CA2A5F561A1E00A14F7BA0B1280FFA4CCAEA21C9FA14C6EA15C6C31D5E2123CA42
:205CC5002A5F3A571B7B2272AFC3295E2123CA34200223342123CA2A4F460A0F3003AF18E7
:205CE500023EFFEA23C9C31D5E2123CA34200223342123CA2A4F460A0F3003AF18023E0170
:205D0500EA31CAC31D5E2127CA2AC6204F7ECE00472125CA7922702127CA792270FA2DCA2E
:205D2500B7CA1D5ECDB357C31D5E2123CA34200223342123CA2A4F460AE607EA48CAC31DF2
:205D45005E2125CA2AC6204F7ECE0047213ECA2A5F562141CA6EAF672929292929197DE6DD
:205D6500E06F2B7D917C98302DFA42CA67FA41CA6FE5FA40CAF533213ECA5E2356D51E0838
:205D8500217742CDF839E805FA27CAEA25CAFA28CAEA26CA18172127CA2AC6204F7ECE00C3
:205DA500472125CA7922702127CA792270FA2DCAB72865CDB35718602123CA342002233420
:205DC5002123CA6EFA24CA677ECD1358B72829212BCA4E2125CA2A5F5679CDEE0DFA31CAAC
:205DE500B7200A2125CA34200F2334180B2125CA2A5F3A571B7B2272FA2DCAB7280E212954
:205E0500CA4E2125CA2A5F5679CDEE0D2123CA34200223343E01180C2123CA34C27A5A231C
:205E250034C37A5A33C9E8F4F8157EF80877E5CB56E12805F8177E18023E01F809772A23F9
:205E4500777EF800223600D1D52101007B955F7A9CF80B327B222B2A4F4669602909293398
:205E650033E5F8122A5F56E1E519E57DF80C77E17CF80B77F8147EF533110600D5F80D2ABC
:205E85004F46210500395D54CD3E15F8033A477E26CB68E5F533CDF70DE803F8082A23E6E9
:205EA50002223600CDFC18CDAE260EC0F09291200721DBDA36DF180521DBDA36C02107C538
:205EC5003600CD14161E04219749CDF839CD9F10CDF4211E28FA07C5CD7A0DFADBDAE09290
:205EE50021C4DA34CDBD01FA15C60E002F5F792F57FA14C60E00A35F79A257CB532805F816
:205F0500064E1847CB5B2805F8074E183ECB4B2805F8044E1835CB432805F8054E182CCB64
:205F2500632819F8167EF80996200CF8087EE6014FB72803AF186CF8097E1867CB6BCAA9F9
:205F45005EAFF80AB6CAA95EAF185879B7CAA95EF80971F8033A4626C4E533F533C533CDAA
:205F6500F70DE803060069602909294D44F8122A666F094D4479C6FA4F78CEFF47F8147E31
:205F8500F533110600D5210500395D54CD3E15F8033A4626CBE533F533C533CDF70DE80358
:205FA500C3A95EE80CC93BF8074E79E601F800770600F8007EB72814FA15C92116C9962001
:205FC50009FA17C92118C99628020601CB492808FA1AC9B7200206012115C65E160021146A
:205FE500C66E26007B2F5F7A2F577DA35F7CA2CB512806CB6320020601CB592806CB6B2053
:20600500020601CB612805B32002060178B7284EC5CDAE26C11EC0F09293200721DBDA364B
:20602500DF180521DBDA36C02107C53600C5CD14161E04219749CDF839CD9F10CDF4211E17
:2060450028FA07C5CD7A0DC1FADBDAE09221C4DA34CDBD01C5CDFC18C178B7C2B55F33C931
:053A6200214ECA3600F0
:20606500E8E5F8217EF80277F8227EF803322A5F56211000193601F8232A4F46CB21CB1080
:20608500CB7E281EF8022A5F5621080019E57DF81B77E17CF81A322A5F561A6F131A6709BF
:2060A50018042193CB097D4CF81922793201B1C02A5F561A5F16006B6229192929192929E4
:2060C500094D7CF8047123322B2B2A5F5621120019E57DF80877E17CF807322A5F3A2B2B26
:2060E500571A4F2A5F566B6223E57DF80A77E17CF80977F8192A5F5621060019E57DF80CC6
:2061050077E17CF80B77F8192A5F5621020019E57DF80E77E17CF80D77F8042A5F56210646
:206125000019E57DF81077E17CF80F77F8192A5F5621040019E57DF81277E17CF81177F89F
:20614500082A5F5621020019E57DF81477E17CF8137779B7C28E64F8042A4F3A470AE6BFCA
:20616500025E2356D51E01212346CDF839E1F8082A5F561A4F131A4779E6F04F3A6E677902
:206185002270F8122A5F561A4F131A4779E6F04F3A6E67792270F80A2A5F561ACB57280D98
:2061A500F8062A5F561AF6034F3A6E6771F80A2A5F561A4FF8062A5F561AF81A77CB41281D
:2061C5000DF81A4ECBC1F8062A666F71180BF81A4ECBC9F8062A666F71F80A2A5F561AF8DB
:2061E5001877E5CB4EE1CAA763F8122A5F561AF81922131A77F8082A5F561A4F131AF80011
:20620500712377F8197EF81577F81A7EF81677E52323CB46E1CAD762F80C2A5F561A4F13C7
:206225001A475950F8007E932005237E922836F8007B96237A9E30043E0118023E02F53357
:20624500C5F8115E2356D5F81A5E2356D5F8075E2356D51E0121854DCDF839E809F80C2A27
:20626500666F792270F8122A5F3A2B2B571A4F131A472A5F561AF81722131A22792270F866
:20628500172A4F2A477E912006237E90CAA763F819799623789E3004060318020604F80C00
:2062A5002A5F561A4F131AC533F8185E2356D5F8115E2356D5F81E5E2356D547C51E0121ED
:2062C500854DCDF839E809F8102A666F792270C3A763F8102A5F561AF81722131A322A233B
:2062E500322A2377F8157EF819962008F8167EF81A962840F8195D54F8151A1396231A9E40
:2063050030043E0318023E04F533F8185E2356D5F8115E2356D5F81A5E2356D5F8075E23D0
:2063250056D51E0121854DCDF839E809F8102A666F792270F8082A5F561A4F131A47F80C5A
:206345002A5F561AF81622131A22792270F8162A4F2A477E912005237E902846F8187996CB
:2063650023789E30043E0118023E02F81A77F8102A5F561A4F131A47F81A7EF533F8175EA0
:206385002356D5F8115E2356D5C5F81F5E2356D51E0121854DCDF839E809F80C2A666F79F0
:2063A5002270F8082A5F561AF81522131A77F80C2A5F561A4F131A47F8157EF818322B7E44
:2063C500F81977F8062A5F561AF81A322B7E912005237E90280DF81A4ECBF1F8062A666F17
:2063E50071180BF81A4ECBC9F8062A666F71F8122A5F2A23571A22131A77F8102A5F561A8A
:206405004F131A47F8157EF818322B7EF81977F8062A5F561AF81A322B7E912005237E90EB
:20642500280DF81A4ECBF9F8062A666F71180BF81A4ECBC1F8062A666F71F8082A5F561A1A
:206445004F131A47F80C2A5F561A6F131A677D917C98300DF8062A5F561AF6044F3A6E67C6
:2064650071F8122A5F3A2B2B571A4F131A472A5F561A6F131A677D917C98300DF8062A5F6D
:20648500561AF6084F3A6E6771F8042A4E6F617E0707D24165F8082A5F561AF81722131A1B
:2064A50077F80C2A5F561A4F131AF8175E235623477BE68022727B917A98301CF8177EE645
:2064C5007F2815F8192A5F56218000194D44F80C2A666F792270180CF80C2A5F56F8192A70
:2064E50012137E12F8122A5F561AF81722131A77F8102A5F561A4F131AF8175E235623473D
:206505007BE68022727B917A98301CF8177EE67F2815F8192A5F56218000194D44F8102AFB
:20652500666F792270180CF8102A5F56F8192A12137E12F8042A4F460AE6BF02F8062A5F88
:20654500561AF81A77E6414FF8042A5F56210F0019E57DF81677E17CF8157779D641C24940
:2065650067E5F81CCB56E13E0320023E01EA4ECAF8142A5F2A571A77FA4ECAF81777F808D1
:206585002A4F46F8172A2259501A22131A77F8175EAF6B672911E01B1956C5F8185E7ACD47
:2065A500AC0D5950C1F8192A666F195D5469607B2272030359501AF81922131A322B5EAF6E
:2065C5006B672911E01B192356C5F8185E7ACDAC0D5950C1F8192A666F195D547B02037AAC
:2065E50002F80A2A5F561ACB4FCAAB66AFF533F8055E2356D5F80B5E2356D5F8135E235693
:20660500D51E0121DA4ACDF839E80778B1CAAB66F8142A5F561AF81A77FA4ECAC602E603FA
:20662500F81977F8082A4F46F8197EF815222359501A22131A225EAF6B672911E01B195676
:20664500C5F81C5E7ACDAC0D5950C1F8172A666F195D5469607B22720303F816792278328B
:206665002A5F2A571A22131A77F8154EAF69672911E01B19234EF81A5E79CDAC0DF8182AE9
:20668500666F094D44F8162A666F792270F8062A666F3600F8045E2356D51E0121F545CD4C
:2066A500F839E1C3FE69F8062A5F561ACB672022F6104FF8062A666F713E01F533FA4ECAF2
:2066C500F533F8065E2356D51E01215446CDF839E804FA4ECAD6032023F8082A5F561AF800
:2066E5001922131A77F80C2A5F561A4F131A47F8192A5F5669607D937C9A3029FA4ECA3D6F
:206705002042F8082A5F561AF81922131A77F80C2A5F561A4F131A47F8192A5F5669607B4E
:20672500957A9C381FF8082A666F792270F8062A5F561AF6024F3A6E677977E6BE4FF8061A
:206745002A666F71F8062A5F561A4FE682D682C2C369CB593E022001AFEA4ECAF8142A5F05
:206765002A571A77FA4ECAF81777F8082A4F46F8172A2259501A22131A77F8175EAF6B67D9
:206785002911E01B1956C5F8185E7ACDAC0D5950C1F8192A666F195D5469607B22720303FB
:2067A50059501AF81922131A322B5EAF6B672911E01B192356C5F8185E7ACDAC0D5950C111
:2067C500F8192A666F195D547B02037A02F80A2A5F561ACB4FCA2569AFF533F8055E2356C6
:2067E500D5F80B5E2356D5F8135E2356D51E0121DA4ACDF839E80778B1CA2569F8142A5FF2
:20680500561AF81A77FA4ECAC602E6034FF8087EF81877F8097EF81977F81171F8182A5F49
:20682500561AF81222131A77F8167922AF323A2B22AF32CB2623CB162B2A5F5621E01B19ED
:20684500E57DF81877E17CF817322A5F561A77F81A5EF8177ECDAC0DF816792270F8163A58
:206865002B77F8173A2B322A5F56F8122A666F19E57DF81877E17CF817222A5F56F8162A3C
:2068850012132A122A5F5621020019E57DF81877E17CF817322A5F561AF81422131A77F82D
:2068A500117EF81822AF32CB2623CB1611E01B3A6E6719E57DF81477E17CF813322A5F56AA
:2068C5006B6223E57DF81A77E17CF819322A5F561A223A5F7ECDAC0DF819792270F8197ED5
:2068E500F81277F81A7EF813322A5F2A572A666F19E57DF81B77E17CF81A77F8162A5F2A90
:2069050023572A12137E12F8062A666F3600F8045E2356D51E0121F545CDF839E1C3FE69BB
:20692500F8062A5F561ACB6F2022F6204FF8062A666F713E01F533FA4ECAF533F8065E23EC
:2069450056D51E01215446CDF839E804FA4ECAD6022023F8122A5F561AF81922131A77F844
:20696500102A5F561A4F131A47F8192A5F5669607D937C9A3029FA4ECAB72042F8122A5F50
:20698500561AF81922131A77F8102A5F561A4F131A47F8192A5F5669607B957A9C381FF8B9
:2069A500122A666F792270F8062A5F561AF6014F3A6E677977E67D4FF8062A666F71F8065C
:2069C5002A5F561AE6C02018F8062A666F3600F8045E2356D51E0121F545CDF839E1181976
:2069E500F8022A5F3A571A4F131A4779C6FD4F78CEFF472A666F712370E81BC9F8082A4F42
:206A050046CB21CB10CB7E280FF8062A5F56210800192A666F0918042193CB094D440A4F2F
:206A2500060069602909292909292911B1C019CBF6C9F8082A4F46CB21CB10CB7E280FF880
:206A4500062A5F56210800192A666F0918042193CB095D5401B1C01A5F16006B6229192974
:206A650029192929095D5479932009789220051AE6FB12C96B62CB9ED51E0121CB41CDF86D
:206A850039E1C9F8082A4F46CB21CB10CB7E280FF8062A5F56210800192A666F09180421A4
:206AA50093CB095D5401B1C01A5F16006B6229192929192929095D547993200978922005CE
:206AC5001AF60412C96B62CBDED51E01216A40CDF839E1C9E8FBF80D2A4F46CB21CB10CBAC
:206AE5007E280FF80B2A5F56210800192A666F0918042193CB095D5401B1C01A5F16006BEF
:206B05006229192929192929094D7CF800712377D1D5212800194D440AF80277B72839D13D
:206B2500D5212B00194D44233A07302CD1D521290019E57DF80577E17CF804322A5F561A62
:206B45006F131A67AFF533C5E5F8077EF5331E02210552CDF839E806E805C9F8082A4F460E
:206B6500CB21CB10CB7E280FF8062A5F56210800192A666F0918042193CB094D440A4F060E
:206B85000069602909292909292911B1C019012B00092ACB7EC0F5331E02216B53CDF83920
:206BA50033C9F8082A4F46CB21CB10CB7E280FF8062A5F56210800192A666F0918042193D7
:206BC500CB094D440A4F060069602909292909292911B1C0194D44AFF533F80B7EF533C5D3
:206BE5001E01215446CDF839E804C9E8FCF80A2A5F2A572A4F46CB21CB10210800193333E5
:206C0500E5F80DCB7E280AD1D51A6F131A670918042193CB097D4CF8022271F80E2A4F467F
:206C2500CB21CB10CB7E280BD1D51A6F131A67094D18052193CB094D6946F8022A5F561A5F
:206C45005F16006B622919292919292911B1C0195D542110001970211200194D7887446F9D
:206C65002600094D44030A3C46F533C533D51E01215245CDF839E808C9E8FAF80E2A4F4696
:206C8500CB21CB10CB7E280FF80C2A5F56210800192A666F0918042193CB097D4CF80022F4
:206CA5007101B1C0D1D51A5F16006B6229192929192929094D7CF8027123322A4F4603E1B6
:206CC500E523232A6E5F557B02037A02F8022A5F5621030019E57DF80677E17CF80577D1AD
:206CE500D5210400192A4F46F8042A666F792270E806C9E8FCF80C2A4F46CB21CB10CB7E49
:206D0500280FF80A2A5F56210800192A666F0918042193CB097D4CF800227101B1C0D1D5FC
:206D25001A5F16006B6229192929192929094D7CF802712377C1C503033A6E67232A6E5F67
:206D4500557B02037A02D1D5210400194D44F8022A666F2323232A6E5F557B02037A02E8D6
:206D650004C9E8FCF80A2A5F2A572A4F46CB21CB10210800193333E5F80DCB7E280AD1D518
:206D85001A6F131A670918042193CB095D5401B1C01A5F16006B6229192929192929094D50
:206DA5007CF802712377F80E2A4F46CB21CB10CB7E280CD1D51A6F131A67094D44180621A8
:206DC50093CB094D44F8022A5F56210500195D541A5F16007B02037A02E804C9E8FCF80AC7
:206DE5002A5F2A572A4F46CB21CB10210800193333E5F80DCB7E280AD1D51A6F131A670925
:206E050018042193CB095D5401B1C01A5F16006B6229192929192929094D7CF80271237774
:206E2500F80E2A4F46CB21CB10CB7E280CD1D51A6F131A67094D4418062193CB094D44F8B8
:206E4500022A5F56210500195D541A5F21E81B1600195E16007B02037A02E804C9E8FAF891
:206E65000C2A4F462112000933335D54D51AB7C2F66EF80E7EF80277F80F7EF80332CB268B
:206E850023CB16F80FCB7E281C210800095D541AF80422131A77F8042A5F56F8022A666FC2
:206EA500195D7C180B1193CBF8022A666F195D7CF804732377E13601E5F8042A5F561A5F04
:206EC50016006B622919292919292911B1C0195D542103C57B22722105C53601C5F8122A6C
:206EE500F5332A5F56D51E04213449CDF839E803C1FA05C5D63C200CE13600E5AF2103C5B1
:206F05002277181A2110000936012105C53469602A66C6FA5F7CCEFF577B02037A02E8060F
:206F2500C9F8082A4F46CB21CB10CB7E280FF8062A5F56210800192A666F0918042193CBBB
:206F4500094D440A4F060069602909292909292911B1C0194D44210600095D54F80A7E12EC
:206F6500210700095D54F80B7E12210800095D54F80C7E12210900094D44F80D7E02C93BD3
:206F85003BF80A2A4F46CB21CB10CB7E280FF8082A5F56210800192A666F0918042193CBE5
:206FA500094D440A4F060069602909292909292911B1C0194D44210A00097EC5F80E66E537
:206FC50033F8105E2356D5F5331E04219141CDF839E804C1212200095D54F80C7E12212308
:206FE50000095D54F80D7EF80077F80E7EF801322A12137E1221120009C5E5110000D5F88E
:20700500122A5E2356CD4717C121060009C5E5F8102AF5335E2356D51E0421E441CDF83926
:20702500E805C1211200095D54211000097E876F2600195D54131A3C56F533D533C51E013F
:20704500215245CDF839E806C93B3BF80A2A4F46CB21CB10CB7E280FF8082A5F5621080038
:20706500192A666F0918042193CB095D5401B1C01A5F16006B6229192929192929094D442E
:207085003333C5F80E2A4F2A4703035EAF6B6729292929094D44D1D5210A00195D541AF800
:2070A5000C862366E533C5F81466E533F533CDAE14E807C9F8082A4F46CB21CB10CB7E28E3
:2070C5000FF8062A5F56210800192A666F0918042193CB094D440A4F060069602909292994
:2070E50009292911B1C019010E00094D44F80A7E02C9F8082A4F46CB21CB10CB7E280FF8A3
:20710500062A5F56210800192A666F0918042193CB094D440A4F0600696029092929092928
:207125002911B1C019010F00094D44F80A7E02C9F8082A4F46CB21CB10CB7E280FF8062A63
:207145005F56210800192A666F0918042193CB094D440A5F16006B6229192929192929119A
:20716500B1C01903030AF533E51E0121A845CDF839E803C9F8082A4F46CB21CB10CB7E288D
:207185000FF8062A5F56210800192A666F0918042193CB094D440A5F16006B62291929299F
:2071A50019292911B1C0190303C5E51E0121E345CDF839E1C15F16007B02037A02C9E8FDED
:2071C500F80B2A4F46CB21CB10CB7E280FF8092A5F56210800192A666F0918042193CB09D3
:2071E5004D440A4F060069602909292909292911B1C0194D44211200093333E521220009F3
:207205007EF80277212300092A6E5F55C5F8022A666FE5F8112A666FE5F8087ECD4717C1E7
:20722500211200095D54211000097E876F2600195D54131A3C56F533D533C51E0121524533
:20724500CDF839E807C9E8FBF80B2A5F2A572A4F46CB21CB10210800193333E5F80ECB7E21
:20726500280AD1D51A6F131A670918042193CB095D5401B1C01A5F16006B6229192929193B
:207285002929094D7CF802712377F80F2A4F46CB21CB10CB7E280AD1D51A6F131A670918D4
:2072A500042193CB097EE5F80677E123232A4F46F8022A5F56210A00195D541AC5F806666E
:2072C500E533C5F5331E04219141CDF839E804C1F8022A5F56212200195D54F8047E126B07
:2072E500622379582273F8022A5F56211200195D54C5D5110000D5F80A7E5950CD4717C133
:20730500F8022A5F56210600195D54D5F8067EF533C51E0421E441CDF839E805F8022A5F8A
:2073250056211200194D44F8022A5F56211000195D541A876F2600094D44030A3C46F533BA
:20734500C533F8045E2356D51E01215245CDF839E809C93B3BF80A2A4F46CB21CB10CB7EB2
:20736500280FF8082A5F56210800192A666F0918042193CB094E0600696029092929092931
:20738500297DC6B14F7CCEC0F800712377F80D4ECB412810D1D5F80C7EE60107E6026F1A51
:2073A500E6FDB512CB492812D1D5F80C7E0FE6010707E6046F1AE6FBB512CB512811D1D58E
:2073C500F80C7E0F0FCB37E6106F1AE6EFB512CB592815D1D5F80C7E0F0F0FE601CB370745
:2073E500E6206F1AE6DFB512CB612812C1C5F80C7ECB37E6010FE6806F0AE67FB5023333A6
:01740500C9BD
:020000040001F9
:20861500E8FAF80C7EF80077F80D7EF80177D1D5211000193601F80E2A4F46CB21CB10CB01
:208635007E281BD1D521080019E57DF80677E17CF805322A5F561A6F131A67091804219344
:20865500CB094D44211BC57EE6FC7759501AF80222131A770303FA13C5F80296202FFA1480
:20867500C5F80396202759501AF80422131A77FA15C5F804962016FA16C5F80596200EF899
:20869500117EE603211BC54EB177C36547FAC4DAF810A6C25147F8025D542113C51A139660
:2086B500231A9E1A57CB7E2807CB7A2008BF1805CB7A280137300D2113C52A5F3A571B7B0D
:2086D500227218271113C5F8021A1396231A9E1A57CB7E2807CB7A2008BF1805CB7A280191
:2086F5003730082113C5342002233469602A4F462115C5799623789E7857CB7E2807CB7AF9
:208715002008BF1805CB7A280137300D2115C52A5F3A571B7B227218232115C52A917E9818
:208735005678CB7F2807CB7A2008BF1805CB7A28013730082115C53420022334D1D51A4F00
:20875500131A4779C6FB4F78CEFF47E1E5792270E806C9F8082A4F46CB21CB10CB7E280FED
:20877500F8062A5F56210800192A666F0918042193CB094D4459501A2113C522131A770303
:208795000359501A2115C522131A77211BC57EE6FC771E04219749C3F839E8FAF80E7EB731
:2087B50028172B2B2A4F46210800092A4F4621A3C02A5F567B02037A02FAA3C0F80477FA36
:2087D500A4C0F80577F80C7EF80077F80D7EF80177D1D5210800192A666F2A4F46F8042AFC
:2087F5005F3A2B577B915F7A983273F80F2A4F4659501AF80422131A77F8025D54F8041A1B
:208815001396231A9E307C0303F804792278322A5F561A4F131ACB412828CD19377BE60F6E
:208835004F593E0A5791CB7B2807CB7A2008BF1805CB7A280137300479C6F64F79C6FBEA0C
:20885500D9C7F8042A5F561A4F131ACB492828CD19377BE60F4F593E0A5791CB7B2807CBE9
:208875007A2008BF1805CB7A280137300479C6F64F79C6FBEADAC7D1D52110001936011EFE
:1288950000180C21DAC7360021D9C736001E01E806C9E8
:204F6900F8087EEAD3DAB72807F040F602E040C9F040E6FDE040C9FA14C62115C69628078B
:204F8900FA14C6F808A6C0F8062A4F4621100009360169602A665F541B1B7B02037A02C999
:204FA90001B9C5F8087E3D5F077BE6076F26005D54292919094D4459501313F8092A120386
:204FC90003032A5F567B02037A02C901E1C5F8085E7BB7C8CB432804F8097E02CB3B031843
:204FE900F001E1C5F8085E7BB7C8CB432802AF02CB3B0318F2F8082A4F46CB21CB10CB7EEE
:20500900280FF8062A5F56210800192A666F0918042193CB094D44F80A5E2110C61600196E
:205029005E16007B02037A02C9F8084E79E601CB492813B728081E07215141C3F8391E0759
:2050490021B740C3F839B728081E07216B41C3F8391E0721D440C3F83901E9C5F8087E3DB6
:205069005F077BE6036F26005D54292919094D4459501313F8092A120303032A5F567B02A1
:20508900037A02C901FDC5F8087E3D5F077BE6036F260029094D44F8097E02037E02C90151
:2050A900FDC5F8087E3D5F077BE6036F260029093600C901FDC5F8087E3D5F077BE6036F23
:2050C900260029094D44037E02C9E8FAF80C2A5F2A572A4F46CB21CB10210800193333E58F
:2050E900F80FCB7E280AD1D51A6F131A670918042193CB097D4CF8022271F8102A4F46CBCD
:2051090021CB10CB7E280BD1D51A6F131A67094D18052193CB094D44F804792270F8122A84
:205129004F46CB21CB10CB7E280AD1D51A6F131A670918042193CB095EFA2BC5CDDC0DF829
:20514900042A5F561A26006F095D542122C54E7B2123C586235F7A8E5779CD24150600F83C
:20516900022A666F712370E806C9E8FCF80A2A5F56F8112A4F46CB21CB1021080019E57D72
:20518900F80477E17CF80377F812CB7E280DF8022A5F561A6F131A670918042193CB097D1C
:2051A9004CF8002271F80C2A4F46CB21CB10CB7E280EF8022A5F561A6F131A67094D18059D
:2051C9002193CB094D44F80F2A5F561313F8027B2272D1D51A6F131A67292929295D54F888
:2051E900022A666F195D540AF80E66E533D5F81666E533F533CD9214E809C9E8F9F80D7E33
:20520900F80277F80E7EF80377F80F2A4F46CB21CB10F8022A5F56210800193333E5F81023
:20522900CB7E280AD1D51A6F131A670918042193CB097D4CF8042271F8112A4F46CB21CBA3
:20524900107ECB7F280BD1D51A6F131A67094D18052193CB094D44F8135ECB432820FA141E
:20526900C62115C6962817F8042A666F3E012236002114C65E16007B02037A02184CCB4B17
:205289002825C51E0821FF41CDF839C1F80677B728152B3A6E673E02223600F8065E160000
:2052A9007B02037A021823F8022A5F56211000193601F8022A5F561A4F131A4779C6FA4F16
:2052C90078CEFF473A6E67792270E807C9F8087EB72807F040F604E040C9F040E6FBE040BF
:2052E900C9E8F6F8135EFA2BC5CDDC0DF8127E1600815F7A88472122C54E7B2123C58623AB
:205309005F788E5779CD2415F80071F8157EF80877F8167EF80977F8187E07E601F80177EE
:20532900F8102A5F56F8177EF80277F8187EF80332CB2623CB16D5F80A2A5F5621020019DD
:20534900D1E57DF80677E17CF8057721080019E57DF80877E17CF80777FA35C5D605C20448
:205369005479D680302C3E09F813963008F808AF2236801806F808AF223690F8004E0600FD
:205389006960292929294D44F8082A666F094D441813790E00C6806F79CEFF6729292929B5
:2053A9004D7CC68847F8017EB72818F8062A5F2A571A22131A322A5F56F8022A666F195D27
:2053C9007C180B1193CBF8022A666F195D7C6B672A666F292929295D54F8042A666F195D34
:2053E9007CF8087323775950F8147EF533011000C5F80B4E2346CD6015184BF8017EB72835
:2054090014F8062A5F561A4F131A47F8022A666F094D44180B0193CBF8022A666F094D440D
:205429000A6F2600292929294D44F8042A666F094D44F8147EF533C53E01F533F8047EF5AD
:2054490033CD9214E805E80AC9FA19C8E6DF4FF8087EB7280BCBE92119C87121004071C9DC
:205469002119C87121004071C9F80A2AF5332A5F56D5F80C3A575ED5CD9214E805C9E8FB39
:20548900F80D2A4F46CB21CB10CB7E2810F80B2A5F56210800192A666F094D18052193CBE2
:2054A900094D440AF80377F8102A4F3A2B4703037EF533210100395D54CD0215F8002A4F93
:2054C9002A477E585779CD2415F8007EF80477F8012A665F54131379F80466E533D5F5336B
:0B54E900F8077EF533CD9214E80AC9E5
:020000040002F8
:2002DD003BF8092A4F46CB21CB10CB7E280FF8072A5F56210800192A666F0918042193CBFC
:2002FD00094D44F0FFF800777EE6F7CDCC00C5F80D7EF5331E06212F41CDF83933C15F1669
:20031D00007B02037A02F8007E33C3CC0033C93BF8092A4F46CB21CB10CB7E280FF8072A25
:20033D005F56210800192A666F0918042193CB094D44F0FFF800777EE6F7CDCC00C5F80F4E
:20035D003A573A5FD57EF5331E06214941CDF839E803C15F16007B02037A02F8007E33C385
:04037D00CC0033C9B4
:020000040000FA
:20032800014502022C4502010000000068430202AA430201B734020667450205892A0204F9
:20034800F24502020A440203894402010000000074460206BA2B020630480208DC4A0202DC
:200368008A4A0202A84B0201D64B0204374C0204DE2C0200A147020203480202FB4C020067
:20038800634C020475490208074D02043A4D02046E4D0204B04D0204DC4D0204084E0204A2
:2003A800474E0203504E02045C4E0202884E02080D4F02001C4F02002F4F0202714F020456
:2003C800EC4F0204F04C020167500202514B02022535020390430809814308016560010262
:2003E800376A0102A76B0103886A0102F06B01047E6C0102626E0105266F0106846F01058E
:200408004E700108F86C010200000000676D0104B9700103F7700103587301043328050104
:20042800F454050241550502000000005B550502EB550503085705046856050656570504E2
:2004480072540505000000007158050110590502A05805052F560505D758050687540505D5
:20046800694F0501804F0501D44F0502FE4F0503A94F05048C59050932500501625005042B
:200488008D500502D35005067351050804520505D6520501EA520507EA4F0501A944070365
:2004A800F6440700184507018445070100000000564507048A4507057D450702D54508004F
:2004C8004B4608005946080064460800A7480601B9480605000000000000000015460604BB
:2004E80068470602A8500501BC500501606B01023571010297500206D1500206E54408006D
:20050800ED44080354450803B2450801FD45070200000000E627010052540501124408038D
:20052800534408040000000079710102C371010427550501E16D01044B720104016A0102E5
:180548006F4307050B440705765A0504DD4208032C430805D96A0102BD
:020000040002F8
:20038100F8087EF5331E0521C246CDF83933C9E8FCF80A2A5F2A572A4F46CB21CB102108D1
:2003A10000193333E5F80DCB7E280AD1D51A6F131A670918042193CB097D4CF8022271F89A
:2003C1000E2A4F46CB21CB10CB7E280BD1D51A6F131A67094D18052193CB094D44F811CBE9
:2003E1007E28042BAF2277C5F8142A5F56D5F8142A5F56D5F81A7EF5331E0521EF46CDF8A4
:1104010039E8074F0600F8022A666F792270E804C9B4
:020000040001F9
:20C36F00E8FCF80A2A5F2A572A4F46CB21CB1021080019E57DF80477E17CF80377F80DCB82
:20C38F007E280DF8022A5F561A6F131A670918042193CB097D4CF8002271F80E2A4F46CB54
:20C3AF0021CB10CB7E280EF8022A5F561A6F131A67094D18052193CB094D44D1D51AF802B7
:20C3CF0022131A770A5F21E01A1600194EF8105E3E079347041802CB290520FB79079F476A
:20C3EF00D5F8042A5F56CDBD0DD11C1804CB28CB191D20F9E1E5792270E804C9E8FCF80A65
:20C40F002A5F2A572A4F46CB21CB1021080019E57DF80477E17CF80377F80DCB7E280DF81C
:20C42F00022A5F561A6F131A670918042193CB097D4CF8002271F80E2A4F46CB21CB10CB97
:20C44F007E280EF8022A5F561A6F131A67094D18052193CB094D44D1D51AF80222131A7717
:20C46F000AC6405F21E01A1600194EF8105E3E079347041802CB290520FB79079F47D5F8BC
:20C48F00042A5F56CDBD0DD11C1804CB28CB191D20F9E1E5792270E804C93B3B213FC636A5
:20C4AF0000FA37C6EA6CDAEA38C6F80B2A4F3A2B477EF8007759502A77FA36C6F80096205B
:20C4CF000C213BC67E912005237E9028172136C636FF213BC67B22722139C67B2272F801D0
:20C4EF007EEA36C63333C92136C636FFAFE021AFE01CAFE017AFE0123EC0E0233EC0E019AE
:20C50F003EC0E0143EFFE025C9F8087EEA3FC64F0F3007AFE0123EC0E014CB492807AFE0A8
:20C52F00173EC0E019CB512803AFE01CCB592807AFE0213EC0E0233EFFE025792137C6B659
:20C54F00EA6CDAEA38C6C90122C6F8087EE6036F26005D54292919094D4459501313F80980
:20C56F002A120303032A5F567B02037A02C9F8084E79C35008F8087EE024C93B3BF80E7E9C
:20C58F00F80077F80D3A2B5E23562B2B4EF801327E2140C696385421EAC736FFF8007EEADF
:20C5AF0040C6FA37C6470F3007AFE0123EC0E014CB482807AFE0173EC0E019CB502803AF7B
:20C5CF00E01CCB582807AFE0213EC0E0233EFFE025F8017EEA37C621EAC736FF21EDC7369B
:20C5EF000021EBC77B227221EAC7713333C9E8F2F8147EF80077F8157EF80122C1C50303D3
:20C60F000A77F8177EF80D777EE601F80377F80D7EE602F80477F80D7EE604F80577D1D545
:20C62F001AF80C22131A327EF80677F80D7EF80777F8047EB7280A11A0DFF80C7B22721842
:20C64F00081144C6F80C7B2272F80C7EF80877F80D7EF80977F8167EF80A77F8067EF80B1D
:20C66F0077F8077EF80C223600F80A7EB7CA4447E5CB46E1CA2547F80B7EF80677F80C7E4A
:20C68F00F80777FA17C8B720073E01F80D963018F8082A5F56F8027EF533010800C5F809EE
:20C6AF002A4F46CD3E15185BF8062A5F56F80D7EB72808F80D7E3D28311848F8027ECD24F0
:20C6CF001541F8047EB7280D2141C671F8037EB7280379E047F8057EB728282142C670F8E8
:20C6EF00037EB7281E78E0481819F8057EB72813F8027ECD24152143C671F8037EB72803FB
:20C70F0079E049F80B2A5F5621080019E57DF80D77E17CF80C77F8082A5F5621080019E588
:20C72F007DF80A77E17CF80977F80D34F80A7ECB3F77C37846F80B4E2346E1E5712370E8F8
:02C74F000EC911
:020000040002F8
:20041200F8092A4F46CB21CB10CB7E280FF8062A5F56210800192A666F0918042193CB09F8
:200432004D442106000956210400097ED533F533C5F80C7EF5331E0521BF47CDF839E80513
:20045200C9E8FAF80E4E06006960292909290929090151C7094D7CF803712377211FC546C1
:200472002120C52A666F111D00195D54C5334B42210100395D54CD0215F8102A4F46F80336
:200492002A5F56F80F7EF533211700E5CD3E15F8032A5F56210400194D44F8007EF80577EE
:2004B200F8012A665F54C5FA31C5F533F8087ECD8F154FF8032A5F56210800195D5479216C
:2004D20031C59630092179C50600097E1801AF12E806C921006036003601C93BF8092A4F5C
:2004F20046CB21CB10CB7E280FF8072A5F56210800192A666F0918042193CB094D44F80BFD
:200512007EE603C608F80077FA19C8E6F05FF8007EE60FB3EA19C8EA00402100A05E1600CD
:20053200F8007ED60B20142119C87EE6F0F60C77EA0040FA00A00F300216017B02037A0237
:2005520033C9F8082A4F46CB21CB10CB7E2810F8062A5F56210800192A666F094D180521D4
:2005720093CB094D692A4F46F80A7EE603C6085F2119C87EE6F0577BE60FB277EA00402166
:2005920000A0717BD60BC02119C87EE6F0F60C77EA00402100A07EE60E5F78E601B377C93F
:2005B200F8084E2119C87EE6F0F60C77EA004079B728082100A07EE6BF77C92100A07EF629
:2005D2004077C9011FC52177C52A5F56210300E5CD2F1001B2C02177C52A5F56131313214A
:2005F2000400E5CD2F102177C52A4F462107000901B6C00A772177C57EC608227ECE007721
:20061200C9218DCB3602218ECB3603218FCB36012177C52A4F4679582190CB2273030303E2
:20063200110400D511B2C0CD2F102177C52A4F46210700097EEAB6C0C92177C57EC6F82280
:1B0652007ECEFF77C313462177C536372336C5C313462177C536372336C5C9FA
:020000040000FA
:2027E6003BF090F80077F8072A4F46595013131AE0901AEA002069602A666FE5CD580FE1AC
:2028060069602A666F7EE6075F16007B87CB1287CB1287CB1287CB12855F7A8C577B02033E
:0D2826007A02F8007EE0907EEA002033C9BF
:020000040001F9
:2088A70021D8DA360FF8087E21EEC777D602CA1D02C9E8F1FAEEC7B7200821D8DA360FC302
:2088C700984BFAD8DAD60F200521D8DA3600FAD8DAF800773E20F81B963E0017F80177F810
:2088E700187E07E601F80277F8157EF80377F8167EF80477F8172A4F46CB21CB10FAD8DA3F
:20890700F602F80577FAD8DAF604F80677F81A7E07E601F80777F8197EF80877F81A7EF847
:208927000932CB2623CB16F8007EE601F80A77F8032A5F5621080019E57DF80D77E17CF8DB
:208947000C77F8007EE602F80D77F8007EE604F80E77F8007EE6085FFAEEC73D280BFAEE0C
:20896700C7D602CA554AC3574BF80A7EB72069F8017EB72804F81B36202112C83600211698
:20898700C83600F8027EB7280EF80B2A5F561A6F131A67094D18052193CB094D44F81B5E71
:2089A7001600D511EFC7CD2F102114C836EF2336C7F81B7EEA13C82118C63600F533CD0A26
:2089C7000233FA13C8B73E012801AFEA16C821D8DA7EF60177C3574BF80D7EB72010FA1652
:2089E700C8B7CA574BF8057EEAD8DAC3574BF80E7EB72010FA12C8B7CA574BF8067EEAD869
:208A0700DAC3574B7BB7C2574BF8017EB72804F81B3620F8077EB72814F80B2A5F561A4FFC
:208A2700131A47F8082A666F095D54180B0193CBF8082A666F095D54F81B4E0600C501EFAB
:208A4700C7CD2F1021D8DA7EF60877C3574BF80E7EB720132112C836002116C83600F8063F
:208A67007EEAD8DAC3574B7BB7206CFA12C8B7CA574BF8017EB72804F81B3620F8077EB7C4
:208A87002820F80B2A5F2A571A22131A322A5F56F8082A666F19E57DF80D77E17CF80C7732
:208AA700181B1193CBF8082A666F19E57DF80F77E17CF80E323A2B77F80E3A2B77F80B2A95
:208AC7005F56F81B4E0600C501EFC7CD2F1021D8DA7EF608771879F80A7EB72061F8017E65
:208AE700B72804F81B3620F8027EB7280FF80B2A5F561A6F131A67094D4418062193CB097E
:208B07004D44F81B5E160021EFC7D55D54CD2F102114C836EF2336C7F81B7EEA13C82118FC
:208B2700C63600F533CD0A0233FA13C8B73E012801AFEA16C821D8DA7EF601771812F80DA5
:208B47007EB7200CFA16C8B72806F8057EEAD8DAFAD8DAD60F283AF8032A5F561A4F131A76
:208B67004711060079935F789AF80E3273F8032A5F56F80D2A12137E12F8032A5F5621109F
:148B87000019E57DF80F77E17CF80E322A666F3601E80FC956
:020000040000FA
:013A3B000F7B
:020000040002F8
:20066D00C5F8082A5F2A572A4F46C57A873805CDA64618161F2F577B2F5F13214FCA7EB7C5
:20068D002801353E2D0203CDA6466069D17A2F577B2F5F1319545DC1C9C52152CAAF3232A7
:2006AD00770610CB23CB127E8F27227E8F27227E8F27322B0520ECC1FA4FCAD605380F2869
:2006CD000D573E3002031520FB3E05EA4FCAFA4FCAB728023E01571E302152CA3AE60F82FA
:2006ED002811928316010203FA4FCAB72805FE0530010B7ECB37E60F8228119283160102EF
:20070D0003FA4FCAB72805FE0430010B3AE60F822811928316010203FA4FCAB72805FE0381
:20072D0030010B7ECB37E60F82280F92830203FA4FCAB72805FE0230010B7EE60F830203FA
:03074D00AF02C92F
:020000040000FA
:20283300E8F0F090F80077F8167EF80177F8177EF802322A4F4603030AE0900AEA0020F8BE
:20285300012A5F561A4F131A47F80C792270F8187E1E0087CB136F6309E57DF80577E17C7A
:20287300F80477F80E36242336C9F8012A5F5621080019E57DF80777E17CF80677F8032A67
:202893005F561AF80777F8032A5F566B6223E57DF80A77E17CF809322B7EB7CA6A2AF80EE7
:2028B3002A5F566B6223E57DF80C77E17CF80B77F8077ED625C22B2AF80C2A5F561A6F1374
:2028D3001A674D44CB21CB10CB7C280DF8052A5F561A6F131A670918042193CB095D541A1F
:2028F300F80322131A77F8082A4F460A5F696023E57DF80A77E17CF809777BFE25CA062AA8
:20291300D644281DF8037EF809777BFE63CABE29FE642855FE66CAED29D674CAD329C30BC6
:202933002AF8082A4F460AC6D0EA4FCAF80E2A5F56D5F8052A5F56D51E08216D46CDF83995
:20295300E804FA31CAB7280CD5F8102A666FE5CD2F38E1D11600F80E2A666F19E57DF81053
:2029730077E17CF80F77C34E2A214FCA3600F80E2A5F56D5F8052A5F56D51E08216D46CD15
:20299300F839E804FA31CAB7280CD5F8102A666FE5CD2F38E1D11600F80E2A666F19E57DEA
:2029B300F81077E17CF80F77C34E2AF80E2A5F56F8092A127EF80E77F80B7EF80F77187BC0
:2029D300F80E2A666F3601F80A2A5F3A2B577E3C3C1213F80E7B22721861F80E2A666F367D
:2029F30002F80A2A5F3A2B577E3C1213F80E7B22721848F8082A4F4659501B1A4F13F8032D
:202A13007B2272F80E2A666F71F80A7EF80E77F80B7EF80F77C39028F8072A4F7EF803773F
:202A3300F8097EF80477F80E2A666F71F80A7EF80E77F80B7EF80F77C3902803F80379220B
:202A530070F80C2A5F5621020019E57DF80E77E17CF80D77C39028F80E2A666F3600F8006E
:162A73007EE0907EEA0020F8012A5F56F8082A12137E12E810C95F
:020000040001F9
:2054F400FA14C6EA15C6F8087EEA1DC92122C93600211CC93600211AC93600F8097EFE3448
:20551400D0C6CC2600E533F5331E0121E757CDF839E1C9F8087EB7280ACD2E02213CCA7B83
:205534002272C9CD3602213CCA7B2272C9F8093A8787874F7E8787872118C9712117C971DF
:20555400EA16C9EA15C9C9F8087EB7280E237EF5331E0121AB5FCDF83933C90E00F8094610
:20557400CB402814FA15C92116C9962009FA17C92118C99628020E01CB482808FA1AC9B7B7
:2055940020020E012115C65E16002114C66E26007B2F5F7A2F577DA35F7CA2CB502806CB0D
:2055B4006320020E01CB582806CB6B20020E01CB602805B320020E0179B7C8F8062A4F469A
:2055D40021100009360169602A66C6FD5F7CCEFF577B02037A02C9F80A7E3C2008FA1EC9A1
:2055F400F80A77180DF80A7ED6FE2006FA1FC9F80A77F80A3A4F3A878787477E8787875F11
:205614002118C9702116C97379D6FD20092117C9702115C973C92119C971C9CD2E02F80935
:205634004EAF69672929292929194D44F8086E2600095D54213ECA7B2272F80A7EEA40CA18
:20565400F80B7EEA41CAF80C7EB73EC920023ECAEA42CAC9F80C7EB72803AF18023EFFEA43
:2056740023C9F80D4678E6024FCB402849C5F80D3A573A5FD53A575ED51E01214357CDF888
:2056940039E804C179B7C8F80B3A4705053A5F1D1D3A4F0C7E3CF80C66E533C53363E53373
:2056B40061E533F533F80B2A5F56D51E05212F56CDF839E807C9F80C7EB73EC920023ECA95
:2056D400F533F80C3A573A5FD53A575ED5CD0737E80579B7C8F80C3A573A5FD53A573A5FAA
:2056F400D53A2BF5332A5F56D51E05212F56CDF839E807C9F8087ED614302D237ED6123083
:20571400273E12962B473E1496F80B66E533F80B6668E5F533AF0FF5F80C2A5F56D51E0521
:20573400216856CDF839E808F8093A8787874F7E8787872118C9712117C971EA16C9EA15A9
:20575400C9C9E8F7F80F7EF80077F8107EF80177F8112A4F46CB21CB10CB7E281BD1D521F8
:20577400080019E57DF80977E17CF808322A5F561A6F131A670918042193CB097D4CF8071A
:205794002279327EF80277F8087EF80377F8147EB7CA4158F8072A5F561AF80422131A77EB
:2057B400F8147EF807223600F8075D54F8041A1396231A9E1A57CB7E2807CB7A2008BF187D
:2057D40005CB7A2801373E0017F80677B72806234E06001805F8042A4F4679D60178173FEF
:2057F4001FDE803009F8073E0122AF771811F8067EB7200BF8047EF807322B7EF80877F80F
:20581400074ED1D513131A47D1D51A6F131A5D5779F533F8153AF5337EF533C533D51E0140
:20583400212B5ECDF839E8064F06001803010000F8022A666F792270D1D51AF80722131A3B
:2058540077F8144E060069602909294D44F8072A666F094D44E1E5792270E809C9F8084E37
:20587400213BCA710600696029093E6E854F3E058C470AEA3ACA6960232A4F46FA3ACAF550
:2058940033110800D51132CACD3E15C9CD2E02F8094EAF69672929292929194D44F8086E2D
:2058B4002600094D44F80C7EB73EC920023ECAF533F80C3A575ED5C51E08217742CDF839F7
:2058D400E805C9212BC55EF80D7ECDDC0DF80C7E1E00814F7B8847792123C586234F788E1C
:2058F40047F80B3A573A5FD53A575ED5FA2BC567FA22C56FE5C5CD9E24E808C9E8FDF80B0C
:205914002A4F46CB21CB10CB7E280FF8092A5F56210800192A666F0918042193CB094D440E
:20593400210A000956C5212BC55E7ACDDC0D5950C1210800096E2600195D54210600097EBD
:20595400F80077210400097EF80177696023237EF802770A4F2123C52A835F7E8A57F800E5
:205974002AF5332AF53346C5FA2BC567FA22C56FE5D5CD9E24E80BC9E8F4F8122A5F56F801
:20599400162A4F46CB21CB1021080019E57DF80577E17CF80477F817CB7E280DF8032A5F5E
:2059B400561A6F131A670918042193CB097EF80577F8182A4F46CB21CB10CB7E280DF803B2
:2059D4002A5F561A6F131A670918042193CB097EF80677F81A7EF80777F81B7EF80877F811
:2059F4001C7EF809322A5F3A2B577ECD2415F80A79322B2A5F3A2B57137ECD2415F80B71D5
:205A1400F8142A4F46CB21CB10CB7E280EF8032A5F561A6F131A67094D18052193CB094D22
:205A3400440AEADCDAF8082A5F56210800194D44F8077EF533210100395D54CD0215F80025
:205A54002A472A666FC533E5F80E3A575ED5F80B3A577E5FD5CDE614E80721DCDA3600E82A
:1B5A74000CC9F8087EEA44CAF8097EEA45CAF80A7EEA46CAF80B7EEA43CAC999
:020000040000FA
:202A8900E8F6F8102A5F2A572A4F46CB21CB1021080019E57DF80A77E17CF80977F813CBEF
:202AA9007E2816F8082A5F561A6F131A67095D541AF80022131A77180D2193CB095D541A4B
:202AC900F80022131A77F8157EB72820F8082A5F561A4F131A47F8155E16006B6229799564
:202AE9004F789C47F8082A666F712370F090F80277F8107EF80377F8117EF804322A4F46C3
:202B090003030AE0900AEA0020F8032A5F2A571A4F131A712377F8147EF80977F8097EB73A
:202B2900286CF8052A5F3A571A4F131A472A5F5621020019E57DF80977E17CF80877F80043
:202B49007E912032237E90202DF8072A5F561AF80022131A327EF80877F8017EF80977F840
:202B6900032A5F56F8082A12137E12F8027EE0907EEA00201838F8072A5F5621020019E5CC
:202B89007DF80777E17CF80677F80935188EF8027EE0907EEA0020F8057EF808322B7EF8CD
:202BA9000977F8032A5F56F8082A12137E12E80AC9E8F0F81B2A4F46CB21CB10CB7E280F27
:202BC900F8162A5F56210800192A666F0918042193CB09AFF533E5F81C2A5F3A2B57D57EA9
:202BE900F5331E02210552CDF839E808C5F81D7EB7CADB2CF8013AB6CADB2C2323F0907747
:202C0900F8167EF80377F8177EF804322A4F4603030AE0900AEA0020F81D7EF80F77F81B7B
:202C29007EF80577F81C7EF80632CB2623CB161193CB3A6E6719E57DF80977E17CF808779D
:202C4900F8032A5F5621080019E57DF80B77E17CF80A77F80F7EB72870F8032A5F561A6F66
:202C6900131A672ACB7E2815F8092A5F561A4F131A47F8052A666F092A4F7E1809F8072A04
:202C89005F561A4F131AF80B712377D1D5210800194D4459501AF80D22131A322A5F56131E
:202CA900137B02037A02F80B2A4F2A472A666F792270F8032A5F561A4F131A4703033A6EA0
:202CC90067792270F80F35188AF8027EE0907EEA0020E810C9E8F3F090F80077F8137EF81F
:202CE9000177F8147EF802322A4F4603030AE0900AEA0020F8012A5F5621080019E57DF8D6
:202D09000577E17CF804322A5F2A571A22131A77F8012A5F561AF80B22131A322A4F460381
:202D2900F8012A666F792270F80B2A5F561A77CB7ECA462F7ED6FB2822F80C7ED6FCCACE07
:202D49002DF80C7ED6FDCA572EF80C7ED6FECABF2EF80C7E3CCAF42EC3252FF8012A5F56F3
:202D69001A6F131A672A4F46CB782816CB21CB10F8052A666F09E57DF80D77E17CF80C776B
:202D8900180FCB21CB102193CB094D7CF80B712377F8032A5F561A4F131A470B0B3A6E6701
:202DA90079227069602A4F46F80B2A666F792270F8012A5F561A4F131A4703033A6E677927
:202DC9002270C3192DF8012A5F561A6F131A672A4F46CB78280ECB21CB10F8052A666F0956
:202DE9004D4418096960291193CB194D4469602A4F46F8032A5F561AF80922131A77CB7887
:202E09002816CB21CB10F8052A666F09E57DF80D77E17CF80C77180F7987CB10C6934F78C7
:202E2900CECBF80B712377F80B2A5F561A4F131A47F8092A666F792270F8012A5F561A4FD7
:202E4900131A4703033A6E67792270C3312FF8012A5F561A6F131A672A4F46F8032A5F5624
:202E69001AF80922131A77CB782816CB21CB10F8052A666F09E57DF80D77E17CF80C77184D
:202E89000F7987CB10C6934F78CECBF80B712377F80B2A5F561A4F131A47F8092A666F7940
:202EA9002270F8012A5F561A4F131A4703033A6E677922701872F8032A5F561AF80B2213EC
:202EC9001A77F8012A5F561A6F131A672A4F46F80B2A666F792270F8012A5F561A4F131A29
:202EE9004703033A6E67792270183DF8012A5F561AF80B22131A322A4F4603F8012A666FDD
:202F0900792270F80B2A5F561A4FF8032A5F561A6F131A6779079F712377180CF8007EE0B7
:202F2900907EEA0020C3B434F8032A5F561A4F131A4703033A6E67792270C3192DF8032AC0
:202F49005F561A4F131A4711040079935F789AF808327B222B2A5F5621020019E57DF80BCA
:202F690077E17CF80A22237E3DCAF330F80C7ED602CA1F31F80C7ED603CA5931F80C7ED60A
:202F890004CA9531F80C7ED605CACF31F80C7ED606CA0B32F80C7ED607CA3932F80C7ED61C
:202FA90008CA6532F80C7ED609CA9A32F80C7ED625CACB30F80C7ED626CAB532F80C7ED6DF
:202FC9002ACA7B30F80C7ED62B2862F80C7ED62D287CF80C7ED62FCAA330F80C7ED640CA8D
:202FE9004334F80C7ED64CCA2133F80C7ED64DCAC933F80C7ED651CA7834F80C7ED652CA91
:203009004933F80C7ED654CA1534F80C7ED65ECAFD32F80C7ED66DCA7133F80C7ED67CCAEC
:20302900D932F80C7ED67ECA5F34C39434F8072A5F2A571A4F131A472A5F561A6F131A67DC
:20304900094D44F8072A666F792270C39F34F8072A5F2A571A4F131A472A5F561A6F131AB3
:203069006779954F789C47F8072A666F792270C39F34F8072A5F561AF80B22131A322B2BB7
:203089002A5F2A571A4F131A472A5F56CDBD0DF8072A666F792270C39F34F8072A5F561A33
:2030A900F80B22131A322B2B2A5F2A571A4F131A472A5F56CD590EF8072A666F792270C367
:2030C9009F34F8072A5F561AF80B22131A322B2B2A5F2A571A4F131A472A5F56CD620EF847
:2030E900072A666F792270C39F34F8072A5F2A571A4F131A472A5F561A6F131A677D912010
:20310900067C903E012801AF4F0600F8072A666F792270C39F34F8072A5F2A571A4F131AEA
:20312900472A5F561A6F131A675C507995789CCB7B2807CB7A2008BF1805CB7A2801373ED4
:2031490000174F0600F8072A666F792270C39F34F8072A5F2A571A4F131A472A5F561A6F0D
:20316900131A6758547D917C98CB7B2807CB7A2008BF1805CB7A2801373E0017EE014F06E8
:2031890000F8072A666F792270C39F34F8072A5F2A571A4F131A472A5F561A6F131A67584D
:2031A900547D917C98CB7B2807CB7A2008BF1805CB7A2801373E00174F0600F8072A666F85
:2031C900792270C39F34F8072A5F2A571A4F131A472A5F561A6F131A675C507995789CCBCA
:2031E9007B2807CB7A2008BF1805CB7A2801373E0017EE014F0600F8072A666F792270C3C9
:203209009F34F8072A5F2A571A4F131A472A5F561A6F131A677D9120067C903E012801AF99
:20322900EE014F0600F8072A666F792270C39F34F8072A4F3A472A5F561A6F131AB5280C2B
:20324900F8092A5F561A6F131AB520041E0018021E0116007B02037A02C39F34F8077EF882
:203269000B77F8087EF80C77F8072A5F561A4F131AB1200E232A5F561A4F131AB120034FBC
:2032890018020E010600F80B2A666F792270C39F34F8092A5F561A4F131AB1D6013E001700
:2032A9004F06003A6E67792270C3192DF8072A5F2A571A4F131A472A5F561A6F131A677D2E
:2032C900A14F7CA047F8072A666F792270C39F34F8072A5F2A571A4F131A472A5F561A6FA5
:2032E900131A6779B54F78B447F8072A666F792270C39F34F8072A5F2A571A4F131A472A92
:203309005F561A6F131A6779AD4F78AC47F8072A666F792270C39F34F8072A4F4669602AA2
:203329004F46F8092A5F561AE60F5F1C1804CB21CB101D20F9F8072A666F792270C39F34CD
:20334900F8072A4F4669602A4F46F8092A5F561AE60F5F1C1804CB38CB191D20F9F8072A52
:20336900666F792270C39F34F8077EF80B77F8087EF80C77F8072A5F2A571A4F131A472ACE
:203389005F561A6F131A675C507995789CCB7B2807CB7A2008BF1805CB7A2801373007F8F2
:2033A90009792270180BF8092A5F3A571A22131A77F80B2A5F56F8092A12137E12C39F347A
:2033C900F8077EF80B77F8087EF80C77F8072A5F2A571A4F131A472A5F561A6F131A6758BA
:2033E900547D917C98CB7B2807CB7A2008BF1805CB7A280137380AF8092A5F561A4F131A33
:2034090047F80B2A666F792270C39F34F8092A5F3A2B2B571A4F131A472A5F561A6F131AD6
:2034290067C5E51E06210E43CDF839E8044F0600F8072A666F792270185CF8092A5F561A26
:203449004F131A47C5CDCF37E14B42F8092A666F792270C3192DF8092A5F561A4F131AF51B
:20346900792F4FF12F473A6E67792270C3192DF8092A5F561A4F131A5759CD831A4F0600DD
:20348900F8092A666F792270C3192DF8007EE0907EEA00201815F8032A5F561A4F131A47BD
:2034A9000B0B3A6E67792270C3192DE80DC9E8FDF80B2A4F46CB21CB107ECB7F2811F8099C
:2034C9002A5F56210800192A666F094D4418062193CB094D44F090F80077F80E7EE090EA25
:2034E9000020F80D7EB7200D23232A5F561AF8012236001815F80F7EF80177F8107EF8020A
:20350900322A5F3A571A22131A77F8012A02033A2B027EE0907EEA0020E803C9F8062A662F
:203529006FE5F80A2A5F2A666FCDF839E802C9424B1A6F131A6713F090F51AE090EA00202D
:203549002A5FB7284CC5E526006B29292B112803193A5F3AEA92CB3A474EE153CB3A30034C
:203569002AF53328092AF5332AF5331520F7C5444DF802192A666F714D7C237047E1C5D5F8
:20358900D5FA92CBE090EA0020E7E139F9E8061E01F1E090EA00207BC93B3BFA8BCBB72029
:2035A900112187CB2277FA83CBEA89CBFA84CBEA8ACB2197D936012198D93610218ACB3A87
:2035C900B6CAF336218DCB36002189CB2A4F462110000936002189CB2A4F46210F00097EFB
:2035E900B720132189CB5E2356CD38352189CB4E2346B7C2A736211100095E218BCB7E93AF
:2036090077210D00092A4F4678B1280D6960233A5EF680577B02037A022188CB3AB6281CE1
:203629002A4F460303033333C52189CB6EFA8ACB672323232A4F46E1E57922702189CB2A5D
:203649004F46030303FA83CB2189CB962013FA84CB218ACB96200A59501A2183CB22131A3D
:20366900772185CB2A02037E02FA89CBEA85CBFA8ACBEA86CB2188CB3AB628132A4F460337
:20368900030359501A2189CB22131A77C3C535FA83CBEA89CBFA84CBEA8ACBC3C535FA8D0E
:2036A900CBB728043E031853211000095D541AB72011FA98D9F801772198D935F8017EB7EA
:2036C900C2C535FA8BCBB720211A2197D9A6772187CB79227003030359501A2189CB221321
:1E36E9001A772198D93610C3C5352184CB3AB6280AFA97D9B73E0120023E023333C91A
:20836800E8FCF80A7EF80077F80B7EF80177D1D5210800194D4459501AF80222131A322A50
:208388005F5613137B02037A02D1D51A4F131A473A6E67792270D1D5F80C2A12137E12E8F0
:2083A80004C9E8FCF80A7EF80077F80B7EF80177D1D521080019E57DF80477E17CF80332DD
:2083C8002A5F561A4F131A470B0B3A6E6779227069602A4F46E1E5792270F80C7EB7281FD0
:2083E800F8022A5F561A4F131A47F80C5EAF6B672979954F789C47F8022A666F792270E80F
:2084080004C9E8FAF80C7EF80077F80D7EF80177D1D521080019E57DF80677E17CF8053276
:208428002A5F561AF80222131A322A4F2A4703032A666F792270D1D51A4F131A47F8022A1F
:20844800666F792270F8042A5F561AF80222131A322A4F2A4703032A666F792270C1C50341
:20846800030AF80422AF322B2B2A5F2A577E1213AF12D1D5F80F2A12133A2B127E02E80643
:20848800C9E8FCF80A7EF80077F80B7EF80177D1D521080019E57DF80477E17CF803322AD6
:2084A8005F561A4F131A470B0B3A6E67792270D1D513130A12F8022A5F561A4F131A470B49
:2084C8000B3A6E6779227069602A4F46E1E5792270F80C7EB7281FF8022A5F561A4F131A27
:2084E80047F80C5EAF6B672979954F789C47F8022A666F792270E804C93B3BF8082A4F467B
:20850800210800094D4459501AF80022131A77D1D513137B02037A02D1D5F80A2A12137ED2
:20852800123333C93B3BF8082A4F46210800093333E5F80A7EB72818D1D51A4F131A475EE8
:2085480016006B622979954F789C47E1E5792270D1D51A6F131A672A4F4659503333C9E83C
:20856800FCF80A7EF80077F80B7EF80177F80C2A4F46CB21CB10D1D521080019E57DF80447
:2085880077E17CF80377F80DCB7E280FF8022A5F561A6F131A67094D4418062193CB094D85
:2085A800446960233A6EB52817D1D5F80E2A12137E1269602A665F541B7B02037A021827FA
:2085C800F8107EB72821F8022A5F561A4F131A47F8105E1600CB23CB1279934F789A47F864
:2085E800022A666F792270E804C9F8062A4F2A472A02037E02C9E8FAF80E7EB728172B2BA0
:208608002A4F46210800092A4F4621A3C02A5F567B02037A02FAA3C0F80077FAA4C0F80120
:2086280077F80C7EF80277F80D7EF803322A5F56210800192A666F2A4F46D1D57B915F7AAE
:2086480098F8053273F80F2A4F4669602A4F46F8042A917E9830102B2B2B2A5F56211000EC
:208668001936011E0018021E01E806C9E8F3F8137EF80277F8147EF80377F8192A4F46CB28
:2086880021CB10F8022A5F5621080019E57DF80677E17CF80577F81ACB7E280FF8042A5FFC
:2086A800561A6F131A67094D7C18062193CB097C4DF806712377F8022A5F5621050019E5F8
:2086C8007DF80A77E17CF809322A5F561AF80022131A77F8162A4F46F8022A5F5621070087
:2086E80019E57DF80C77E17CF80B77F8007E912015237E902010F80A2A5F2A571A77F8155E
:208708007EF80C962815F8082A666F792270F80A2A5F56F8157E1216011802160021B3DA7F
:20872800792270F8157EEAB5DA016338F8132A5F7EF5F8082A666FF1E5D53357D56960CDE0
:208748006A39E8057BB72836F8187EB7281FF8042A5F561A4F131A47F8185EAF6B6729791C
:20876800954F789C47F8042A666F792270F8082A666FAF2277F80A2A666F36001818F80204
:208788002A5F561A4F131A4779C6F94F78CEFF473A6E67792270E80DC9E8FCF80A7EF800CE
:2087A80077F80B7EF80177F80C2A4F46CB21CB10CB7E281CD1D521080019E57DF80477E194
:2087C8007CF803322A5F561A6F131A67094D18052193CB094D692A6EAFB5201CD1D51A4FF4
:2087E800131A4779C6FD4F78CEFF47E1E5792270D1D5211000193601E804C9F8082A4F467A
:20880800CB21CB10CB7E280FF8062A5F56210800192A666F0918042193CB097EF5331E0278
:20882800216B53CDF83933C9E8F7F80F7EF80077F8107EF80177F8122A4F46CB21CB10D12D
:20884800D521080019E57DF80477E17CF80377F813CB7E2816F8022A5F561A6F131A6709C4
:208868005D541AF80422131A77180D2193CB095D541AF80422131A77F8142A4F46CB21CBA7
:2088880010CB7E2810F8022A5F561A6F131A67092A4F4618072193CB092A4F46F8063600E7
:2088A8003E06F81196DA3E49F8047E912007237E903E012801AFF80777F8042A917E985659
:2088C80078CB7F2807CB7A2008BF1805CB7A2801373E0017F80877F804799623789E7857D2
:2088E800CB7E2807CB7A2008BF1805CB7A2801373E00174FF8115E16002107491919E91845
:2089080035180A180E18131819181C1823F8073A771823F8083A2B77181C79EE01F806772F
:208928001814F80671180FF8083A2BEE01771806F8073AEE0177F8067EB72809D1D5F816CD
:208948002A12137E12F8187EB7281FF8022A5F561A4F131A47F8185EAF6B672979954F7801
:208968009C47F8022A666F792270E809C9E8F9F80D7EF80077F80E7EF80177F8102A4F46C0
:20898800CB21CB10D1D521080019E57DF80477E17CF80377F811CB7E2810F8022A5F561AFF
:2089A8006F131A67092A4F4618072193CB092A4F46F80436003E06F80F96DA534AF8127E6C
:2089C800912007237E903E012801AFF80577F812799623789E7857CB7E2807CB7A2008BF56
:2089E8001805CB7A2801373E0017F80677F8122A917E985678CB7F2807CB7A2008BF180578
:208A0800CB7A2801373E00174FF80F5E1600211C4A1919E91835180A180E18131819181CC3
:208A28001823F8053A771823F8063A2B77181C79EE01F804771814F80471180FF8063A2BFE
:208A4800EE01771806F8053AEE0177F8047EB72809D1D5F8142A12137E12F8167EB7281F70
:208A6800F8022A5F561A4F131A47F8165EAF6B672979954F789C47F8022A666F792270E87E
:208A880007C9E8FCF80A2A4F462108000933335D54D51AF80222131A77F80C2A4F46CB21B2
:208AA800CB10CB7E280AF8022A666F094D4418062193CB094D4469602A4F46F8022A666F0D
:208AC800792270D1D51A4F131A470303E1E5792270E804C9E8FCF80A2A5F2A572A4F46CBFA
:208AE80021CB102108001933335D54D51AF80222131A77F80DCB7E280AF8022A666F094D9B
:208B08004418062193CB094D4469602A4F46F80C792270CB21CB10CB7E280AF8022A666F00
:208B2800094D4418062193CB094D4469602A4F46F8022A666F792270D1D51A4F131A47034A
:208B480003E1E5792270E804C9E8FCF80A2A4F462108000933335D54D51AF80222131A77E7
:208B6800F80DCB7E281CF8022A4F4679D6934F78DECB47CB38CB19F80C2A5E814F7B88477C
:208B88001805F80C2A4F46F8022A666F792270D1D51A4F131A470303E1E5792270E804C9DA
:208BA8003B3BF8082A4F46210800094D4459501AF80022131A77F80A7E5F079F57CB23CB9F
:208BC80012E1E5195D547B02037A023333C9E8FCF80A2A5F2A572A4F46CB21CB1021080021
:208BE800193333E5F80DCB7E2811D1D51A6F131A67094D7CF802712377180B2193CB094DF0
:208C08007CF802712377F80E2A4F46CB21CB10CB7E280AD1D51A6F131A670918042193CB5D
:208C2800092A4F46F8022A666F792270E804C9F8082A4F46CB21CB10CB7E2811F8062A5F1C
:208C480056210800192A666F094D4418062193CB094D44F80A2A02037E02C9E8FAF80C7EC6
:208C6800F80077F80D7EF80177F80E2A4F46CB21CB10D1D521080019E57DF80677E17CF8EA
:208C88000577F80FCB7E2814F8042A5F561A6F131A67094D7CF802712377180B2193CB094A
:208CA8005D54F8027B2272F8102A4F46CB21CB10CB7E280DF8042A5F561A6F131A670918CD
:208CC80019D1D5210A0019E57DF80677E17CF805322A5F561A6F131A67092A4F46F8022A3E
:208CE800666F792270E806C9F8087E0F3003CDBD0140C9F8062A4F46211000093601C9F892
:208D0800082A4F46CB21CB10CB7E2811F8062A5F56210800192A666F094D4418062193CBE6
:208D2800094D44F80A2A5F561A5F16007B02037A02C9F8082A4F46CB21CB10CB7E2811F85C
:208D4800062A5F56210800192A666F094D4418062193CB094D44F80A2A5F561A5F079F57BD
:208D68007B02037A02C93B3BF80A2A4F46CB21CB10CB7E2816F8082A5F56210800192A6EE8
:208D8800814F7D88F800712377180B2193CB094D7CF800712377F80C2A4F4669602A4F4631
:208DA800E1E57922703333C9F80A2A4F46CB21CB10CB7E2811F8062A5F56210800192A66F2
:208DC8006F094D4418062193CB094D44F8082A5F560A12C9F80A2A4F46CB21CB10CB7E288E
:208DE80011F8062A5F56210800192A666F094D4418062193CB094D44F8082A5F560A12C9A7
:208E08003B3BF80C2A4F46CB21CB10CB7E2811F8082A5F56210800192A666F094D441806F0
:208E28002193CB094D44F80A7EF80077F80B7EF8017769602A4F46E1E57922703333C9F8B1
:208E4800082A4F2A477E02C9F8082A4F2A472A02037E02C9F8082A4F46CB21CB10CB7E2876
:208E680010F8062A5F56210800192A666F094D18052193CB094D692A4F46C5CD4437E1C995
:208E8800E8FCCD19377BF812A6234F7AA647F810799623789E380CF8102A5F5679935F7867
:208EA8009A474BF810799623789E380CF8102A5F5679935F789A474BF80C7EF80077F80DFE
:208EC8007EF80132CB2623CB16F80DCB7E281EF80A2A5F56210800195D541AF80222131A21
:208EE80077F8022A5F56E1E5195D5418081193CBE1E5195D54F80E2A666F094D447912132E
:208F08007812E804C9F8062A4F462111000934218BCB34C9F8062A4F46211100097EB7C875
:208F28003D77218BCB35C93B3BF80A7EEA8DCBF80B7EEA8ECBF8082A4F46595013131AEA72
:208F48008FCB69602A665F542190CB7B227259501AF80022131A77D1D5F80B6E2600195DE4
:208F6800547B02037A023333C9E8FCF80A2A5F2A572A4F46CB21CB10210800193333E5F86F
:208F88000DCB7E280AD1D51A6F131A670918042193CB092A664F44CB21CB10CB7C2811D196
:208FA800D51A6F131A67094D7CF802712377180B2193CB094D7CF802712377F80E2A4F46A2
:208FC800CB21CB10CB7E280AD1D51A6F131A670918042193CB092A4F46F8022A666F792284
:208FE80070E804C9E8FCF80A2A5F2A572A4F46CB21CB10210800193333E5F80DCB7E2811BA
:20900800D1D51A6F131A67094D7CF802712377180B2193CB094D7CF802712377F80E2A4FB6
:2090280046CB21CB10CB7E280AD1D51A6F131A670918042193CB092A664F44CB21CB10CB7B
:209048007C280AD1D51A6F131A670918042193CB092A4F46F8022A666F792270E804C9F87A
:20906800082A4F46CB21CB10CB7E280FF8062A5F56210800192A666F0918042193CB09E52A
:20908800218CCB4EE1AF712377218CCB3600C9F8082A4F46CB21CB10CB7E280FF8062A5F63
:2090A80056210800192A666F0918042193CB095D54010000F80C7E912004237E90C8F80A80
:2090C8002A12137E12130318EBE8FAF8127EF80077F8137EF80132CB2623CB16F80C2A5F81
:2090E80056F8102A4F46CB21CB1021080019E57DF80477E17CF80377F811CB7E280FF8021B
:209108002A5F561A6F131A67094D7C18062193CB097C4DF804712377F80E2A4F46CB21CB87
:2091280010CB7E280DF8022A5F561A6F131A670918042193CB095D54C1C5C5F8062A4F463D
:20914800CD2F10E806C9E8FBF80B7EB7282211000ED5110000D51193CBD5CD6B39E8061151
:209168003001D5110000D51153CAD5CD6B39E806F8023E932236D12185CB3E532236CAAFD2
:209188002183CB2277AFF80022771170CBF8043610F8047EB728474B42030303F8002A0297
:2091A800037E02210A00194D44F8022A02037E02210C00194D44F8043A2B02D52A5F562197
:2091C800800019D1E57DF80477E17CF803224B427BC6ED5F7ACEFF573333C53518B3218B3F
:2091E800CB3600218CCB3600AF2187CB2277FA83CBEA89CBFA84CBEA8ACBE805C9E8F3213D
:2092080086CB3AB62006010000C368532185CB2A4F46F80279227021030009E57DF80B7722
:20922800E17CF80A322A5F561A2185CB22131A775950F8142A12133A2B12595013137E128B
:2092480021080009E57DF80677E17CF80577210A00095D541AF80B22131A77F8042A5F5689
:20926800F80B2A12137E12210D00095D54F8162A12137E123AB628122A5F56210C00097E72
:20928800F80B22AF327E1213AF12210F0009360021110009360021120009360021070009D9
:2092A8003600F8092A666FAF22772184CB3AB628252A4F46030303F80B792278322A5F568C
:2092C8001A4F131A47B120ECF80B2A5F56F8022A12137E1218062183CB792270F8187EB754
:2092E8002879E5211A00395D54E16B6223E57DF80877E17CF80777F8187EF80C77F80C7EB3
:20930800B72858F8042A5F561AF80822131A322A4F460303F8042A666F792270F8062A5F46
:2093280056210200193333E5F8007EF80677F8017EF80777D1D52102007B955F7A9CF80B1F
:20934800327B222B2A5F3A571A22131A322B2B2A5F2A572A12132A123518A2F8022A4F46C3
:20936800E80DC9FA83CBEA93D9FA84CBEA94D92194D93AB628502A4F46210C00095EF806A2
:209388007E932033210D00092A4F4678B1281A6960233A5EF680577B02037A022193D92AFC
:2093A8004F46210D0009AF22772193D92A4F46210F00093E0177C903030359501A2193D934
:2093C80022131A7718A9AFC9FA83CBEA95D9FA84CBEA96D92196D93AB628272A4F46210C89
:2093E80000095EF8067E93200A210D0009AF22773E01C903030359501A2195D922131A771D
:0494080018D2AFC9FE
:020000040002F8
:200750001204190000FFFC1A0047630000FFFC010947A40100010A66A1081A0047760000B9
:200770000000040947A314000000006608086AF8082103C6065701140000FFFC142280FF72
:20079000FD140480FFFE35FFFC3201FFFC27030208806000000100010A660208180947A5BC
:2007B000001204190000FFFC1A0047C40000FFFC010948050100020A66A1081A0047D70034
:2007D0000000000409480414000000006608086AF8082103C6065701140000FFFC142280AF
:2007F000FFFD140480FFFE35FFFC3201FFFC27030208806000000100020A66020818094800
:2008100006001204190000FFFC1A0048250000FFFC010948660100020A66A1081A004838A8
:20083000000000000409486514000000006608086AF8082103C6065701140000FFFC14008F
:2008500000FFFD140300FFFE35FFFC3201FFFC270302089B5A00000100020A660208180953
:200870004867001204190000FFFC1A0048860000FFFC010948C70100030A66A1081A004814
:200890009900000000040948C614000000006608086AF8082103C6065701140000FFFC1435
:2008B0000000FFFD140300FFFE35FFFC3201FFFC270302089B5A00000100030A66020818FB
:2008D0000948C8001204190000FFFC1A0048E70000FFFC010949280100030A66A1081A00CF
:2008F00048FA000000000409492714000000006608086AF8082103C6065701140000FFFCDE
:20091000140A80FFFD140700FFFE35FFFC3201FFFC27030208875C00000100030A671D0806
:2009300018094929001204190000FFFC1A0049480000FFFC010949890100070A67C9081A04
:2009500000495B000000000409498814000000006608086AF8082103C6065701140000FFB6
:20097000FC142200FFFD141000FFFE35FFFC3203FFFC27030208875C00001204190000FF73
:20099000FC1A00499D0000FFFC010949DE0100040A66A1081A0049B000000000040949DDBB
:2009B00014000000006608086AF8082103C6065701140000FFFC140A80FFFD140700FFFE2A
:2009D00035FFFC3201FFFC27030208875C00000100040A671D08180949DF0012041900007F
:2009F000FFFC1A0049FE0000FFFC01094A3F0100050A67C9081A004A110000000004094AE9
:200A10003E14000000006608086AF8082103C6065701140000FFFC142200FFFD141000FFE8
:200A3000FE35FFFC3203FFFC27030208875C00001204190000FFFC1A004A530000FFFC0154
:200A5000094A940100060A67C9081A004A660000000004094A9314000000006608086AF8B6
:200A7000082103C6065701140000FFFC142200FFFD141000FFFE35FFFC3203FFFC27030228
:200A900008875C00001204190000FFFC1A004AA80000FFFC01094AE90100010A66A1081AB8
:200AB000004ABB0000000004094AE814000000006608086AF8082103C6065701140000FF93
:200AD000FC140600FFFD140B80FFFE35FFFC3201FFFC27030208636100000100010A66028E
:200AF0000818094AEA001204190000FFFC1A004B090000FFFC01094B4A0100080A67C9080C
:200B10001A004B1C0000000004094B4914000000006608086AF8082103C606570114000053
:200B3000FFFC142200FFFD141000FFFE35FFFC3203FFFC27030208875C00001204190000B1
:200B5000FFFC1A004B5E0000FFFC01094B9F0100090A67C9081A004B710000000004094B5E
:200B70009E14000000006608086AF8082103C6065701140000FFFC142200FFFD141000FF27
:200B9000FE35FFFC3203FFFC27030208875C00001204190000FFFC1A004BB30000FFFC0192
:200BB000094BF401000A0A67C9081A004BC60000000004094BF314000000006608086AF82E
:200BD000082103C6065701140000FFFC142200FFFD141000FFFE35FFFC3203FFFC270302C7
:200BF00008875C00001204190000FFFC1A004C080000FFFC01094C4901000B0A67C9081A60
:200C1000004C1B0000000004094C4814000000006608086AF8082103C6065701140000FF6D
:200C3000FC140080FFFD140F80FFFE35FFFC3201FFFC27030208875C00001204190000FFD5
:200C5000FC1A004C5D0000FFFC01094C9E01000C0A67C9081A004C700000000004094C9DBB
:200C700014000000006608086AF8082103C6065701140000FFFC140080FFFD140F80FFFEE9
:200C900035FFFC3201FFFC27030208875C00001204190000FFFC1A004CB20000FFFC010988
:200CB0004CF301000D0A67C9081A004CC50000000004094CF214000000006608086AF8082B
:200CD0002103C6065701140000FFFC140080FFFD140F80FFFE35FFFC3201FFFC27030208EB
:200CF000875C00001204190000FFFC1A004D070000FFFC01094D4801000E0A67C9081A0064
:200D10004D1A0000000004094D4714000000006608086AF8082103C6065701140000FFFC70
:200D3000140080FFFD140F80FFFE35FFFC3201FFFC27030208875C00001204190000FFFCD4
:200D50001A004D5C0000FFFC01094D9D0100020A66A1081A004D6F0000000004094D9C14D5
:200D7000000000006608086AF8082103C6065701140000FFFC140600FFFD140B80FFFE3545
:200D9000FFFC3201FFFC27030208636100000100020A66020818094D9E000100010A682104
:200DB0000818094DAA001204190000FFFC1A004DC90000FFFC01094E0A01000F0A67C908FA
:200DD0001A004DDC0000000004094E0914000000006608086AF8082103C60657011400000C
:200DF000FFFC140080FFFD140F80FFFE35FFFC3201FFFC27030208875C0000120419000014
:200E1000FFFC1A004E1E0000FFFC01094E5F0100100A67C9081A004E310000000004094E48
:200E30005E14000000006608086AF8082103C6065701140000FFFC140080FFFD140F80FFC7
:200E5000FE35FFFC3201FFFC27030208875C00001204190000FFFC1A004E730000FFFC010E
:200E7000094EB40100110A67C9081A004E860000000004094EB314000000006608086AF81B
:200E9000082103C6065701140000FFFC140080FFFD140F80FFFE35FFFC3201FFFC27030229
:200EB00008875C00001204190000FFFC1A004EC80000FFFC01094F090100120A67C9081A11
:200ED000004EDB0000000004094F0814000000006608086AF8082103C6065701140000FF26
:200EF000FC140080FFFD140F80FFFE35FFFC3201FFFC27030208875C00001204190000FF13
:200F1000FC1A004F1D0000FFFC01094F5E0100010A66A1081A004F300000000004094F5D20
:200F300014000000006608086AF8082103C6065701140000FFFC140900FFFD141480FFFE98
:200F500035FFFC3203FFFC270302086A6200000100010A66020818094F5F001204190000A7
:200F7000FFFC1A004F7E0000FFFC01094FBF0100020A66A1081A004F910000000004094FFA
:200F9000BE14000000006608086AF8082103C6065701140000FFFC140900FFFD141480FF78
:200FB000FE35FFFC3203FFFC270302086A6200000100020A66020818094FC00012041900E7
:200FD00000FFFC1A004FDF0000FFFC010950200100020A66A1081A004FF2000000000409C5
:200FF000501F14000000006608086AF8082103C6065701140000FFFC140A80FFFD14070072
:20101000FFFE35FFFC3201FFFC27030208875C00000100020A671D081809502100120419F4
:201030000000FFFC1A0050400000FFFC010950810100010A66A1081A005053000000000449
:2010500009508014000000006608086AF8082103C6065701140000FFFC140A80FFFD1407A7
:2010700000FFFE35FFFC3201FFFC27030208875C00000100010A671D08180950820012044D
:20109000190000FFFC1A0050A10000FFFC010950E20100030A66A1081A0050B400000000AF
:2010B000040950E114000000006608086AF8082103C6065701140000FFFC140900FFFD146A
:2010D0001480FFFE35FFFC3203FFFC270302086A6200000100030A660208180950E300122B
:2010F00004190000FFFC1A0051020000FFFC010951430100010A66A1081A00511500000027
:20111000000409514214000000006608086AF8082103C6065701140000FFFC140000FFFDC4
:20113000140300FFFE35FFFC3201FFFC270302089B5A00000100010A6602081809514400D2
:201150000001020304050607FFFFFEFEF8F8F1F0F3F0E3E0EFE0FFE7FFFF7F7F1F1F8F0F65
:20117000CF0FC707F707FFE7DFEFF9D9FFDFFFDFDFEFEFF0C7F8FFFFFBF79F9BFFFBFFFBE9
:20119000FBF7F70FE31FFFFFFFFFFCFCF0F0F0E0E0E0E0C0E0C0E4C4FFFF3F3F0F0F0F0749
:2011B0000707070307032723F0C0F0E0F8E0FFF0EFFFF0CFFFC0FFFF0F030F071F07FF0FA6
:1011D000F7FF0FF3FF03FFFF013F5051000058518D
:020000040001F9
:20C751000000000000000000000000000000000000000000000000000000000000000000C8
:20C771000000000000000000000000000000000000000000000000000000000000000000A8
:20C79100000000000000000000000000000000000000000000000000000000000000000088
:20C7B100000000000000000000000000010203040000000000000000000000000000000559
:20C7D100060708090000000000000000000000000000000A0B0C0D0E0000000000000000EE
:20C7F100000000000000000F10111213000000000000000000000000000000141516171865
:20C811001900000000000000000000000000001A1B1C1D1E1F000000000000000000000043
:20C831000000000020212223000000000000000000000000000000002425262700000000CB
:20C851000000000000000000000000000000000000000000000000000000000000000000C7
:20C871000000000000000000000000000000000000000000000000000000000000000000A7
:20C89100000000000000000000000000000000000000000000000000000000000000000087
:08C8B10000000000000000007F
:208B9B002800FFFFFFFFFFFFFFFFFFFFFFFFFFFFFFFFFFFFFFFFFFFFFEFEFCFCF9F8F3F0E0
:208BBB00E3E4FFFFE0E0808014007E00FD00FE00FC00FFFF7F7F0F0F030301010000020068
:208BDB000500FFFFFFFFFFFFFFFFFFFFFFFF7F7F3F3FFFFFFFFFFFFFFFFFFFFFFFFFFEFE15
:208BFB00FEFEC1CE839C809F203F203E343C7F7F7B7FFF00FF007F80BF401FE00B74007F73
:208C1B0080FF0F005F00FF00FF00FB00F0007C8C2FDF9F1F9F1FCF0FCF0FE707E707E7074B
:208C3B00E707FEFEFEFEFEFEFFFFFFFFFFFFFFFFFFFF7C7F7F7F7F7F3F3F3F3F9F9F9F9FD2
:208C5B00CFCF00FFC0FFFCFFFFFFFFFFFFFFFFFFFFFF01FF00FF00FFC8FFFFFFFFFFFFFFED
:208C7B00FFFF07E707E707E707E7CFCFCFCF9F9F9F9FFFFFFFFFFFFFFFFFFFFFFEFEFCFC81
:208C9B00F9F9E7E7F3F3C1C18F8F3F3F7F7FFFFFFFFFFFFFFFFFFFFFFFFFFFFFFFFFFFFF09
:208CBB00FEFDFFFFFEFEF8F8FCFEF0F0D5E0BFC0FF003F3F7F7F3F3F0F0F07075303F90131
:208CDB00FC00F3F3F3F3E7E7E7E7E7E7E7E7E7E7E7E7FFFFFFFFF8FFF0FFFCFFFEFFFFFF05
:208CFB00FFFFE7F82BD401FE0AF500FF00FF00FF80FFFF00FF0055AAAA5500FF00FF00FF0A
:208D1B0001FFFC00FE0046B802FC11FE7BFCF9FEF2FDFFFF7F7F7F7F7F7F3F3F3F3F3F3F64
:208D3B003F3FE7E7E7E7E7E7E7E7E7E7F3F3F8F8FCFCF7F7FCFFFCFFECEFEFEFCFCF0F0F6D
:208D5B000F0F80FF02FD00FF00FFFFFFFFFFFFFFFFFF01FFFF001FE00BF4C1FEF0FFFFFFBD
:208D7B00FFFF717E707F78FFF87F3EBE1E9E008001813F3F3F3F3F3F3F3F7F7F7F7FFFFF62
:208D9B00FFFFCFCFCFCFCFCFCFCF9F9F9F9F9F9F3D20FFFFFFFFFFFFFDFDF9F9F9F9F9F961
:208DBB005939FFFFFFFFFEFFFEFFFCFFF8F8F8E0D0801F9F1F9F1F9F9F1F9F1F9F1F4F0F2B
:208DDB000F0F1F203F3F8F8FC0C0F0F0FFFFFFFFFFFFD901F8F8E2E207071F1FFFFFFFFF4F
:208DFB00FFFF7880FDFF3F3F0000C0C0FFFFFFFFFFFFE7074FCF1F1F3F3FFFFFFFFFFFFFAC
:028E1B00FFFF57
:020000040002F8
:0E11E0001412069B4B00000007514700000050
:020000040001F9
:20C8B90000000000000000000000000000000000000000000000000000000000000000005F
:20C8D90000000000000000000000000000000000000000000000000000000000000000003F
:20C8F900000000000000000000000000000000000000000000000000010203040000000015
:20C91900000000000000000000000005060708090A00000000000000000000000000000BC6
:20C939000C0D0E0F100000000000000000000000000000111200001314000000000000004E
:20C959000000000000000015161718191A000000000000000000000000001B1C1D1E1F2080
:20C979002100000000000000000000000000220A2324252627000000000000000000000098
:20C99900000028292A002B2C2D00000000000000000000000000002E2F3031320A00000085
:20C9B90000000000000000000000003334353637380000000000000000000000000000001D
:20C9D90000000000000000000000000000000000000000000000000000000000000000003E
:20C9F90000000000000000000000000000000000000000000000000000000000000000001E
:08CA1900000000000000000015
:205A8F003900FFFFFFFFFFFFFFFFFFFFFFFFFFFFFFFFFFFFFFFFFFFFFCFCF8F8F3F0E7E042
:205AAF00CFC0FFFFC0C000003500FE00FD00FF00FF00FFFF0F0F030300008000000080007A
:205ACF000100FFFFFFFFFFFFFFFF7F7F1F1F0F0F4707FFFFFFFFFEFEFEFEFCFCFCFCF9F940
:205AEF00F9F987980F300778037C01FE00FF80F980F0FF00FF00FF00FF007F80BF401FE069
:205B0F002BD483004100EB00FF00FF00FF00FF00FE00F3035303F901F901FC00FC007E0018
:205B2F001E00FFFFFFFFFFFFFFFFFFFFFFFF7F7F7F7FF9F9F3F3F3F3F3F3F3F3F3F3F9F9E6
:205B4F00F9F9D8F8EFFFE7FFEAFFF1FFFFFFFFFFFFFF01FE007F80FF00FF80FFD0FFFEFF86
:205B6F00FFFF7F83AF5300FF00FF00FF00FF00FFD0FF0E00DFD0FFF0AAF500FF00FF00FF02
:205B8F0000FE7F7F3F3F3F3F3F3F3F3F3F3F3F3F7F7FF9F9FCFCFCFCFEFEFEFEFFFFFFFF32
:205BAF00FFFFFFFFFFFFFFFF7F7F7F7F3F3F9F9FCFCFEAFEFEFEFCFCF9F9F9F9F3F3E7E714
:205BCF00CFCF7F7F7F7FFFFFFFFFFFFFFFFFFFFFFFFFFFFFFFFFFCFCF8F8F3F3E7E7CFCFF2
:205BEF009F9F878703037F7FFFFFFFFFFFFFFFFFFFFFFFFFFFFFFFFFFFFFFFFFFFFFFFFF5E
:205C0F00F9FEFFFFFFFFFFFFFCFEFEF8FFF0DFE0BF408787010100000000AA00D500FF0059
:205C2F00FF00FFFFFFFFFFFF7F7F3F3F1F1FCF0FE707FFFFFFFFFFFFFEFEFEFEFEFEFEFEEC
:205C4F00FEFE9F9F3F3F3F3F7F7F7F7F7F7F7F7F7F7FFFFFFFFFF8FFE0FFE0FFF0FFF8FF72
:205C6F00FCFFEFF0ABD401FE0AF500FF02FD00FF00FFFF00FF005FA0AA5500FFAA5500FFC9
:205C8F0000FFFF00FF00FF00AA5500FF00FF03FF0FFFE707F303F30339C119E109F189F1AA
:205CAF00C8F4FCFCFCFCFCFCFCFCFCFCFCFCFEFEFEFEFEFFFFFFFFFFFFFFB8BFB0BFB0BF05
:205CCF00BFBF00FF00FF00FF02FD00FF00FF00FFFFFF00FF00FF00FFAA555FA02FD001FE47
:205CEF0000FF1FFF1FFF1FFF9F7FF707FF0FFF07BF47C4F8C8F484F888F480FCC0FCC1F9A4
:205D0F00E1F9FEFEFFFFFFFFFFFFFFFFFFFFFFFFFFFF7F7F3E3E8080C1C1FFFFFFFFFFFFB6
:205D2F00FFFF3F3F3F3F3F3F3F3F3F3F3F3F3F3F3F3FF8FFFFFFFFFFFFFFFFFFFFFFFFFF7B
:205D4F00FFFF13EB00F8F0F8F3F3E3F3E1F9E1F9E9F1F9F9F3F307070F0FFFFFFFFFFFFF10
:205D6F00FFFFFEFEFEFEFEFEFEFEFEFEFCFCFCFCF8F97F7F7F7F7F7F7F7F7F7FFFFFFE80D7
:205D8F00FF00FFFFFCFCFCFCFCFCFCFCFCFCFC1C0C04FFFFFFFFFFFFFFFFFCFEFDF0FEC05A
:205DAF00FCC0E1F9C9F199E119018C00000002000400F9F9FCFCFEFEFFFFFFFFFFFFFFFF80
:205DCF00FFFF01FEFFFF1F1F0000E0E0FFFFFFFFFFFF40B8F3F3C7C70F0F3F3FFFFFFFFFBD
:205DEF00FFFF617E3F3F8787C0C0F8F8FFFFFFFFFFFF748AFCFCE1E103031F1FFFFFFFFFC9
:125E0F00FFFF7F7FFFFFFFFFFFFFFFFFFFFFFFFFFFFF93
:020000040002F8
:0E11EE001412058F5A00000007B948000000D7
:020000040001F9
:20CA21000000000000000000000000000000000000000000000000000000000000000000F5
:20CA41000000000000000000000000000000000000000000000000000000000000000000D5
:20CA61000000000000000000000000000000000000000000000000000102030400000000AB
:20CA8100000000000000000000000005060708090A00000000000000000000000000000B5D
:20CAA1000C0D0E0F100000000000000000000000000011121314151617180000000000008B
:20CAC100000000000000191A001B1C1D1E1F0000000000000000000000000020210000222E
:20CAE10023000000000000000000000000002425000026272829000000000000000000002B
:20CB010000002A002B2C2D2E2F3000000000000000000000003132333435363738391800E4
:20CB2100000000000000000000003A3B3C3D3E3F404142000000000000000000000043443F
:20CB4100000000454647000000000000000000000000004800494A4B4C0000000000000090
:20CB6100000000000000004D4E4F5051525300000000000000000000000000005455005487
:08CB81000000000000000000AC
:205E21005600FFFFFFFFFFFFFFFFFFFFFFFFFFFFFFFFFFFFFFFFFFFFFFFFFFFFFFFFFCFC2F
:205E4100F0F0FFFFFFFFFFFFFFFFC0C0000000003500FFFFFFFFFFFFFFFF010100000000BA
:205E61000000FFFFFFFFFFFFFFFFFFFF7F7F1F1F0707FFFFFFFFFFFFFFFFFEFEFCFCF8F805
:205E8100F0F1E0E0C3C08F801F003F003F401FE03FC0FE00F500FF00FF00FF00FF00FF0005
:205EA100FF0080004000A0004000A0004000E000C00003030101000000000A0015003F005C
:205EC1001500FFFFFFFFFFFF7F7F3F3F1F1F8F0F4707E0E3E0E3C0C7888F888F808F181F8B
:205EE1001C1F1FE02FD007F80BF401FE02FD00FF00C3FF00FF00FF00FF00FF00FF001FE0B1
:205F01002FD0F800F500FF00FF00FF00FF00FF00FF003F005F00FF00FF00FF00FF00FF0001
:205F2100E000C707E303E303F101F101F800F800F800FFFFFFFFFEFEFEFEFEFEFEFEFEFE32
:205F4100FEFE1E1F1C1F3F3F3F3F3F3F3F3F3F3F3F3F40C1E0E1F8F8BFFF0EFFAAFFC2FFF1
:205F6100EFFF01FE02FD00FF00FF00FF00FF00FF40FF7F80BF4015EA0AF500FF00FF00FF01
:205F810000FFE000F030FE3EBF7F07FF0AFF00FF02FF7C007C003C00FCC0D4A8A8D400FC94
:205FA10000FC7F7F7F7F7F7F7F7F7F7F7F7F7F7F7F7FFEFEFFFFFFFFFFFFFFFFFFFFFFFF04
:205FC100FFFF3F3F1F1F1F1F1F1F8F8F8F8FC7C7E3E3F8FFFDFFFFFFFFFFFFFFFFFFFFFF11
:205FE100FFFF00FF00FFF8FFFFFFFFFFFFFFFFFFFFFF00FF00FF00FF50FFFFFFFFFFFFFF71
:20600100FFFF00FC00FC00F800F8F8F8F1F1F1F1E3E37F7F7F7FFFFFFFFFFFFFFFFFFFFF2D
:20602100FFFFE3E3F1F1F8F8FCFCFEFEFCFCF0F0E0E0FFFFFFFFFFFF7F7F3F3F1F1F0F0F6B
:20604100FFFFFFFFFFFFFFFFFFFFFEFEFCFCF0F0FFFEC7C7C7C78F8F1F1F3F3F1F1F070736
:206061000303FFFFFFFFFEFEFCFCF8F8F1F1F1F1E3E383830F0F1F1F7F7FFFFFFFFFFFFF55
:20608100FFFFFFFFFFFFFFFFFFFFFEFFFDFEFBFC8F70FAFCF0F0E0C0D500FF00FF00FF00D3
:2060A100FF000101000080005400FF00F500FF00FF00FFFFFFFF7F7F3F3F1F1F0F0FC70776
:2060C100E303C7C7C7C78F8F8F8F8F8F1F1F1F1F1F1FFFFFFFFFFFFFE0FF80FF00FF00FF53
:2060E10000FFF8FFC7F885FA2AD500FF0AF500FF02FDFF00FF007F80BF4055AAAA5500FF77
:20610100AA55FF00FF00FF00FF005FA0AA5500FFA05FFF00FF00FF00FF0050AFA05F00FF8E
:2061210003FFE303F101F101F800788038C018E008F0FFFFFFFFFFFFFFFFFFFFFEFEFEFECC
:20614100FEFE1F1F1F1F1F1F1F1F1F1F3F3F3F3F3F3FFFFFFFFFFFFFFFFFFFFFFFFFFEFEA2
:20616100FDFDE0FFF0FFF0FFF8FFFCFFFEFFFEFFFCFF00FF00FF00FF00FF00FF00FF00FF87
:2061810000FF00FF0AF500FF00FF00FF00FF00FFAA5500FF00FF00FF00FF00FF00FF00FF0E
:2061A100A05F07FF1FFF7FFF7FFFFFFFBFBFBFBF3FBF8CF08CF084F80CF084F808F400FCE3
:2061C10008F41F1F1F1F1F1F1F1F1F1F8F8FC7C7E0E0FDFDFDFDFDFDF9F9FBFBF1F1C1C1E6
:2061E1000101F8FFC0FFC0FF80FF80FFFFFFFFFFFFFF00FF02FD00FF00FF00FFFFFFFFFF38
:20620100FFFF15EAAF5005FA00FF00FFD0FFFEFFFFFF57A8FF00FF00BF4007F802FD00FFC1
:20622100C0FFFF7FFF3FDF1FDF1FCF0FC70701C100C000FC00FC80FCC0F8F8F8F1F1E3E3F4
:2062410007077F7F7F7F7F7FFFFFFFFFFFFFFFFFFFFFF0F0F8F8FFFFFFFFFFFFFFFFFFFF79
:20626100FFFF01013131F1F1F1F1F1F1F1F1E3E3E3E3F8FFFFFFFFFFFFFFFFFFFFFFFFFFBC
:20628100FFFF80C086C687C707C707C707C707C707C70F0F1F1FFFFFFFFFFFFFFFFFFFFFCD
:2062A100FFFFE3E3E3E3E3E3E3E3C7C7C7C7C7C78F8FFEFEFEFEFEFEFEFEFEFEFEFEFEFE1B
:2062C100FEFE7F7F3F3F3F3F3F3F3F3F3F3F3F3F3B3CFEFFFCFFF8FFFFF0F0E0F0C0E80012
:2062E100400007C723C3E303E30323031101110108008F881F101718888FC7C7E0E0F0F0D1
:20630100F8F8FB00F500FF002FD0FFFFFFFF000000001EFE0404BC00E41CF0F0C1C103035A
:206321000F0F37382F3017181C1F8787C0C0E0E0F8F8A0004000FF002FD0FFFFFFFF0000EE
:20634100000008000000F804A058F1F1030307070F0FFFFFFFFF7F7FFFFFFFFFFFFFFFFF3A
:20636100FFFF0000FFFFFFFFFFFFFFFFFFFFFFFFFFFF3F3FFFFFFFFFFFFFFFFFFFFFFFFFBA
:02638100FFFF1C
:020000040002F8
:0E11FC00141205215E00000007214A000000C9
:020000040001F9
:20CB890000000000000000000000000000000000000000000000000000000000000000008C
:20CBA90000000000000000000000000000000000000000000000000000000000000000006C
:20CBC90000000000000000000000000000000000000000000000000000000000000000004C
:20CBE90000000000000000000000000000000000000000000000000000000000000000002C
:20CC0900000000000000000000000000000000000000000000010200000000000000000008
:20CC29000000000000000003040506070800000000000000000000000000090A0B0C0D0E85
:20CC49000F10000000000000000000000000111213141516171819000000000000000000EF
:20CC690000001A1B1C1D14141E1F200000000000000000000000212223242526272829006B
:20CC8900000000000000000000002A2B2C2D2E2F3031320000000000000000000000333486
:20CCA900000000000335000000000000000000000036373800000000393A3B0000000000E0
:20CCC90000000000003C3D000000003E3F40414200000000000000004344004546474849A8
:08CCE9004A4B4C4D0000000015
:206383004E00FFFFFFFFFFFFFFFFFFFFFFFFFFFFFFFFFFFFFFFFFFFFFFFFFFFFFFFFFFFFCA
:2063A300F0F0FFFFFFFFFFFFFFFFFFFFFFFFFFFF0000FFFFFFFFFFFFFFFFFFFFFFFFFCFC1C
:2063C300F8F8FFFFFCFCF0F0C0C0808003000F003F000000000000000D00FF00F500FF0023
:2063E300F5000000000000005000A0004000A00050000F0F03030000000000000000000061
:206403000000FFFFFFFF7F7F1F1F0F0F070703030101FFFFFFFFFFFFFFFFFFFFFEFEFEFE1F
:20642300FCFCF0F0E0E0C1C28384030C031C011E033C7F00FF00FF00FF00FF00FF00FF0032
:20644300FF00FF00FD00FF00FF00FF00FF00FF00FF00E8005000E8005000E800D000E80034
:20646300D00000000000000000000000000000000000000000000C0004002B005500BF00FA
:206483005500FFFF7F7F3F3F1F1F0F0F8707C3034303F8F8F8F8F0F0F0F0E0E1E0E1C2C38D
:2064A300C2C3017E027D01FE02FD00FF02FD00FF00FFFF00FF00FF00FF007F80BF405FA063
:2064C300AF50FF00FF00FF00FF00FF00FF00FF00FF00F800F400FE00FD00FF00FF00FF00DE
:2064E300FF00000001008B005500FF00FF00FF00FF00FF005500FF007F00FF00FF00FF00EE
:20650300FF00E101E101F000F800F800FC00FC00FC00FFFFFFFFFFFF7F7F7F7F3F3F3F3FEF
:206523003F3FC2C387878787878787870F0F0F0F0F0F00FF00FF00FF00FF80FF00FC80F8D4
:20654300CCFC17E82BD401FE0AF500FF020D00070007FF00FF00FF00FF005FA0AF5005FA5F
:206563002AD5FF00FF00FF00FF00F700C00080008000FC00FE00FE00FE00FF00FF007F00F3
:206583003F003F3F1F1F1F1F1F1F0F0F0F0F0F0F0F0F0F0F0F0F0F0F0F0F0F0F0F0F878747
:2065A3008787EEFEEFFFFFFFEFFFF3FFFAFFF0FFFAFF00030003E0E3FCFFFCFFFCFF00FF78
:2065C300A8FF00FF02FD00FF00FF00FF00FF00FF00FF57A8AB5401FE0AF500FF00FF00FF20
:2065E30000FFFF00FF005FA0AA5500FF0AF500FF00FFE0E0F0F0FEFEFFFF3FFFAFFF00FF1C
:206603002AFF3F003F003D22FAE5D0EFE8D740FF80FF0F0F0F0F0F0F0F0F0F0F0F0F0F0F84
:206623000F0F8787C3C3C3C3C3C3E1E1E1E1F0F0F0F0FDFFFFFFFFFFFFFFFFFFFFFFFFFF65
:20664300FFFF0EFFFDFFFFFFFFFFFFFFFFFFFFFFFFFF00FF00FFE0FFF4FFFFFFFFFFFFFF72
:20666300FFFF00FF00FF00FF00FFA0FFF5FFFFFFFFFF00FF00FF00FF00FF00FF00FFFAFF9B
:20668300FFFF04FF00FF00FF00FF00FF50FFFAFFFFFF00FE00FE00FE00FC04FC1CFCF8F8B6
:2066A300F0F01F1F1F1F1F1F3F3F3F3F3F3F7F7FFFFFF8F8FCFCFCFCFEFEFFFFFFFFFFFFF1
:2066C300FEFE7F7F3F3F3F3F1F1F0F0F878783830101F0F0E1E1C3C3C3C387870F0F0F0F57
:2066E3000707FFFFFFFFFFFFFFFFFFFFFFFFFEFEFCFCFCFCF0F0E0E0C1C183830F0F1F1F25
:206703003F3F07073F3F7F7FFFFFFFFFFFFFFFFFFFFFFFFEFCFEFEFEFEFCFCF8F0E0D0E017
:20672300C08001014000200000000200010000000100FFFFFFFF7F7F3F3F1F1F0F0F87074E
:206743004303F8F8F0F0E1E1E1E1C3C3C3C3878787877F7FFFFFFFFFFFFFFFFFFFFFFFFF82
:20676300FFFFFFFFF9FEFFF8F7F8FFF0FFE0DFE03FC0AA005500FF00FF00FF00FF00FF00B7
:20678300FF00AA005500FF00F500FF00FF00FF00FF00A1015000F8005800FC00FE00FE00CE
:2067A300FE00FFFFFFFF7F7F7F7F3F3F1F1F1F1F1F1FFFFFFFFFFEFEFEFEFEFEFEFEFCFCC4
:2067C300FCFC0F0F0F0F1F1F1F1F1F1F1F1F3F3F3F3FFFFFFFFFFFFFFFFFFFFFFDFFF8FFA5
:2067E300F0FFFFFFFFFFFFFFFFFFFFFFB4FF00FF00FFFFFFFEFFF8FFC7F805FAAA5500FF52
:206803002AD5C0FF3FC07F80FF005FA0AF5055AAAA55FF00FF00FF00FF00FF00FF005FA0C5
:20682300AF50FF00FF00FF00FF00FF00FF00FF00FE01FF00FF00FF00FF00FF00FE01F40B65
:20684300A857FF00FF00FF00FF00D7288B7401FE02FD0F0F0F0F870787078707870787073C
:026863008707A5
:020000040002F8
:0E120A00141205836300000007894B000000EA
:020000040001F9
:20CCF100000000000000000000000000000000000000000000000000000000000000000023
:20CD11000000000000000000000000000000000000000000000000000000000000000102FF
:20CD31000304000000000000000000000000000000000506070800000000000000000000C1
:20CD51000000000000000000000000000000000000000000000000000000000000000000C2
:20CD7100000001020400000000000000000000000000000000000506080000000000000088
:20CD9100000000000000000000000000000000000000000000000000000000000000000082
:20CDB10000000000000009000900000000000000000000000000000000090A0B0B0C00001B
:20CDD100000000000000000000000000090A0D000E0F000900000000000000000000000AF2
:20CDF1000B0D0E0000100B0C000000000000000000000A0D000000000E0000100C00000094
:20CE1100000000000000110000000000000000000F090000000000000000110000000000C7
:20CE310000000E00100C0009090900000A0B0D00000000000000000E00100B0B0B0B0B0B1A
:20CE51000D000000000000001200FFFFFFFFFFFFFFFFFFFFFFFFFFFFFFFFFFFFFFFFFFFFB8
:20CE7100F0F0E6E0C8C0C0C08080FFFFFFFFE3E309011400000000000000FFFFFFFFC3C391
:20CE910008002600410000000000FFFFFFFFFFFFFFFF1F1F2F0F170703039080F8C0DCC016
:20CEB100EFE0F7F0FBF8FFFFFFFF000000000700EF00FF00F9019383FFFF00000700EF00C3
:20CED100FF00F800D7C7FFFFFFFF1B033F03FB03E707DF1FFFFFFFFFFFFFFFFFFFFFFFFF72
:20CEF100FFFFFFFBFBBFBBEFABFFC1C1BE806916522F6D17B79FAF9F5F3F90906F00906F07
:20CF11006FFFBEFFFFFFFFFFFFFF83837D0196684AF4B6E8EDF9F5F9FAFC4F3FBF7F57FF91
:20CF3100BFFFFFFFDFFFFFFFFFFFFFFFF7FFFFFFFFFFFFFFFDFFBFFFFFFFF5F9EAFCFAFCDA
:20CF5100F5F9FAFCFAFCFAFCEAFCF2FCFDFEEAFFFDFFFFFFFBFFFFFFFFFF573F5F3F5F3F76
:0ACF71005F3FAF9F5F3F573FAF9F48
:020000040002F8
:0E121800141207594E00000007F14C000000B0
:020000040000FA
:20740600000000000000000000000000000000000000000000000000000000000000000066
:20742600000000000000000000000000000000000000000000000000000000000000000046
:20744600000000000000000000000000000000000000000000000000000000000000000026
:20746600000000000000000000000000000000000000000000000000000000000000000006
:207486000000000000000000000000000000000000000000000000000000000000000000E6
:2074A6000000000001020300000000000000000000000000000000000000000000000000C0
:2074C6000000000000000102030000000000000000000000000000000000000000000000A0
:2074E60000000000000000000000000000000000000102030000000000000000000001027D
:2075060004030000000000000000000000000000000000000000000000000000000000005E
:20752600000000000000000102040300000000000000000000050607000000000000000029
:20754600000000000001020300000000000102040300000000000005060700000000000003
:207566000001020403000000000000000000000000000000000001020403000000000000F1
:207586000000050607000000000000000000000506080700000000000001020300000000B3
:2075A6000000000000000000000000000000000000000000000000000506080700000000AB
:2075C600000000000000000000000000000000000000000000000506070000000000050688
:2075E60008070000000000000000000000000000000005060807000000000000000000005C
:2076060000000000000000050608070000000000000000000000000000000000000000004A
:20762600000000000000000000000506070000000000000000000000000000000000000032
:20764600000000000000000000000000000000000000000000000000000000000000000024
:20766600000000000000000000000000000000000000000000000000000000000000000004
:207686000000000000000000000000000000000000000000000000000000000000000000E4
:2076A6000000000000000000000000000000000000000000000000000000000000000000C4
:2076C600090A0000090A0000090A0000090A0000090A00000900000000000000000000003C
:2076E600000000000000000000000000000000000000000B00000000000000000000000079
:20770600000000000000000000000000000000000000000000000000000000000000000063
:207726000000000000000000000000000000000000000B0B0000000000000000000000002D
:2077460000000000000000000000000000000000000C0D0E0E0F0D0E0E0F0D0E0E0F0D0E54
:207766000E0F0D0E0E0F0000000000000000000000000000000000000000000000000000AE
:20778600000B0B10111200000000000000000000000000000000000000000000000000009A
:2077A6000000000000000000000000000000000000000000000000000000000000000000C3
:2077C60000001011111200000000000000000000000000000000000000000000000000005F
:2077E6000000131414141414141414141414141414141414141414000000000000000000E0
:2078060000000000000000000000000000000000001011111500161112000B0000000B00CC
:20782600000000000000000000000B00000000000000000000000000000000000000000037
:20784600000000000B000000000000000000000000001015000016120B00000B0B10120087
:2078660000000000000000000000000000000000000000000017000000001700001819178C
:207886001819000000001A1B0000000000000B0000000000000000001C0000000B00101129
:2078A6001111150000000000001611111111111200000000000000000000001011111200CA
:2078C6000000000000000B0B0B00000000000000000000101111120000000B0B0000000027
:2078E6000B00001D00000000161111111111151E00000000000000000000000000000000BC
:207906000000000000001700000000171F20000017212200001823242500000B10111111C8
:20792600120000000000000000260B00101111150000002700270000000000000027000042
:207946001E0000000000000B000000002829292A0000000000000010111200000000000B16
:20796600000B10111500001611111111111111111111111115000000270027000000270054
:207986001E0000000000000000000000000000000000000000000017000000001700001A7B
:2079A6001B1700001A00212B2C211111111500000016120000000000000026101115000010
:2079C60000000000000000000027000000000000001E000000101111120000000000000018
:2079E6000000000B0000000028292A0000000010111111150000270000000000000000007C
:207A06000000000000000000000000000000002727161112000000000000000000000000D9
:207A2600000000000000000017000000001700000000171F000000002B2C00000000000085
:207A46000000271E00002D2E2F0000261D000000000000000000000000000000000000000E
:207A660000001E0000002829292A000000000000000000001012000000000000000000001C
:207A86001D00000000000000000027000027270000000027000000270000270000000000D9
:207AA6000000000016111112000030312F000030312F0000090E0E0E0E0E0E0E0E0E0E0EB3
:207AC6000E0E0E0E0E0E0E0E0E0E0E0E27000000000000001E00000000000000261D000070
:207AE600000027000000000000000000272727000000001E000000000000000000000000C6
:207B060000000000001D1E000000000000000000001D0000000000000000270000000000E0
:207B26000000000000000000000000000000000000000000270000001E00000017000000E3
:207B460000170000000C0000000000000000000000000000000000000000000000000000FC
:207B660000000000001E00000000000000261D002700270000000000000000000027000029
:207B8600272700001E0000000000000000000000000000000000282A000000000000000021
:207BA60000001D000000002700000000000000000000000000002700000000000000000054
:207BC6000000000027000000001E00000017000000001700000013320000000000000000E7
:207BE600000000000000000000000000000027000000000000001E00000000000000261DF7
:207C06000000000000000000000000000000000000000000001E0000000000000000000040
:207C2600000000000000000000000000000000000000001D00000027000000270027002785
:207C460000000000000027000000000000000000000000000000000000001E0000001700C2
:207C660000000017000000000C0000000000000000000000000000000000000000000000DB
:207C8600000000000000001E000B0B0B000000331D00000000002700000000000027000001
:207CA6000000000000001E00000000000000000000000000000000000000000000000000A0
:207CC60000000000283400270000000000000000000000000000000000000000000000001B
:207CE60000000000000000000000001E000000170000000017000000000C00000000000026
:207D06000000000000000000000000000000000000270000000000001611111111111111A9
:207D260011150000000000000000000000270000000000000000001E0000000000000000D2
:207D4600000000000000000000000000000000000000000000001D00000000000000000000
:207D6600000000000027000000000000000000000000000000270000000000001E00000091
:207D860017000000001700000000133200000000000000000000000000000000000000006A
:207DA6000000000027000027000027000000000000000000270000000000002700000000FA
:207DC60000000000000000001E00000000000000000000000000000000000000000000007F
:207DE600000000000000001D0000000000002700000000002727000000270000000000279D
:207E0600270000000000000027000000001E00000035000000003500000000000C0000007A
:127E26000000000000000000000000000000000000004A
:020000040001F9
:208E1D003600FFFFFFFFFFFFFFFFFFFFFFFFFFFFFFFFFFFFFFFFFFFFF0F0E6E0C8C0C0C067
:208E3D008080FFFFFFFFE3E309011400000000000000FFFFFFFFFFFFFFFF1F1F2F0F1707A3
:208E5D000303FFFFFFFFC3C3080026004100000000009080F8C0DCC0EFE0F7F0FBF8FFFFF3
:208E7D00FFFF000000000700EF00FF00F9019383FFFF1B033F03FB03E707DF1FFFFFFFFF8E
:208E9D00FFFF00000700EF00FF00F800D7C7FFFFFFFFC280BD42403F5F30582F576F956F90
:208EBD004B3F4301BD4202FC7A8C9AF46AF4E9F6D2FCFFFFFFFFFFFFFFFFFFFBFBBFBBEFD5
:208EDD00ABFF572F956F572F4B3F572F552F976F4B3FFAF4F3FCE8F7F5FAEBFFFFFFFFFF06
:208EFD00FFFF4200BD4200FF77A888FF77FFDDFFFFFF5F2FCF3F17EFAF5FD7FFFFFFFFFF9F
:208F1D00FFFFC1C1BE806916522F6D17B79FAF9F5F3F90906F00906F6FFFBEFFFFFFFFFFFB
:208F3D00FFFF83837D0196684AF4B6E8EDF9F5F9FAFC4B3F956F572F582F5F30403FBD4246
:208F5D00C280FFFFDDFF77FF88FF778800FFBD4242004F3FBF7F57FFBFFFFFFFDFFFFFFFE2
:208F7D00FFFFF2FCFDFEEAFFFDFFFFFFFBFFFFFFFFFFD5ABD5ABD5ABD5ABD5ABD5ABD5AB94
:208F9D00D5ABFFFFFFFFD0FFFBFFFBFF80FFEFFFEFFFFFFFFFFF87FFDFFFDFFF09FF7FFF56
:208FBD007FFFFFFFFFFFF7FFF7FF41FFFFFFFFFFFCFFFFFFFFFFFFFFFFFF7FFFEFFFEFFFA5
:208FDD0003FFFBFFF7FDFBF7F7EFFBBFB7DD9BF7D7EF573F5F3F5F3F5F3FAF9F5F3F573F14
:208FFD00AF9FF5F9EAFCFAFCF5F9FAFCFAFCFAFCEAFCFDFFFDFF80FFEFFFEFFF82FFFFFFB4
:20901D00FFFFFFFFFFFF0FFFBFFFFFFFFFFFFFFFFFFFFCFFFFFFFFFF41FFF7FFF7FFFFFF54
:20903D00FFFF03FFEFFFEFFF7FFFFFFFFFFFFFFFFFFFFFFFF8FFF7FFEBFFE7FFD5EFD7EF7C
:20905D00E3DFFFFF1FFFEFFFF7FFF7FFFBF7FBF7E7FB7FFF7FFF09FFDFFFDFFF87FFFFFF31
:20907D00FFFFEFFFDFF7EFDFF7EFFBFFF7FDFBF7F7EFFFFFF7FFFFFFFFFFFFFFFDFFBFFFEF
:20909D00FFFF5F3FAF9FB79F6D17522F6916BE80C1C1FFFFFFFFFFFF7DFFF6FF09F6F600CF
:2090BD000909FAFCF5F9EDF9B6E84AF496687D018383D7EFD5EFD5EFD7EFD5EFE0DFD5EFFE
:2090DD00D5EFFBF7FBF7FBF7FBF7FBF7E7FBFBF77BF780807F00A0DFDFEFFFFFFFFFFFFFE9
:2090FD00FFFF0000FF0010EFEFF7FFFFFFFFFFFFFFFF0101FE0009F7F7FBFFFFFFFFFFFF8D
:20911D00FFFF80807F00A1DEDFEFFFFFFFFFFFFFFFFF0000FF0055AAABFFD5ABD5ABD5AB48
:20913D00D5ABFFFFFFFFFFFFD7FFAF5F17EFCF3F5F2FFBBFB7DD9BF7D7EFEFFFF7DFEFF7C2
:20915D00F7FBFFFFFFFFDFFFFFFFBFFF57FFBF7F4F3FD5ABD5ABD5ABD5ABD5ABD5ABAA5549
:02917D00D5AB70
:020000040002F8
:0E1226009112061D4E0000000106740000002B
:020000040001F9
:20917F000000010000000000000000000000000000020000000001000000000000000000CC
:20919F00000000000002000000000100000304000000000000000000000200000005060099
:2091BF0000000000000000000000070800090A000001000000000000000B0C0000000D0E3B
:2091DF0000000200000100000F10000000000000000000000000020000010000000000004B
:2091FF00000000030400000000000200000100000000000000000000000000000000020044
:20921F00050611121212121212121212121212121211090A010013070800000000000000D0
:20923F000F100000001300020600130D0E000000000000000000001415130009000013004F
:20925F0000001415000708000000000B0C1300001415130000000B0C00000000000000003A
:20927F00001300000B0C130000000000000000000F10000000130000000013000007070837
:20929F00001617000000000000130B0C0000130000000D0E001819000000000304130000DF
:2092BF0000001A00000000000018190000000000001A00001B1B1B1B1B1B1B1B1B1B1B1BE6
:2092DF001B1B1B1B1B1B1B1B00000000000000000000000000000000000000000000000097
:1092FF00000000000000000000000000000000005F
:020000040000FA
:207E38001C00FFFFFFFFFFFFFFFFFFFFFFFFFFFFFFFFEAF4A9F6EAF4D2FCEAF4AAF4E9F69A
:207E5800D2FC572F956F572F4B3F572F552F976F4B3FFFFFFFFF40FFEFFFEFFF81FFFFFF73
:207E7800FFFFFFFF43FFF7FFF7FFE1FFFFFFFFFF4BFFFFFFFFFFFFFFEBFFF5FAE8F7F3FCF9
:207E9800FAF4D2FCE9F66AF49AF47A8C02FCBD424301FFFFFFFFF7FFF7FF41FFFFFFFFFFD8
:207EB800FCFFFFFFFFFFFFFFFFFF7FFFEFFFEFFF03FF4B3F956F572F582F5F30403FBD42B3
:207ED800C280FFFFFFFFFFFFD7FFAF5F17EFCF3F5F2FFCFFFFFFFFFF41FFF7FFF7FFFFFFA7
:207EF800FFFF03FFEFFFEFFF7FFFFFFFFFFFFFFFFFFFEFFFEFFF80FFFBFFFBFFD0FFFFFFFC
:207F1800FFFF7FFF7FFF09FFDFFFDFFF87FFFFFFFFFFFDFFFDFF80FFEFFFEFFF82FFFFFF37
:207F3800FFFFFFFFFFFF0FFFBFFFFFFFFFFFFFFFFFFF0000FF0055AAABFFD5ABD5ABD5AB43
:207F5800D5AB0000FF0010EFEFF7FFFFFFFFFFFFFFFFD5ABD5ABD5ABD5ABD5ABD5ABD5AB2D
:207F7800D5ABFFFFFFFFD0FFFBFFFBFF80FFEFFFEFFFFFFFFFFF87FFDFFFDFFF09FF7FFF8B
:207F98007FFFFFFFF8FFF7FFEBFFE7FFD5EFD7EFE3DFFFFF1FFFEFFFF7FFF7FFFBF7FBF76A
:207FB800E7FBD7EFD5EFD5EFD7EFD5EFE0DFD5EFD5EFFBF7FBF7FBF7FBF7FBF7E7FBFBF71A
:207FD8007BF7D5ABD5ABD5ABD5ABD5ABD5ABAA55D5AB4200BD4200FF77A888FF77FFDDFF60
:027FF800FFFF89
:020000040002F8
:0E123400141401387E000000067F51000000F7
:020000040001F9
:20CF7B00000001000000000000000000000000000002000000000100000000000000000092
:20CF9B0000000000000200000000010000030400000000000000000000020000000506005F
:20CFBB0000000000000000000000070800090A000001000000000000000B0C0000000D0E01
:20CFDB0000000200000100000F100000000000000000000000000200000100000000000011
:20CFFB0000000003040000000000020000010000000000000000000000000000000002000A
:20D01B00050611121212121212121212121212121211090A01001307080000000000000096
:20D03B000F100000001300020600130D0E0000000000000000000014151300090000130015
:20D05B0000001415000708000000000B0C1300001415130000000B0C000000000000000000
:20D07B00001300000B0C130000000000000000000F100000001300000000130000070708FD
:20D09B00001617000000000000130B0C0000130000000D0E001819000000000304130000A5
:20D0BB0000001A00000000000018190000000000001A00001B1B1B1B1B1B1B1B1B1B1B1BAC
:20D0DB001B1B1B1B1B1B1B1B0000000000000000000000000000000000000000000000005D
:20D0FB00000000001C1C1C1C00000000000000001D00FFFFFFFFFFFFFFFFFFFFFFFFFFFF96
:20D11B00FFFFEAF4A9F6EAF4D2FCEAF4AAF4E9F6D2FC572F956F572F4B3F572F552F976FFA
:20D13B004B3FFFFFFFFF40FFEFFFEFFF81FFFFFFFFFFFFFF43FFF7FFF7FFE1FFFFFFFFFFAF
:20D15B004BFFFFFFFFFFFFFFEBFFF5FAE8F7F3FCFAF4D2FCE9F66AF49AF47A8C02FCBD423F
:20D17B004301FFFFFFFFF7FFF7FF41FFFFFFFFFFFCFFFFFFFFFFFFFFFFFF7FFFEFFFEFFFDF
:20D19B0003FF4B3F956F572F582F5F30403FBD42C280FFFFFFFFFFFFD7FFAF5F17EFCF3F96
:20D1BB005F2FFCFFFFFFFFFF41FFF7FFF7FFFFFFFFFF03FFEFFFEFFF7FFFFFFFFFFFFFFF51
:20D1DB00FFFFEFFFEFFF80FFFBFFFBFFD0FFFFFFFFFF7FFF7FFF09FFDFFFDFFF87FFFFFFD8
:20D1FB00FFFFFDFFFDFF80FFEFFFEFFF82FFFFFFFFFFFFFFFFFF0FFFBFFFFFFFFFFFFFFF84
:20D21B00FFFF0000FF0055AAABFFD5ABD5ABD5ABD5AB0000FF0010EFEFF7FFFFFFFFFFFF6F
:20D23B00FFFFD5ABD5ABD5ABD5ABD5ABD5ABD5ABD5ABFFFFFFFFD0FFFBFFFBFF80FFEFFFA9
:20D25B00EFFFFFFFFFFF87FFDFFFDFFF09FF7FFF7FFFFFFFF8FFF7FFEEFBEEFBDEEBDEEB34
:20D27B00E0DFFFFF1FFFEFFFF75FF75FFB57FB5707FBDEEBDEEBDEEBDEEBDEEBE0DFDEEB03
:20D29B00DEEBFB57FB57FB57FB57FB5707FBFB57FB57D5ABD5ABD5ABD5ABD5ABD5ABAA556B
:20D2BB00D5AB4200BD4200FF77A888FF77FFDDFFFFFFFFFFFFD7D7838301C783EFC7FFEFFD
:02D2DB00FFFF53
:020000040002F8
:0E1242001414070B51000000077B4F00000042
:020000040001F9
:20686500000000000000000000000000000000000000000000000000000000000000000013
:206885000000000000000000000000000000000000000000000000000000000000000000F3
:2068A5000000000000000000000000000000000000000000000000000000000000000000D3
:2068C5000000000000000000000000000000000000000000000000000000000000000000B3
:2068E50000010203000000000000000000000000000000000004050600000000000000007E
:20690500000000000000000000000000000000000000000000000102070300000000000065
:20692500000000000000000000000405080600000000000000000107030000000000000030
:20694500000000000000000000000408060000000000000000000000000000000000000020
:2069650000000000000000000000000000000000000000000000090A0000000000000000FF
:20698500000000000000000000000B000000000000000000000000000000000000000B00DC
:2069A5000000000000000000000000000000000000000B000A0C000000090C000000090C87
:2069C5000000000000000B00000D0000000B0D0000000B0D0000000000000B00000E0A0A3D
:2069E5000A0F0E0A0A0A0F0E0A0C000000090F000000000000101111111111111112131442
:206A0500150B000000000000000D00000000000016170018000B000000000000000D191AB4
:206A2500000000001B1C0018000B000000000000000D1D1E0000000000000018000B00008C
:206A45000000000010120000001F2015090C1314150B0000000000000D0000000000000052
:206A65000B0D0018000B0000000000000D0000212200000023120018000B0000000000002E
:206A85000D0000000000000000000024000B0000000000000E0A0A0A0C0000000000090A6A
:206AA5000A0F00000000000010111111121F150000000B0000000000000000101200000002
:206AC5000000191A00000B00000000000000000D0000000000001D1E00000B000000000020
:206AE5000000101200000000000000001F150B0000000000001012000000002122000000CB
:206B050000000B0000000000000D0000000000000000000000000B0000000000000D00251B
:206B2500161700001F2015000000232600000000000D00001B1C0000000000000000000B37
:206B450000000000000D0000090C0000000000272500000B00000000000D28292312002103
:206B6500220000000000002326000000000D2A2B0000000000000000000016170B0000000B
:206B8500000D2A2B000000000000000000001B1C0B000000000D2C2D0000191A0000212270
:206BA5000000000023111111000E0A0A0A0C1D1E00000000000000002E00000000000000D9
:206BC500000D0000001F2015000000002F000000111111111112000000000000002725006D
:206BE5002F000000000000000000000000000000000000002F0021223031191A000000213A
:206C050022000000000000003200000033341D1E16170000000000000000001F20150000F8
:206C2500333400001B1C00000000001B1C000000000000000A0A0A0A0A0A0C00000013140B
:206C450015000000000000000000000000000D0000000018000000000000000000000000F5
:206C65000010120000000018000000001617000000000000000D0000000000180000000083
:186C85001B1C000000000000000D3535353535183535353535353535EA
:20930F003600FFFFFFFFFFFFFFFFFFFFFFFFFFFFFFFFFFFFFFFFFFFFF0F0E6E0C8C0C0C070
:20932F008080FFFFFFFFE3E309011400000000000000FFFFFFFFFFFFFFFF1F1F2F0F1707AC
:20934F0003039080F8C0DCC0EFE0F7F0FBF8FFFFFFFF000000000700EF00FF00F9019383EA
:20936F00FFFF1B033F03FB03E707DF1FFFFFFFFFFFFFFFFFFFFFC3C30800260041000000AB
:20938F00000000000700EF00FF00F800D7C7FFFFFFFFC280BD42403F5F30582F576F956F97
:2093AF004B3F4200BD4200FF77A888FF77FFDDFFFFFF572F956F572F4B3F572F552F976F34
:2093CF004B3F4301BD4202FC7A8C9AF46AF4E9F6D2FCEAF4A9F6EAF4D2FCEAF4AAF4E9F690
:2093EF00D2FCFAF4F3FCE8F7F5FAEBFFFFFFFFFFFFFF5F2FCF3F17EFAF5FD7FFFFFFFFFF7F
:20940F00FFFFFFFFFFFFFFFFEBFFF5FAE8F7F3FCFAF4FFFFDDFF77FF88FF778800FFBD42DC
:20942F004200D2FCE9F66AF49AF47A8C02FCBD42430180807F00A1DEDFEFFFFFFFFFFFFF35
:20944F00FFFF0000FF0055AAABFFD5ABD5ABD5ABD5AB0101FE0009F7F7FBFFFFFFFFFFFF6B
:20946F00FFFFFFFFFFFFF7FFF7FF41FFFFFFFFFFFCFFFFFFFFFFFFFFFFFF7FFFEFFFEFFF6E
:20948F0003FFD5ABD5ABD5ABD5ABD5ABD5ABD5ABD5ABFFFFFFFFD0FFFBFFFBFF80FFEFFF8F
:2094AF00EFFFFFFFFFFF87FFDFFFDFFF09FF7FFF7FFFEFFFEFFF80FFFBFFFBFFD0FFFFFF51
:2094CF00FFFF7FFF7FFF09FFDFFFDFFF87FFFFFFFFFFFCFFFFFFFFFF41FFF7FFF7FFFFFF1C
:2094EF00FFFF03FFEFFFEFFF7FFFFFFFFFFFFFFFFFFF80807F00A0DFDFEFFFFFFFFFFFFF45
:20950F00FFFF0000FF0010EFEFF7FFFFFFFFFFFFFFFFFDFFFDFF80FFEFFFEFFF82FFFFFF90
:20952F00FFFFFFFFFFFF0FFFBFFFFFFFFFFFFFFFFFFF4B3F956F572F582F5F30403FBD42B6
:20954F00C280D5ABD5ABD5ABD5ABD5ABD5ABAA55D5ABFFFF43FFF7FFF7FFE1FFFFFFFFFF33
:20956F004BFFFFFFFFFFFFFFD7FFAF5F17EFCF3F5F2FFFFFFFFF40FFEFFFEFFF81FFFFFF7D
:20958F00FFFF80807F00A0DFFAFFFDFAFDFAFDFAFDFA0101FE0009F7BFFF5FBF5FBF5FBFD3
:2095AF005FBFFDFAFDFAFDFAFDFAFDFAFDFAFDFAFDFA5FBF5FBF5FBF5FBF5FBF5FBF5FBFF4
:2095CF005FBFFDFAFDFAFDFAFDFAFDFAFDFAFAF5FDFA5FBF5FBF5FBF5FBF5FBF5FBFAF5FEC
:2095EF005FBFFFE7FFDBFBDFEFF7F7EFF7FFF7EFFFEFF7EFF7FFF7EFFFEFF7EFF7FFF7EF9C
:20960F00FFEFFFFFF8FFF7FFEBFFE7FFD5EFD7EFE3DFFFFF1FFFEFFFF7FFF7FFFBF7FBF76C
:20962F00E7FBF7EFF7FFF7EFFFEFF7FFFFE7FBDFE7FFD7EFD5EFD5EFD7EFD5EFE0DFD5EF92
:20964F00D5EFFBF7FBF7FBF7FBF7FBF7E7FBFBF77BF7BBBBFFBBFFBB99DDBBDD997711FF1F
:02966F0011EEFA
:020000040002F8
:0E1250001436060F530000000565680000000C
:020000040001F9
:20D2DD00000000000000000000000000000000000000000000000000000000000000000031
:20D2FD0000000000000000000000000000000000000000000000000000000000010200000E
:20D31D000000000000000000000000000000000000030000000000000000000000000000ED
:20D33D000000000000030000000000000000000000000000000000000003000004010101C3
:20D35D00010101010101010101010200000300040500000000000000000000000000060290
:20D37D0000030405000000000000070800000000000000060006050000090A000000000051
:20D39D000000000000000000000B0C00000D0E00000000000000000F1000000000111200FC
:20D3BD000000000000000F1000000013140000000015160017180000000000141800000084
:20D3DD000000000000031900000000001A1B0000000000000000000000031C1D1D1D1D1D2F
:20D3FD001D1D1D1D1D1D1D1D1D1D1D1D0003000000000000000000000000000000000000B1
:20D41D000003000000000000000000000000000000000000000300000000000000000000E9
:20D43D0000000000000000001E00FFFFFFFFFFFFFFFFFFFFFFFFFFFFFFFFFFFFDDFF77FF71
:20D45D0088FF778800FFBD424200FFFFFFFFFFFFD7FFAF5F17EFCF3F5F2F572F956F572F59
:20D47D004B3F572F552F976F4B3FFFFFFFFFFFFFEBFFF5FAE8F7F3FCFAF4D2FCE9F66AF4D1
:20D49D009AF47A8C02FCBD4243014B3F956F572F582F5F30403FBD42C280FFFFFFFF40FF75
:20D4BD00EFFFEFFF81FFFFFFFFFFFFFF43FFF7FFF7FFE1FFFFFFFFFF4BFFFFFFFFFFD0FFDA
:20D4DD00FBFFFBFF80FFEFFFEFFFFFFFFFFF87FFDFFFDFFF09FF7FFF7FFF80807F00A0DFA0
:20D4FD00FAFFFDFAFDFAFDFAFDFA0101FE0009F7BFFF5FBF5FBF5FBF5FBFFCFFFFFFFFFF0D
:20D51D0041FFF7FFF7FFFFFFFFFF03FFEFFFEFFF7FFFFFFFFFFFFFFFFFFFFFFFFFFFF7FF80
:20D53D00F7FF41FFFFFFFFFFFCFFFFFFFFFFFFFFFFFF7FFFEFFFEFFF03FFFDFAFDFAFDFA68
:20D55D00FDFAFDFAFDFAFAF5FDFA5FBF5FBF5FBF5FBF5FBF5FBFAF5F5FBFEFFFEFFF80FFA8
:20D57D00FBFFFBFFD0FFFFFFFFFF7FFF7FFF09FFDFFFDFFF87FFFFFFFFFFC280BD42403FCD
:20D59D005F30582F576F956F4B3F4301BD4202FC7A8C9AF46AF4E9F6D2FCFDFFFDFF80FFAD
:20D5BD00EFFFEFFF82FFFFFFFFFFFFFFFFFF0FFFBFFFFFFFFFFFFFFFFFFFEAF4A9F6EAF4DA
:20D5DD00D2FCEAF4AAF4E9F6D2FCC0C0BFB87C7F7F7C7C7F7F7C7C7F7F7C0303FD0100FE5C
:20D5FD00FE1818FEFE0018FEFE00FAF4F3FCE8F7F5FAEBFFFFFFFFFFFFFF4200BD4200FF01
:0AD61D0077A888FF77FFDDFFFFFF0D
:020000040002F8
:0E125E00141207455400000007DD5200000086
:020000040001F9
:209671000001010101010101010101010101010101010101000101010101010101010101BB
:20969100010101020304050100010101010101010101010101010106070809010001010177
:2096B100010101010101010101010101010101010001020305010101010101010101010173
:2096D100010101010001060709010101010101010101010101010101000101010101010148
:2096F100010101010101010A0B0C0101000101010101010101010101010D0E0F10110B0BC2
:209711000001010101010101010101010101011213010101110B0C0101010101010A0C01BD
:20973100010101140F10010101010001010101010113000101010114011301010101000E87
:20975100150116170113000101010114011301010101000101010101011300010101011440
:20977100011301010101000101010101011300010101011401130101010100011819010143
:20979100011300010101011401130101010100011A1B010D0E1300010101011401130101E1
:2097B1000101000101010101010F1C0101010114010F1D1D1D1000010101010101010101CD
:2097D1000101011401011201010F1C0E15011E1F0101010101010114010114010120212229
:2097F100230101010101010101010114010114010124252627010101010A0C0D1501011417
:2098110001011401010A0C01010101010113000101010114010128010113110B0C0D0E1541
:209831000A29000101010114010D0E0E0113012A1C0101010F100001010101140101010109
:209851000113010001010101010F1C01010101140101010101130100011E1F01010101013E
:20987100010101280101010101130100011819010101010101010D0E150101010113010012
:2098910001010101010101010101010101010101011301000E150101010A0C15010101013D
:2098B1000101010101130100010101181913000101010101010101010113010016170101EA
:2098D100011300010101010101010101011301000101010D0E13000101010101010101010B
:2098F1000113010001010101011300010101010101010101010F10000101222301130001A5
:20991100010101010101010101011300150126270113000101010101010101010101130084
:209931000101010101130001010101010101010101011300010101010113000101010101C3
:2099510001010101010113000101010101130001010101010101010101010F1C1E1F010D44
:209971000E0F1C010101010101010101010120210101010101010101010101010101010141
:20999100010124250122230101010101010101010101010101010A0C0126270101010101AD
:2099B100010A0C0101010101010113110B0B0B0B0B0B0B0B0B29110B0B0B0B0B010113016A
:2099D100010101010101010101010101010101012B00EAF4A9F6EAF4D2FCEAF4AAF4E9F6B7
:2099F100D2FCFFFFFFFFFFFFFFFFFFFFFFFFFFFFFFFFFFFFFFFFFFFFF0F0E6E0C8C0C0C0F0
:209A11008080FFFFFFFFE3E309011400000000000000FFFFFFFFC3C3080026004100000064
:209A31000000FFFFFFFFFFFFFFFF1F1F2F0F170703039080F8C0DCC0EFE0F7F0FBF8FFFF72
:209A5100FFFF000000000700EF00FF00F9019383FFFF00000700EF00FF00F800D7C7FFFF6B
:209A7100FFFF1B033F03FB03E707DF1FFFFFFFFFFFFFC280BD42403F5F30582F576F956FF3
:209A91004B3F4200BD4200FF77A888FF77FFDDFFFFFF4301BD4202FC7A8C9AF46AF4E9F6E3
:209AB100D2FC80807F00A0DFDFEFFFFFFFFFFFFFFFFF0000FF0010EFEFF7FFFFFFFFFFFF25
:209AD100FFFF4B3F956F572F582F5F30403FBD42C280FFFFFFFFFFFFD7FFAF5F17EFCF3F9B
:209AF1005F2FFAF4F3FCE8F7F5FAEBFFFFFFFFFFFFFFFFE7FFDBFBDFEFF7F7EFF7FFF7EFF6
:209B1100FFEF572F956F572F4B3F572F552F976F4B3FF7EFF7FFF7EFFFEFF7EFF7FFF7EFA0
:209B3100FFEF0101FE0009F7F7FBFFFFFFFFFFFFFFFFFDFFFDFF80FFEFFFEFFF82FFFFFF6A
:209B5100FFFFFFFFFFFF0FFFBFFFFFFFFFFFFFFFFFFFFFFFFFFFF7FFF7FF41FFFFFFFFFF12
:209B7100FCFFFFFFFFFFFFFFFFFF7FFFEFFFEFFF03FFEFFFEFFF80FFFBFFFBFFD0FFFFFF69
:209B9100FFFF7FFF7FFF09FFDFFFDFFF87FFFFFFFFFFD2FCE9F66AF49AF47A8C02FCBD42D8
:209BB1004301FFFFDDFF77FF88FF778800FFBD424200FFFFFFFF40FFEFFFEFFF81FFFFFFA5
:209BD100FFFFFFFF43FFF7FFF7FFE1FFFFFFFFFF4BFF80807F00A0DFFAFFFDFAFDFAFDFA48
:209BF100FDFA0101FE0009F7BFFF5FBF5FBF5FBF5FBFFFFFFFFFD0FFFBFFFBFF80FFEFFFFB
:209C1100EFFFFFFFFFFF87FFDFFFDFFF09FF7FFF7FFFFDFAFDFAFDFAFDFAFDFAFDFAFAF54A
:209C3100FDFA5FBF5FBF5FBF5FBF5FBF5FBFAF5F5FBFFCFFFFFFFFFF41FFF7FFF7FFFFFF1B
:209C5100FFFF03FFEFFFEFFF7FFFFFFFFFFFFFFFFFFFF7EFF7FFF7EFFFEFF7FFFFE7FBDF3B
:209C7100E7FF5F2FCF3F17EFAF5FD7FFFFFFFFFFFFFFFFFFFFFFFFFFEBFFF5FAE8F7F3FCCC
:029C9100FAF4E3
:020000040002F8
:0E126C00142C06E15900000006715600000027
:020000040001F9
:209C93000000000000000000000000000000000000000000000000000000000000000000B1
:209CB30000000000000000000000010203040000000000000000010203040000000000007D
:209CD300010204000000000000000000000000000001030400000000000000000506070848
:209CF300000000000000000005060708000000000000050608000000000000000000000024
:209D130000000005070800000000000000000000000000000000000000000000000000001C
:209D3300000000000000000000000000000000000000000000000000000000000000000010
:209D53000000000000000000000000000000000000000000000000000000000000000000F0
:209D73000000000000000000000000000000000000000000000000000000000000000000D0
:209D93000000000000000000000000000000000000000000000000000000000000000000B0
:209DB3000000000000000000000000000000090A000000000000090A000000000000090A57
:209DD300000000000000090B0B0A0C0C0C0C090A0C0C0C0C090A0C0C0C0C090B0B0B0B0B51
:209DF3000D0E0B0B0B0B0B0B0D0E0B0B0B0B0B0B0D0E0B0B0B0B0B0B0D00000E0B0B0B0BF2
:209E13000D0E0B0B0B0B0D0E0B0B0B0B0D0000000000000000000000000000000000000094
:209E330000000000000000000000000000000000000000000000000000000000000000000F
:209E53000000000000000000000000000000000000000000000000000000000000000000EF
:209E73000000000000000000000000000000000000000000000000000000000000000000CF
:209E93000000000000000000000000000000000000000000000000000000000000000000AF
:209EB30000000000000000000000000000000000000000000000000000000000000000008F
:209ED30000000000000000000000000000000F1010101010101010100000000000000000D0
:209EF3000000000000000000000000000000000000000000000000000F10101010101010D0
:209F130011000000000000000000000000000000000000000000000000000000000000001D
:209F330000000F10101010101010110000000000000000000000000000000000000000007E
:209F5300000000000000000000000000000000000F1010101100000000000000000000009E
:209F730000000000000000000000000000000000000000000000000000000000000F10109F
:209F930010101100000000000000000000000000000000000000000000000000000000007D
:209FB30010101010101010101010101010101011000000000000000000000000000000008D
:209FD30000000000000000000000000000000000000000000000000000000000000000006E
:209FF30000000000000000000000000000000000000000000000000000000000000000004E
:04A013000000000049
:20D627001200FFFFFFFFFFFFFFFFFFFFFFFFFFFFFFFFFFFFFFFFFFFFF0F0E6E0C8C0C0C039
:20D647008080FFFFFFFFE3E309011400000000000000FFFFFFFFC3C30800260041000000F2
:20D667000000FFFFFFFFFFFFFFFF1F1F2F0F170703039080F8C0DCC0EFE0F7F0FBF8FFFF00
:20D68700FFFF000000000700EF00FF00F9019383FFFF00000700EF00FF00F800D7C7FFFFF9
:20D6A700FFFF1B033F03FB03E707DF1FFFFFFFFFFFFFC280BD42403F5F30582F576F956F81
:20D6C7004B3F4301BD4202FC7A8C9AF46AF4E9F6D2FC4200BD4200FF77A888FF77FFDDFFA1
:20D6E700FFFFBBBBFFBBFFBB99DDBBDD997711FF11EE5F2FCF3F17EFAF5FD7FFFFFFFFFF8C
:20D70700FFFFFAF4F3FCE8F7F5FAEBFFFFFFFFFFFFFFFFFFFFFFFFFFEBFFF5FAE8F7F3FCD4
:20D72700FAF4FFFFDDFF77FF88FF778800FFBD424200D2FCE9F66AF49AF47A8C02FCBD4242
:02D7470043019C
:020000040002F8
:0E127A00321207275600000006935C000000A9
:020000040001F9
:20A01700000000000000000000000000000000000000000000000000000000000000000029
:20A03700000000000000000000000000000000000000000000000000000000000000000009
:20A057000000000000000000000000000000000000000000000000000000000000000000E9
:20A077000000000000000000000000000000000000000000000000000000000000000000C9
:20A097000000000000000000000000000000000000000000000000000000000000000000A9
:20A0B700000000000000000000000000000000000000000000000000000000000000000089
:20A0D700000000000000000001010203040404040404040404040404030501010000060220
:20A0F70000000000000000000000000005070000000008090000000000000000000000002C
:20A117000A0B00000008090C0000000000000000000000000C0A0B00000D000C00000000BC
:20A1370000000000000000000C000E000F0904100000000000000000000000000C000E00A8
:20A157000000000000000000000000000000000011040E00000000000000000000000000C5
:20A177000000000000000A0B000000000000000000000000000000000000000E00000000A5
:20A197000000000000000000000000000000000E000000000000000000000000000000009A
:20A1B7000000000A000000000000000000000000000000000000000000000000000000007E
:20A1D700000000000000000000000000000000000000000000000000000000000000000068
:20A1F700000000000000000000000000000000000000000000000000000000000000000048
:20A21700000000000000000000000000000000000000000000000000000000000000000027
:20A23700000000000000000000000000000000000000000000000000000000000000000007
:20A257000000000000000000000000000000000000000000000000000000000000000000E7
:20A277000000000000000000000000000000000000000000000000000000000000000000C7
:20A297000000000000000000000000000000000000000000000000000000000000000000A7
:20A2B700000000000000000000000000000000000000000000000000000000000000000087
:20A2D700000000000000000000000000000000000000000000000000000000000000000067
:20A2F700000000000000000000000000000000000000000000000000000000000000000047
:20A31700000000000000000000000000000000000000000000000000000000000000000026
:20A33700000000000000000000000000000000000000000000000000000000000000000006
:20A357000000000000000000000000000000000000000000000000000000000000000000E6
:20A377000000000000000000000000000000000000000000000000000000000000000000C6
:04A3970000000000C2
:020000040002F8
:201288001200FFFFFFFFFFFFFFFFFFFFFFFFFFFFFFFF4200BD4200FF77A888FF77FFDDFF0C
:2012A800FFFF4301BD4202FC7A8C9AF46AF4E9F6D2FC0000FF0055AAABFFD5ABD5ABD5AB20
:2012C800D5AB0000FF0010EFEFF7FFFFFFFFFFFFFFFFC280BD42403F5F30582F576F956F0A
:2012E8004B3FFAF4F3FCE8F7F5FAEBFFFFFFFFFFFFFF5F2FCF3F17EFAF5FD7FFFFFFFFFF4B
:20130800FFFFFFFFFFFFFFFFEBFFF5FAE8F7F3FCFAF4D2FCE9F66AF49AF47A8C02FCBD429C
:2013280043014B3F956F572F582F5F30403FBD42C280FFFFFFFFFFFFD7FFAF5F17EFCF3F85
:201348005F2FD5ABD5ABD5ABD5ABD5ABD5ABD5ABD5ABEAF4A9F6EAF4D2FCEAF4AAF4E9F673
:20136800D2FC572F956F572F4B3F572F552F976F4B3FFFFFDDFF77FF88FF778800FFBD428F
:2013880042000101FE0009F7F7FBFFFFFFFFFFFFFFFF80807F00A0DFDFEFFFFFFFFFFFFF53
:1013A800FFFF142D08885200000006176000000097
:020000040001F9
:20A39B000000000000000000000000000000000000000000000000000000000000000000A2
:20A3BB00000000000000000000000000000000000000000000000000000000000000000082
:20A3DB00000000000000000000000000000000000000000000000000000000000000000062
:20A3FB00000000000000000000000000000000000000000000000000000000000000000042
:20A41B00000000000000000000000000000000000000000000000000000000000000000021
:20A43B00000000000000000000000000000000000000000000000000000000000000000001
:20A45B000000000000000000010102000000000000000000000000000003010100000402D2
:20A47B000000000000000000000000000305000000000607000000000000000000000000AC
:20A49B00080900000006070000000000000000000000000000080900000A00000000000068
:20A4BB00000000000000000000000B000C070D0E00000000000000000000000000000B003D
:20A4DB00000000000000000000000000000000000F0D0B000000000000000000000000003A
:20A4FB000000000000000809000000000000000000000000000000000000000B0000000025
:20A51B000000000000000000000000000000000B0000000000000000000000000000000015
:20A53B000000000800000000000000000000000000000000000000000000000000000000F8
:20A55B000000000000000000000000000000000000000000000000000000000000000000E0
:20A57B000000000000000000000000000000000000000000000000000000000000000000C0
:20A59B000000000000000000000000000000000000000000000000000000000000000000A0
:20A5BB00000000000000000000000000000000000000000000000000000000000000000080
:20A5DB00000000000000000000000000000000000000000000000000000000000000000060
:20A5FB00000000000000000000000000000000000000000000000000000000000000000040
:20A61B0000000000000000000000000000000000000000000000000000000000000000001F
:20A63B000000000000000000000000000000000000000000000000000000000000000000FF
:20A65B000000000000000000000000000000000000000000000000000000000000000000DF
:20A67B000000000000000000000000000000000000000000000000000000000000000000BF
:20A69B0000000000000000000000000000000000000000000000000000000000000000009F
:20A6BB0000000000000000000000000000000000000000000000000000000000000000007F
:20A6DB0000000000000000000000000000000000000000000000000000000000000000005F
:20A6FB0000000000000000000000000000000000000000000000000000000000000000003F
:04A71B00000000003A
:020000040002F8
:2013B8001000FFFFFFFFFFFFFFFFFFFFFFFFFFFFFFFF4200BD4200FF77A888FF77FFDDFFDD
:2013D800FFFF4301BD4202FC7A8C9AF46AF4E9F6D2FCC280BD42403F5F30582F576F956F77
:2013F8004B3FFAF4F3FCE8F7F5FAEBFFFFFFFFFFFFFF5F2FCF3F17EFAF5FD7FFFFFFFFFF3A
:20141800FFFFFFFFFFFFFFFFEBFFF5FAE8F7F3FCFAF4D2FCE9F66AF49AF47A8C02FCBD428B
:2014380043014B3F956F572F582F5F30403FBD42C280FFFFFFFFFFFFD7FFAF5F17EFCF3F74
:201458005F2FEAF4A9F6EAF4D2FCEAF4AAF4E9F6D2FC572F956F572F4B3F572F552F976FEA
:201478004B3FFFFFDDFF77FF88FF778800FFBD4242000000FF0010EFEFF7FFFFFFFFFFFFD6
:20149800FFFF0101FE0009F7F7FBFFFFFFFFFFFFFFFF80807F00A0DFDFEFFFFFFFFFFFFF86
:1014B800FFFF142D08B853000000069B63000000CE
:020000040001F9
:20D74900000001020300000000040000010101000000000000020503000000000006050797
:20D7690000000000000000010203000000000000000000040001000000000000080000008D
:20D78900000000000000000605050700000000010809000000000000000000000000040053
:20D7A900000000000A0B000000000000000000000000060505050505000800000000000024
:20D7C900000000000000000000000000000800000000000000000000000000000000000038
:20D7E900020300000000000000000000000000000000000008000000000000000000000013
:20D80900000000000000000008000000000000000000000000000000000000000A0B0000E2
:20D8290000090009090009000000000000000000010A0B090C0D0D0D0D0D0D0B0000000037
:20D849000000090000000A0D0E0000000000000A0B09000900000C0D000001000000000050
:20D86900000000000A0D0D0D0D0D0E00010001000000000000010000000000000001000042
:20D8890000000000000000000000010000000000000000000000000000000000010000007D
:08D8A900000000010001000075
:020000040002F8
:2014C8000F00FFFFFFFFFFFFFFFFFFFFFFFFFFFFFFFFFFFFF7FFFFFFFFFFFFFFFDFFBFFF5D
:2014E800FFFFFFFFFFFFFBFFFFFFFDFFEAFFFDFEF2FCFAFCF5F9EDF9B6E84AF496687D0102
:201508008383573F5F3F5F3F5F3FAF9F5F3F573FAF9FFFFFFFFFFFFF7DFFF6FF09F6F6001D
:2015280009095F3FAF9FB79F6D17522F6916BE80C1C1FFFFFFFFDFFFFFFFBFFF57FFBF7FE1
:201548004F3FF5F9EAFCFAFCF5F9FAFCFAFCFAFCEAFCFFFFFFFFFFFFFFFFFFFBFBBFBBEF1F
:20156800ABFFF2FCFDFEEAFFFDFFFFFFFBFFFFFFFFFF83837D0196684AF4B6E8EDF9F5F9C5
:20158800FAFCC1C1BE806916522F6D17B79FAF9F5F3F90906F00906F6FFFBEFFFFFFFFFF12
:2015A800FFFF4F3FBF7F57FFBFFFFFFFDFFFFFFFFFFF141208C8540000000749570000007C
:020000040000FA
:20940C0000000000000100000000000000000000000000000000000000000000000000003F
:20942C0000010000000000000000000000000000000000000000000000000000000000001F
:20944C000000000000000001000000000001000000010101000100000000000000010000F9
:20946C000001000100000100000000000000000001010100010000000000000000000000D9
:20948C000000000001000001010000000000000000000000000000000000000001000000BC
:2094AC00000000020304000000010000000000000000010000000000000000000000000194
:2094CC0000000000000001000000000001000000000000000000000000000000000000007E
:2094EC0001000000000000000100000000000000000000050006040100000000000000004E
:20950C0000000000000001000000000000000000010000000000000000000000010001003B
:20952C00000000010000000001000000010001010000000100000100000000000000000117
:20954C000000020700000800010000000001000000000001000000000000010000000000EA
:20956C000101000100000100010000010001000000000000000000010000000000000000D7
:20958C0000010000000000010000010000000000030307000000060400000000020303039A
:2095AC00030400000000000000000000000000000000000000000000000000000000010097
:2095CC00000000000000000002030304000000000100000000000100000000000000000071
:2095EC00000000000000000603030303070000000006030303030303030304000000000222
:20960C000303030303030303040000000000000002030303030402030700000604000001F9
:20962C000002030303030303030303030303030300000000000000000000000000000000F2
:20964C000000000000000000000006030303030700000000000000000603030303030303CA
:20966C000700000000060700000000000603030303070000000000000000000000000000B1
:20968C000000000000000000000000000000000000000000000000000000000000000000BE
:2096AC0000000000000000000000000000000000000000000000000000000000000000009E
:2096CC0000000000000000000000000000000000000000000000000000000000000000007E
:2096EC0000000000000000000000000000000000000000000000000000000000000000005E
:20970C0000000000000000000000000000000000000000000000000000000000000000003D
:20972C0000000000000000000000000000000000000000000000000000000000000000001D
:20974C000000000000000000000000000000000000000000000000000000000000000000FD
:20976C000000000000000000000000000000000000000000000000000000000000000000DD
:20978C000000000000000000000000000000000000000000000000000000000000000000BD
:2097AC0000000000000000000000000000000000000000000000000000000000000000009D
:2097CC00090A0000000900000000000000000000000000000000000000000000000A000057
:2097EC0000000000000000000000000000000000000000000000000000000000000000005D
:20980C00000000000000000000000000000000000B0B0B0B0B0B0C000000000000000000EE
:20982C000000000000000000000000000D0C00000000000000000000000000000000000003
:20984C00000000000000000000000000000000000000000A000000000000000000000000F2
:20986C000000000000010E0C000A090A0000000900000000000A0A090A00000D0F0E0C0935
:20988C000A000A0A000A0000000A000000000000000000000000000000000000000000008A
:2098AC00000A0A0D0C000A0A0000000000000000000000000000000E0B0B0B0B0B0B0B0CF4
:2098CC000000000D0B0B0B0B0B0B0B0F00000E0B0B0B0B0B0B0C0A090D0C000A0A000A0964
:2098EC00000000000000000000000000000A090D0B0B0B0F0E0B0B0C0000000000000000DC
:20990C000000000000010001000000000000000E0B0B0B0F000000000000000000000000FB
:20992C0000010000000E0B0B0F0E0B0B0B0B0B0C000000000A000000000000000D0B0B0F5A
:20994C00000000000000010E0B0B0B0C0000000D00000000000000000000000000000101B0
:20996C00000000000000000000010000000000000000000000000000010000000000000ECB
:20998C000B0B0B0B0B0B0B0B0B0B0B0B0F0000000000000000000000000002070000000817
:2099AC0000000000000000000000000000000000000000000000000000000000000000009B
:2099CC00000000000000000000000000000001000000010000000000000000000100000078
:2099EC00000000000000000002030700000000080000000000000000000000000000000047
:209A0C00000100010000000000000000000100000000000000000000000000010000000036
:209A2C00000000000000000000000000000001000000000000000203070000000000000805
:209A4C000000000000000100000000010000010100000000000000000000010000000000F5
:209A6C000100000000000000000001000000000100000001000000000001000001000100D3
:209A8C0000000203030307000000000000000D0F000000000000000000000000000000008C
:209AAC00000000000000000000000000000000000000010000000100000000000000000098
:209ACC0000000001000000000001000100000002030307000000000000000000000A080056
:209AEC00000000000000000000010000000000000000000000010000000100000000000057
:209B0C0000010001000000000000000000000000000000000000000001000000000002072D
:209B2C00000000000000000000000000000D0F0000000000000000000000000000000000FD
:209B4C000000000000000000000000000000000000010000010001000001000001000101F2
:209B6C000000000100000000000000000000050000000000000000000000000000080000CB
:209B8C00030303030303030303030303030303030303030303030303030303030303030359
:209BAC00030303030303030303030303030303030303030400000100000002030303070049
:209BCC00000000000000000000000000000800000000000000000000000000000000000071
:209BEC00000000000000000000000000000000000000000000000000000000000000000059
:209C0C00000000060400000002030700000000000000000000000000000000000D0F000006
:209C2C00000000000000000000000000000000000000000000000000000000000000000018
:209C4C000000000000000000000000000000000000000000080000020700000000000000E7
:209C6C000000000000000000000000000800000000000000000000000000000000000000D0
:209C8C000000000000000000000000000000000000000000000000000000000000000000B8
:209CAC0000000000060303070000000000000000000000000000000000000000080000007D
:209CCC000000000000000000000000000A0A00000000000000000000000000000000000064
:209CEC00000000000000000000000000000000000000000000000000000000000000000058
:209D0C00000000000000000000000000080101000000000000000000000000000D0B0C0009
:209D2C00000000000000000000000000000000000000000000000000000000000000000017
:209D4C000000000000000000000000000000000000000000000000000000000008000000EF
:209D6C0000000000000000000000090D0F000E0C000000000000000A0A0000000000000084
:209D8C000000000000000000000000000000000000000000000000000000000000000000B7
:209DAC0000000000000000000000000D0F01000009000000000A0A0A000D0B0F0000000527
:209DCC0000000000000D0B0B0C00090000000000000000000000000000000000000000003F
:209DEC00000000000000000000000000000000000000000000000000000A00080000010044
:209E0C000B0B0C00000D0B0B0B0F000000000005000000000D0F00000E0B0B0C0000000086
:209E2C00000000000000000000000000000000000000000000000000000000000000000016
:209E4C00000A00000A0A00090A0D0B0F000101000000050000060400000000000000000588
:209E6C0000000000080100000000010E0B0B0C000000000000000A00090D0B0C0A0000005B
:209E8C0000000000000A000000000A09000000000D0B0B0B0B0B0B0B0B0F00000100010023
:209EAC0000000500000008000000000000000005000A000008000000000000000000050A63
:209ECC000900000000000D0B0B0F000E0C0000000000000A000D0C00000D0B0B0B0B0B0BAF
:209EEC000F0000000100000000000000000001000000050900000604000000000000000E1F
:209F0C000B0B0B0B0F0000000000000000000E0B0C000000000D0F00000000000E0C090096
:209F2C000000000D0B0F0500000800000000000000000000000000000000010000000000E0
:209F4C0000000E0C00000006040000000000000000000000010000000000000000000000D0
:209F6C00050000000008000100010000000E0C0000000D0F00000E0B0B0F0000000000005D
:209F8C0000000000000100000001010000000000000000050A00000006030303040100008F
:209FAC00000000000000000000000000000000000500000000080000000000000000050083
:209FCC00000D0F000000000000000000000000000000000000000000000000000000000059
:209FEC000000010E0C0A000000000000060400000000000000000100000000000001010023
:20A00C00050A0A0A00080001000000000000050A0A080001000000000000000100000000E5
:20A02C0000000000000000000000000000000000000000000E0C00000000000000080000F2
:20A04C00000000000000000000000000000100000E0B0B0B0B0F00010000000001000E0B8F
:20A06C000B0F000000000000000000000000000000000000000100000000010000010000B7
:20A08C000000000000050A0900000000000800010000010000000000000100000000000091
:20A0AC0000000001000000000100000000000000000000000000010100000001000000008F
:20A0CC000100000000010000000000000000000000000100000E0B0B0B0C0000000800002E
:20A0EC0000000000000000000000010000000100000000000000010000000000010100004F
:20A10C0000010001000000000000000000000000000000000000000000010000000000012F
:20A12C00000000000000000002070000000800000000000000000000000000010100000000
:20A14C000000000000000000000000000001000000000000010000000001000000000000F0
:20A16C000000000000000100000000000000000000010000000002030700000000080001BC
:20A18C000000000000000000000000010000000000000000000000000100010000000000B0
:20A1AC00000000000000000000000000000000010000000000000001000000000000000091
:20A1CC0000000000020307000000000000060303030303030303030303030303030303032B
:20A1EC000303030303030303030303030303030303030303030303030303030303030303F3
:20A20C000303030303030303030303030303030300000002070000000000000000000000F9
:20A22C00000000000000000000000000000000000000000000000000000000000000000012
:20A24C000000000000000000000000000000000000000000000000000000000000000000F2
:20A26C000001020700000000000000000000000000000000000000000000000000000000C8
:20A28C000000000000000000000000000000000000000000000000000000000000000000B2
:20A2AC0000000000000000000000000000101100000005000000000000000000000000006C
:20A2CC00000000000000000000000000000000000000000000000000000000000000000072
:20A2EC00000000000000000000000000000000000000000000000000000000001213141504
:20A30C00000005000000000000000000000000000000000000000000000000000009000023
:20A32C000000000000000000000000000000000000000000000000000000000A0D0C0000EE
:20A34C0000000000000000000000161700181900000005000000000000000000000A000084
:20A36C0000000000000A0000000A00000D0C000000000000000000000000000000000000A4
:20A38C00000000000000000A0000000D0F050A00000000000000000000001A1B001C1D000E
:20A3AC0000000E0C09000000000000000A0D0B0C0A0000000D0C00000D0C0000080E0C00E2
:20A3CC00000A0009000000000A0D0C0009000000000A000000000D0C00000008000E0C00ED
:20A3EC00000009000000000D0C000000001C1D000000000E0C0A000A090A0A0D0B0F000E76
:20A40C000B0C00000805000008050A0A0800050A000D0B0C000A00000D0F0E0B0B0B0B0B45
:20A42C000B0B0B0C000008050A0A0D0F00000E0C00000D0C00000D0F0E0B1E1E1E1E1E1E8A
:20A44C00000000000E0B0B0B0B0B0B0F00000000000E0B0B0F0E0B0B0F0E0B0B0F000E0BDF
:20A46C000B0F000E0B0B0B0B0F000000000000010000000E0B0B0F0E0B0B0F000100000500
:20A48C00000008050000080000000000000000000000000000000100000000000000010099
:20A4AC0000000000000000000000000000000000000000000000000001000000000000008F
:20A4CC000000000000000000000101010000010E0B0B0F0E0B0B0F00000000000000000006
:020000040001F9
:206C9D001F00FFFFFFFFFFFFFFFFFFFFFFFFFFFFFFFFFFFFF7FFFFFFFFFFFFFFFDFFBFFF20
:206CBD00FFFFFFFFFFFFFBFFFFFFFDFFEAFFFDFEF2FCFFFFFFFFFFFF7DFFF6FF09F6F60097
:206CDD000909FFFFFFFFDFFFFFFFBFFF57FFBF7F4F3FF5F9EAFCFAFCF5F9FAFCFAFCFAFC33
:206CFD00EAFC5F3FAF9FB79F6D17522F6916BE80C1C1FAFCF5F9EDF9B6E84AF496687D01E9
:206D1D008383573F5F3F5F3F5F3FAF9F5F3F573FAF9FFFFFFFFFFFFFF7F7FFF7F3FBF7EB62
:206D3D00C3FFFFFFFFFFFFFFFFFFFFFBFBBFBBEFABFF90906F00906F6FFFBEFFFFFFFFFFBF
:206D5D00FFFF83837D0196684AF4B6E8EDF9F5F9FAFCC1C1BE806916522F6D17B79FAF9F08
:206D7D005F3FF2FCFDFEEAFFFDFFFFFFFBFFFFFFFFFF4F3FBF7F57FFBFFFFFFFDFFFFFFFDC
:206D9D00FFFFEFFFEFFF80FFFBFFFBFFD0FFFFFFFFFF7FFF7FFF09FFDFFFDFFF87FFFFFF7A
:206DBD00FFFFFDFFFDFF80FFEFFFEFFF82FFFFFFFFFFFFFFFBFFF7FFEBFFE8F7E7F9F0FD64
:206DDD00E8FDFFFFDFFFEFFFD7FF17EFE79F0FBF17BFFFFFFFFF0FFFBFFFFFFFFFFFFFFF1F
:206DFD00FFFFFFFFFFFFD0FFFBFFFBFF80FFEFFFEFFFFFFFFFFF87FFDFFFDFFF09FF7FFF9A
:206E1D007FFFF1FFC8FFC7BF8F7F0FFF17FFBFFFAF5F8FFF13FFE3FDF1FEF0FFF8FFFDFF4B
:206E3D00FDFAFCFFFFFFFFFF41FFF7FFF7FFFFFFFFFF03FFEFFFEFFF7FFFFFFFFFFFFFFFC9
:206E5D00FFFF1FFF17FF17FFBFFF977F23DF17FF15FFF8FFF8FFF8FFFDFFF9FEFCFBF8FF07
:126E7D00F8FF4200BD4200FF77A888FF77FFDDFFFFFFD6
:020000040002F8
:0E15C8005036059D6C000000020C540000001F
:020000040001F9
:20D8B100000000000000000000000000000000000000000000000000000000000000000057
:20D8D100000000000000000000000000000000000000000001000000000000000000000036
:20D8F100000000000203040506070000000000000000000008090A000B000C0D0E0F0000A0
:20D9110000000000000010111213141516001718191A1B0000000000001C1D001E1F20213D
:20D9310022002324252627280000000000292A002B2C2D2E2F00303132333435360000003A
:20D95100001C1D003738393A3B3C3D003E3F404142430000001C1D4445464748494A4B4CA3
:20D97100004D4E4F5051520000535455565758595A5B5C5D5E5F6061626364650000666718
:20D9910068696A6B6C6D6E6F707172737475767700000078797A7B7C7D7E7FA9AAABACAD4B
:20D9B100AEAFB0000000000000B1B2B3B4B5B6B7B8B9BA0000000000000000000000000032
:20D9D100B1BBBCBDBEBF0000000000000000000000000000000000000000000000000000D4
:20D9F100000000000000000000000000000000000000000000000000000000000000000016
:08DA110000000000000000000D
:201054009700FFFFFFFFFFFFFFFFFFFFFFFFFFFFFFFFFFFFFFFFFFFFFFFFFFFFFFFFFFFF03
:20107400CFCFFFFFFFFFFFFFFFFFFFFFFEFEFCFCF8F8FFFFF8F8C0C0808007073F3F7F7FEC
:20109400FFFFFFFF000000000000FFFFFFFFFFFFFFFFFCFC000000000303FFFFFFFFFFFF50
:2010B400EBD4070703032131F8F8FCF0FCF0BCC4F40EFFFFFFFFFFFFFFFF7F7F7F7F7F7FBB
:2010D4003F3FFFFFFFFFFFFFFFFFFFFFFFFFFFFFC0C0FFFFFFFFFFFFFFFFFFFFF0F0808036
:2010F4000000FFFFFFFFFFFFFFFF1F1F0F0F0707A3E3F8F8F8F8F8F8F8F8F8F8F8F8F1F172
:20111400F1F1FFFFFFFFFEFFFCFFFCFFFCFFFCFFFCFF97E8BFC01FE0BF400FF00FF00FF000
:201134008F70FE0CFE08FE06FE06FA06F906FC03FE033F3F3F3F3F3F3F3F3F3F1F1F0F8F33
:201154000F8FFFFFFEFEF8F8F0F0E1E1C7C78F8F1F1F8080000000007F7FFFFFFFFFFFFF6F
:20117400FFFF000000003E3FFFFFFEFFFFFFFFFFFFFF0F0F677F03FF03FF23FF11FE3FE093
:20119400FF00D1E1F1E1F8E0F8E8FCC87C88FC04FE0CFFFFFFFFFFFFFFFF7F7F7F7F3F3FBC
:2011B4003F3FF1F1F1F1F1F1F1F1F1F1E3E3E3E3E3E3FCFFFCFFFEFFFEFFFCFFFCFFFCFE01
:2011D400FCFE07F8877800F800FF10E8172813AC00F0FC02F00C003106013F00FC028070C7
:2011F40004020F0F87078383C1810000001000480C4EFFFFFFFFFFFFFFFF3F3F1F1F0F0F5D
:201214000707FEFEFEFEFEFEFEFEFEFEFEFEFEFEFEFE3F3F3F3F3F3F3F3F3F3F3F3F3F3F5A
:201234003F3FFEFFFEFFFFFFFBFCE7F883FC83FC83FCFF00FF00FF00FF00FF00FF00FF00D8
:20125400FF00F60CFA03F904F805FC01FC01FD017C811F1F1F1F0F8F07C7036303A301A1F7
:2012740001A1E3E3E3E3E3E3E3E3E3E3C7C7C7C7C7C7FCFEF9FFF9FFF9FFF9FDF9FDF9FD6C
:20129400F9FD80F003FC81FE80FE8CFEFCFEFCFEFEFF7004C30000090020006800F181FA29
:2012B400C6F19E17140E3C00180000C0806003C0029003034101E0D0E02008200C089C145F
:2012D400390CFFFFFFFFFFFFFFFF7F7F3F3F1F1F0F0FFEFEFCFCFCFCFCFCFEFEFEFEFEFE0D
:2012F400FEFE3F3F7F7F7F7F7F7F3F3F3F3F3F3F3F3F81FEF3FC81FE42FD80FFC0FEC0FE47
:20131400C0FEFF00FD02FF00FC03FE003E007E0120DCF8077884C03003C0030047200F80A1
:20133400001000284020C060844E83578004008E100A0707070707070787070737074F6B4B
:20135400CFADF9FDF9FDF9FDF9FDF9FFF9FFFDFFFDFFFFFFFFFFFFFFFFFFFFFFFFFFFFFF4B
:20137400FEFFE2F5C1FEE8FFF8FFFCFFFCFEFCFFFDFF1020215003F086410020012805EA69
:2013940008F47109C129820913006010834007000F208707C303C1A140C01800945080455B
:2013B4001048FFFFFFFFFFFFFFFF7F7F3F3F1F1F1F1FE0FEC0FEE0FEC0FEE0FEC0FEE2FF1C
:2013D400DCFF00E002C11CC30EF11C631A65007F007F0000DC207884F90030C000E000E4FC
:2013F40000E77002620086400E811E003C02F80060900FE78C4A000C00100005000111087E
:2014140073007F7F3F3F0F0F1F2F3FAB27B903B82393FCFFFCFFFCFFFEFFFEFFFFFF1FDF3B
:20143400975FFFFFFFFF7FFF7FFFFFFFFFFFFFFFFFFF00D812E905B23AF5BCBBF2FDE0FCB7
:20145400F0FF4E809C401880229104020805102800E1300220942105412102410027000F81
:20147400001F8F0FC7878F0F8707008000C008F800FFFFFFFFFFFFFFFFFFFFFF3F3F0F0F50
:201494000101BFFFDFFFFFFFFBFFBEFFDFFFFFFFFFFBFEFFC0FFE8FFD0FFFAFF74FFDEFF54
:2014B400F4FF007F00FF00FF40FF40FF407F607F5F7F00EF00EF00FF00FF60FF0CFF83FFE6
:2014D400C1FF00E200C2048808D400FE08F480FCC1F8E310C6218C421C003805F800F0080C
:2014F400E310300260106110874007000F20CE018E40134F194500D58015209120094008EC
:20151400000AFFFFFFFF7F7F7F7F7F7F7F7F7F7FFF7FF8FDFCFFFEFFFFFFFFFFFFFFFFFF58
:20153400FFFF048210A8017007F0C2BDC6F9F4FBF0EF023F807F817F10FF00FF00FF08F79B
:2015540040FF00FF00FF00FF00FF10FF80FF02FF00FF40C010F004FE13EF00FF01FF00FFAC
:2015740003FCFFFF3F3F1F1F0F0F47C7E363F121D121FEFEFEFEFEFEFFFFFFFFFFFFFFFF3C
:20159400FFFF3F3F3F3F3F3F1F1F1F1F1F1F1F1F1F1FFBFDFDFFFFFEFEFFFFFFFFFFFFFFA1
:2015B400F3FFF8FFFEFFFEFF7EFF7EBF7EBFBEDFBFDF7F7F557F1F7F477F797F7D7F7F7FDA
:2015D400FFFFD0EF40FFE8FFF6FBFEFF56FDFCFFD5FFE1FE70FF38FF04FF00FF00FF80FFFF
:2015F40000FFC320874007800F900EB106B904FE08F69C009800218001400380221064104B
:20161400E00010006004C001800900130027000F008F3FFF0BFF00FF01FE40FF00FF20DFBD
:2016340001FFFFFFFFFF3FFF23FF13EF01FE00FF00FFFFFFFFFFFFFFFFFF7FFF3FFF07FF81
:2016540041FFE0FFDDFFFFDFFFFFFFFFFFFFFFFFFDFF00FF54FB9EFFF9FFFFFFFFFFFFFFCC
:20167400FFFF817E08F700FF00FF00FFC1FFE0FFF0FF01FE03FC37D88FF20FF88FF00FF0BC
:201694000FF0F800F800F800F800FC00F408EC10DC20FFFFFFFFFFFFFFFF7F7F7F7F7F7F75
:2016B4007F7F8F8FC7C7E1E1F0F0F8F8FEFEFFFFFFFFFCFFFFFFFFFFFFFF3F3F0F0F03034B
:2016D400C0C0DFEF9FEFE7FFF9FFFFFFF7FFFFFFFFFFFFFFFFFFFFFFFFFF3FFFC7FFF8FF59
:2016F400BFFFFDFFFFFDFBFFFFFFFFFFFFFFFFFF17FFA0FF40FFE0FF50FFF8FFF4FFFEFF25
:20171400FDFF00FE00FE02FD00FF00FF00FF00FF00FF7188A25004E008E001E200F900FF31
:2017340000FF110F201F601FE01FC03FE41B748FE01F00FF08FF00FF807F04FB00FF00FFB8
:2017540021FF00FF00FFC07F04FF00FF60BF02FF00FF07FA1FF08FF02FD21FE47FC01FE026
:2017740037E8FFFFFF7FFF7FFF3FFF3FDF1FC323C020EFFFFDFFFFFFFFFFFFFFFFFFFFFF1C
:20179400FFFFF8FFFCFFFAFFF0FFF8FFFCFFFEFFFCFF1FE00BF407F80FF005FA0BF407F87A
:2017B40003FCFC00F800F800F800F101F101E303C7077F7FFFFFFFFFFFFFFFFFFFFFFFFFA8
:2017D400FFFFF0F0FCFCFFFFFFFFFFFFFFFFFFFFFFFF3F3F0F0F0101C0C0F0F0FEFEFFFF33
:2017F400FFFFFFFFFDFFFFFF7F7F0F0F02038080F0F0C0FFF8FFBFFFCFFFF9FFFFFF7F7FA8
:201814000F0FFFFF1FFF03FFC3FFF8FF3DFFE7FFF4FFA0FF50FFE8FF54FF3EFF00FFE0FF67
:20183400F0FF01FE02FD02FD02FDE3FD30FF01FF00FFC03F00FF08FF20FFC0FF00FF80FF3A
:2018540004FF01FF00FFE0FF00FF00FF00FF00FF00FF00FF10FF00FF00FF01FE03FC01FE8F
:2018740000FF6FB0DF203FC0F708FF00FB04FF003FC0E000E040E303E303E303E303E303BF
:20189400E3030F0F00000000F0F0FFFFFFFFFFFFFFFFFEFF7C7F000000008080FFFFFFFF64
:2018B400FFFF01FE08F0000000000707FFFFFFFFFFFF0F0F1F1F3F3FFFFFFFFFFFFFFFFF45
:2018D400FFFFFCFCFFFFFFFFFFFFFFFFFFFFFFFFFFFF03018080F0F0FCFCFFFFFFFFFFFF36
:2018F400FFFFFEFF5F5F0F0B0101A0A0F0F0FEFEFFFF8EFF40FFF8FFFD7F07170003000085
:20191400E8E800FF40FF00FF00FF80FFD0FF382F000000FF00FF00FF00FF00FF00FF00FFF9
:2019340010FFBFFF00FF00FF00FF00FF00FF00FF00FFFDFE02FD00FF00FF00FF00FF00FFD8
:2019540000FFFF00FF005FA0FF007F80BC4038C0C000C707C7078F0F8F0F1F1F3F3F7F7F33
:20197400FFFF0000C0C0FFFFFFFFFFFFFFFFFFFFFFFF000100000000FEFEFFFFFFFFFFFFEA
:20199400FFFF00FF000000000000FFFFFFFFFFFFFFFF00FC000000000303FFFFFFFFFFFF42
:1219B400FFFF030307073F3FFFFFFFFFFFFFFFFFFFFF9B
:020000040002F8
:0E15D600141204545000000007B15800000029
:020000040001F9
:20DA19000000000000000000000000000000000000000000000000000000000000000000ED
:20DA39000000000000000000000000000000010200000000000000000000000000000003C7
:20DA59000405060708090A0B0C000000000000000000000D0E0F101112131415161718196E
:20DA790000000000000000001A1B1C1D1E1F20212223242526000000000000002728292A4B
:20DA99002B2C2D2E2F303132330000000000000000000000000000343500362900000000FE
:20DAB90000000000000000000000000000000000000000000000000000000000000000004D
:20DAD90000000000000000000000000000000000000000000000000000000000000000002D
:20DAF900000000000000000000000000000000000000000000003738393A3B3C00000000B4
:20DB19000000000000000000003D3E3F4041424300440000000000000000000000000000E8
:20DB390045464748494A00000000000000000000000000000000000000000000000000001F
:20DB59000000000000000000000000000000000000000000000000000000000000000000AC
:08DB79000000000000000000A4
:2019C6004B00FFFFFFFFFFFFFFFFFFFFFFFFFFFFFFFFFFFFFFFFFFFFF3FFE1FFC0FF80F3C8
:2019E6001CE1FFFFFFFFFFFFFFFFFFFFFFFF7FFF3FFFFFFFFFFFFEFFFCFFF8FFF8FFF8FF5B
:201A0600F8FFFFFF1FFF0FFF07FFC31FE10FE10FF007FFFFFFFFFEFFFEFFFEFFFEFFFEFFF3
:201A2600E6FF1CE11EE13EC13CC33CC33CC33CC33CC33FFF3CFF38FF70FF62FC47F80FF00A
:201A46001FE0FFFF3FFF1FFF0FFF073FC31FE10FF007FFFFFFFFFFFFFFFFFFFFC3FF81FFD2
:201A660000FFFFFFFFFFFFFFFEFFFCFFF8FFF1FEF1FEFFFFFFFF3FFF1FFF0FFF073FC31F0C
:201A8600C31FFFFFFFFFFFFFFFFFFFFFFFFFFFFFF0FFFCFFFCFFFCFFFEFFFEFFFEFFFFFF97
:201AA600FFFF7087788778833CC33CC33EC11EE11EE1C0FF80FF10E738C33EC17E817F8009
:201AC600FF007C837887788778877887F807F00FF00F3FC03CC37C837887F807F00FF00F10
:201AE600F00FF8033CC11EE00FF007F807F807F807F830C33CC13EC13EC07F807F807F8006
:201B06007F8071FE23FC23FC03FC03FC877887788778C31FE21FC03FC03FC13EC33C87783A
:201B26008F7080FF00FF00F07F80FF00FF00F906C03F3FFF1FFF0FFF873FC31FE10FF0073E
:201B46007883FFFFFFFFF0FFE0FFC0FF88F01FE03FC0FFFFFFFFFFFF7FFF3FFF1FFF0F7F23
:201B6600873F1EE11FE08FF08FF08FF0C7F8C7F8E3FCFF00F708E718E31CC33CC13E817EC8
:201B860018FFF00FF00FF00FF00FE31FE31FE31FC73FF00FF00778833CC01FE08FF0C7F8F6
:201BA600E0FF07F80FF01FE0FE01FC03F807F00F00FF7F807B847B84798679867986F8074F
:201BC600F00FC738CF30EF10EF10EF10FF00FE01FE019F609E613EC13CC33DC23DC23CC30F
:201BE6003EC100FF00FF00FFE01FFE01FF00FF003FC03CC318E700FF01FE01FE03FC837CEF
:201C0600833C7F80FF00F00FF00FE01FE01FC03FC03FC31FE10FF007788338C318E318E352
:201C260018E3FFFFFFFFFFFF7FFF7FFF7FFF7FFF7FFFF0FFF8FFFCFFFFFFFFFFFFFFFFFF5A
:201C4600FFFF3CFF7EFFFFFFFFFFFFFFFFFFFFFFFFFF0FFF1FFF3FFFFFFFFFFFFFFFFFFF72
:201C6600FFFFF0FFF8FFFFFFFFFFFFFFFFFFFFFFFFFF00FF08FFF8FFF8FFFCFFFEFFFFFF9C
:201C8600FFFFF00FF00FF00FF00F639F07FF0FFF9FFF7E817E813CC33CC318E781FFC3FF53
:201CA600E7FF1EE11FE00FF047F8E3FCF1FEF8FFFCFF07F80FF0FF00FE01FC03F80701FF42
:201CC60003FFC31CE30CE30CE11E00FF0CFF1EFFFFFFC03FC03FC01FE00FF3007F803FC05E
:201CE6001FE01CE31CE33CC37C83F807F10FE31FC73F7FFF7FFF7FFF7FFFFFFFFFFFFFFFEA
:201D0600FFFFFEFFFFFFFFFFFFFFFFFFFFFFFFFFFFFF07FFFFFFFFFFFFFFFFFFFFFFFFFFD6
:201D2600FFFF80FFC0FFE0FFFFFFFFFFFFFFFFFFFFFFFFFFFFFFFFFF8383818139393939A6
:201D46003131FFFFFFFFFFFFFFFFFFFFFFFF91918080FFFFFFFFFFFFFFFFFFFFFFFFF0F031
:201D6600C0C0FFFFFFFFFFFFFFFFFFFFFFFFF0F06060FFFFFFFFFFFFFFFFFFFFFFFF787865
:201D86007070FFFFFFFFFFFFFFFFFFFFFFFF3F3F3F3FFFFFFFFFFEFEFEFEFEFEFFFFFFFF81
:201DA600FFFF030307077F7F7F7F7F7FFFFFFFFFFFFF8C8C9F9F9F9F3F3F3F3FFFFFFFFF8B
:201DC600FFFF8E8E80809F9F8080C0C0FFFFFFFCFFF06767F0F0FEFEC0C0C0C0FFFFFF3E58
:201DE600FF1CF3F3F8F87F7F6060E0E0FFFFFF7FFFFFFFFF7F7F3F3F3F3F7F7FFFFFFFFF02
:201E0600FFFFFFFFFFFFFFFFFFFFFFFFFFFFFFCFFF9FFFF3FFF3FFF8FFFCFFFFFFEFFFE0BD
:201E2600FFF0FFDCFFF0FFF0FF3CFF39FF39FF78FFFCFFFFFF1CFF18FFF1FFF3FFF3FF30A4
:201E4600FF38FFFFFF0EFF0EFFCEFF9EFF1EFF1CFF9CFFFFFF46FF02FF33FF7FFF7FFFFF80
:121E6600FFFFFF9FFF03FF03FF9FFF3FFF3FFF07FF8724
:020000040002F8
:0E15E400141204C65900000007195A00000036
:020000040001F9
:20DB8100000000000000000000000000000000000000000000000000000000000000000084
:20DBA10000000000000000000000000000000000000102030000000000000000000000005E
:20DBC10000000000040506070000000000000000000000000000000008090A0B0C000000FC
:20DBE1000000000000000000000000000D0E0A0F10000000000000000000000000000011CF
:20DC010012130A0A1400000000000000000000000000001516170A0A18190000000000002F
:20DC2100000000000000001A1B1C0A0A1D1E0000000000000000000000001F20211C0A0AB3
:20DC41000A22000000000000000000000000232425260A0A0A272800000000000000000098
:20DC61000000292A2B2C2D0A2E2F3000000000000000000000003132333435363738390058
:20DC8100000000000000000000003A3B3C3D3E3F40414200000000000000000000004344CE
:20DCA1000000000045460000000000000000000000474849000000004A4B4C00000000001F
:20DCC10000000000004D4E000000004F505152530000000000000000545500565758595AB2
:08DCE1005B5C5D5E00000000C9
:201E78005F00FFFFFFFFFFFFFFFFFFFFFFFFFFFFFFFFFFFFFFFFFCFCF8F8F0F0E3E0C7C0ED
:201E98008F80FFFF0F0F03030000C000C000E200C100FFFFFFFFFFFFFFFF7F7F3F3F1F1F24
:201EB8001F1FFFFFFFFFFEFEFEFEFCFCFCFCFCFCF8F807180F1007380B3407780B740778C7
:201ED8000BF4E300F100FF00F700FF00FF00FF00FF008F0FC707C707E303E303E303F10147
:201EF800F101F8F8F8F8F1F1F1F1F0F1E2E3E2E3E0E307F80BF407F80BF407F80BF407F80D
:201F18000FF0FF00FF00FF00FF00FF00FF00FF00FF00F101F800F800F800FC00FC00FC00E4
:201F3800FC00FFFFFFFFFFFFFFFF7F7F7F7F7F7F7F7FC4C7C4C7C0C7888F888F808F808FB4
:201F5800101F07F80FF007F82FD007F82FD017E82FD0FE00FE00FE00FF00FF00FF00FF004C
:201F7800FF003F3F3F3F3F3F1F1F1F1F1F1F8F0F8F0FFFFFFFFFFEFEFEFEFEFEFCFCFCFCFA
:201F9800FCFC101F001F203F003F003F407F407F007F1FE02FD01FE03FC01FE0BF401FE010
:201FB800BF408F0FC707C707C707E303E303E303F101F8F8F8F8F8F8F1F1F0F1E2E3E2E341
:201FD800E0E380FF00FF00FF00FF00FF02FD00FF02FD5FA0BF405FA0BF407F80BF407F80B5
:201FF800FF00F101F101F800F800F800FC00FC00FC00FFFFFFFFFFFFFFFFFFFF7F7F7F7F18
:202018007F7FC4C7C4C7C0C7888F888F101F101F101F00FF02FD01FE02FD01FE0AF501FE59
:202038000AF57F80FF007F80FF007F80FF007F80FF00FE00FE00FF00FF00FF00FF00FF009A
:20205800FF003F3F3F3F1F1F1F1F1F1F8F0F8F0FC707FEFEFEFEFEFEFCFCFCFCFCFCF8F8DD
:20207800F8F8203F203F203F407F407F407F80FF80FF01FE0AF501FE0AF501FE0AF501FE07
:202098000AF5C707C707E303E303E303F101F101F101F1F1F1F1F1F1E3E3E3E3E3E3E3E347
:2020B800E3E380FF00FF80FF00FF80FF00FF80FF00FF00FF02FD00FF02FD00FF02FD00FF51
:2020D80000FF7F80BF405FA0BF405FA0AF5017E8AF50F800F800F800FC00FC00FC00FC0019
:2020F800FE00FFFFFFFFFFFF7F7F7F7F7F7F7F7F3F3FC7C7C7C7C7C7C7C78F8F8F8F8F8FC8
:202118008F8F80FFC0FFC0FFC0FFE0FFC0FCE0F8DCFC00FF00FF00FF00FF00FF001F000761
:20213800000715EAAB5401FE2AD500FF02FD00FF00FFFF00FF007F80BF405FA0AF5015EA8F
:20215800AA55FF00FF00FF00FF00FF00C00080008000FE00FE00FE00FF00FF00FF007F0037
:202178003F003F3F3F3F3F3F1F1F1F1F1F1F1F1F1F1F8F8F8F8F8F8F8F8F8F8F8F8FC7C716
:20219800C7C7FEFEEFFFFFFFEFFFF3FFFAFFF0FFFAFF00070003E0E3FCFFFCFFFCFF00FF33
:2021B800ACFF00FF00FF00FF00FF00FF00FF00FF00FF01FE2AD500FF00FF00FF00FF00FF6B
:2021D80000FF5FA0AF5015EAAA5500FF00FF00FF00FFE060F0F0FEFEFFFF3FFFAFFF00FFEB
:2021F8002AFF3F003E01342BEAF5C0FFE8D740FF80FF1F1F1F1F1F1F1F1F1F1F1F1F1F1FF4
:202218001F1FC7C7E3E3E3E3E3E3F1F1F1F1F8F8F8F8FDFFFFFFFFFFFFFFFFFFFFFFFFFFF4
:20223800FFFF0EFFFFFFFFFFFFFFFFFFFFFFFFFFFFFF00FF40FFE8FFF4FFFFFFFFFFFFFF77
:20225800FFFF00FF00FF00FF00FFA0FFF5FFFFFFFFFF00FF00FF00FF00FF00FF00FFFAFFEA
:20227800FFFF04FF00FF00FF00FF00FF50FFFAFFFFFF00FE00FE00FE00FC04FC1CFCF8F805
:20229800F1F13F3F3F3F3F3F7F7F7F7F7F7FFFFFFFFFFCFCFEFEFEFEFFFFFFFFFFFFFFFFEC
:2022B800FFFF7F7F3F3F3F3F1F1F8F8FC7C7C3C38181FFFFFFFFFFFFFFFFFFFFFFFFFCFCB0
:2022D800F8F8F1F1E3E3C7C7C7C78F8F1F1F3F3F0F0FFFFFFFFFFFFFFFFFFFFFFFFFFFFF48
:2022F800FEFEFEFEFCFCF0F0E1E1C3C38F8F1F1F3F3F07073F3F7F7FFFFFFFFFFFFFFFFF52
:20231800FFFFFFFEFCFEFEFEFEFCFCF8F0E0D0E0C080070741012000000002000100000093
:202338000100FFFFFFFFFFFF7F7F3F3F1F1F8F0F4707FCFCF8F8F1F1F1F1E3E3E3E3C7C71E
:20235800C7C77F7FFFFFFFFFFFFFFFFFFFFFFFFFFFFFFFFFF9FEFFF8F7F8FFF0FFE0DFE07F
:202378003FC0AA005500FF00FF00FF00FF00FF00FF00AA005500FF00F500FF00FF00FF005D
:20239800FF00A3035101F8005800FC00FE00FE00FE00FFFFFFFFFFFFFFFF7F7F3F3F3F3FF6
:2023B8003F3FFFFFFFFFFFFFFFFFFFFFFFFFFEFEFEFE8F8F8F8F1F1F1F1F1F1F1F1F3F3FE9
:2023D8003F3FFFFFFFFFFFFFFFFFFFFFFDFFF8FFF0FFFFFFFFFFFFFFFFFFFFFFB4FF00FFE7
:2023F80000FFFFFFFEFFF8FFC7F805FAAA5500FF2AD5C0FF3FC07F80FF005FA0AF5055AA60
:20241800AA55FF00FF00FF00FF00FF00FF005FA0AF50FF00FF00FF00FF00FF00FF00FF00B4
:20243800FE01FF00FF00FF00FF00FF00FE01F40BA857FF00FF00FF00FF00D7288B7401FE94
:1224580002FD1F1F1F1F8F0F8F0F8F0F8F0F8F0F8F0F43
:020000040002F8
:0E15F200141204785E00000007815B00000008
:020000040001F9
:20DCE90000000000000000000000000000000000000000000000000000000000000000001B
:20DD09000000000000000000000000000000000000000000000000000000000000000000FA
:20DD29000000000000000000000000000000000000000000000000000000000000000000DA
:20DD49000000000000000000000000000001020000000000000000000000000000000000B7
:20DD69000304050607000000000000000000000000000008090A0B0C0D0000000000000042
:20DD8900000000000000000E0F0A101112130000000000000000000000001415160A0A0AB0
:20DDA9000A1700000000000000000000000018191A1B0A0A0A1C1D0000000000000000007C
:20DDC90000001E1F2021220A2324250000000000000000000000262728292A2B2C2D2E00AA
:20DDE900000000000000000000002F303132333435363700000000000000000000003839DE
:20DE0900000000003A3B0000000000000000000000013C3D000000003E3F4000000000004D
:20DE29000000000000414200000000434445464700000000000000004849004A4B4C4D4EF0
:08DE49004F505152000000008F
:206E8F005300FFFFFFFFFFFFFFFFFFFFFFFFFFFFFFFFFFFFFFFFFFFFFFFFFFFFFFFFFFFFAE
:206EAF00FEFEFFFFFFFFFFFFFFFFFFFFFFFFFFFF0707FFFFFFFFFFFFFFFFFEFEFCFCF8F8EB
:206ECF00F1F0F0F0C0C081800F003F007F00FF00FF0000000000A0004000E0005000E000A6
:206EEF00D000FFFF3F3F0F0F07070303010108000400FFFFFFFFFFFFFFFFFFFFFFFFFFFF05
:206F0F007F7FFFFFFFFFFFFFFFFFFFFFFEFEFCFCFCFCE1E2C3C487880F1007180F3007782D
:206F2F000F70FF00FF00FF00FF00FF00FF00FF00FF00E000D000E000D000E000D000F800C3
:206F4F00F0000A0014000B0015000F0015000F0015003F3F3F3F1F1F0F0FC7074707E30352
:206F6F007101F8F8F0F1F0F1E0E3C0C7C0C7808F808F17E82FD017E82FD017E82FD017E8F6
:206F8F002FD0F800F400FE00FD00FE00FD00FF00FF000F0015002F005500BF005700FF0046
:206FAF005F00F1017800FC00FC00FE00FE00FF00FF00FFFFFFFF7F7F7F7F3F3F3F3F1F1FD5
:206FCF001F1FFFFFFFFFFEFEFEFEFCFCFCFCFCFCF8F8001F001F203F003F407F407F007FBF
:206FEF0080FF17E82FD017E82FD007F82FD007F82BD48F0F8F0FC707C707E303E303F10175
:20700F00F101F8F8F1F1F1F1F1F1E3E3E3E3E3E3E3E380FF00FF00FF00FF00FF00FF80FFC8
:20702F0000FF05FA0BF401FE0AF501FE0AF500FF02FDFF00FF00FF00FF007F80BF405FA051
:20704F00AF50F101F800F800F800FC00FC00FC00FE00FFFFFFFFFFFFFFFF7F7F7F7F7F7F64
:20706F003F3FC7C7C7C7C7C7C7C78F8F8F8F8F8F8F8F80FF00FF80FFC0FFE0FFC0FCE0F8A4
:20708F00DCFC00FF00FF00FF00FF00FF001F000F000717E8AB5405FA2AD501FE0AF500FFE0
:2070AF0000FFFF00FF00FF00FF005FA0AF5015EAAB54FF00FF00FF00FF00FF00C000C0004F
:2070CF008000FE00FE00FE00FE00FF00FF007F003F003F3F3F3F3F3F3F3F1F1F1F1F1F1FBB
:2070EF001F1F8F8F8F8F8F8F8F8F8F8F8F8FC7C7C7C7FEFEEFFFFFFFEFFFF3FFFAFFF0FFC3
:20710F00FAFF00070003E0E3FCFFFCFFFCFF00FFACFF00FF00FF00FF00FF00FF00FF00FF06
:20712F0000FF01FE2AD500FF00FF00FF00FF00FF00FF5FA0AF5005FAAA5500FF00FF00FF50
:20714F0000FFE060F0F0FEFEFFFF3FFFAFFF00FF2AFF3F003E01342BEAF5C0FFE8D740FF7A
:20716F0080FF1F1F1F1F1F1F1F1F1F1F1F1F1F1F1F1FC7C7E3E3E3E3E3E3F1F1F1F1F8F8FD
:20718F00F8F8FDFFFFFFFFFFFFFFFFFFFFFFFFFFFFFF0EFFFFFFFFFFFFFFFFFFFFFFFFFF01
:2071AF00FFFF00FF40FFE8FFF5FFFFFFFFFFFFFFFFFF00FF00FF00FF00FFE0FFF5FFFFFFE4
:2071CF00FFFF00FF00FF00FF00FF00FF00FFFAFFFFFF04FF00FF00FF00FF00FF50FFFAFF6A
:2071EF00FFFF00FE00FE00FE00FC0CFC1CFCF8F8F1F13F3F3F3F3F3F7F7F7F7F7F7FFFFF28
:20720F00FFFFFCFCFEFEFEFEFFFFFFFFFFFFFFFFFFFF7F7F3F3F3F3F1F1F8F8FC7C7C3C311
:20722F008181FFFFFFFFFFFFFFFFFFFFFFFFFCFCF8F8F1F1E3E3C7C7C7C78F8F1F1F3F3FC3
:20724F000F0FFEFEFCFCF0F0E1E1C3C38F8F1F1F3F3F07073F3F7F7FFFFFFFFFFFFFFFFF89
:20726F00FFFFFFFEFCFEFEFEFEFCFCF8F0E0D0E0C0800707410120000000020001000000ED
:20728F000100FFFFFFFFFFFF7F7F3F3F1F1F8F0F4707FCFCF8F8F1F1F1F1E3E3E3E3C7C778
:2072AF00C7C77F7FFFFFFFFFFFFFFFFFFFFFFFFFFFFFFFFFF9FEFFF8F7F8FFF0FFE0DFE0D9
:2072CF003FC02A805500FF00FF00FF00FF00FF00FF00AA005500FF00F500FF00FF00FF00B7
:2072EF00FF00A3035101F8005800FC00FE00FE00FE00FFFFFFFFFFFFFFFF7F7F3F3F3F3F50
:20730F003F3FFFFFFFFFFFFFFFFFFFFFFFFFFEFEFEFE8F8F8F8F1F1F1F1F1F1F1F1F3F3F42
:20732F003F3FFFFFFFFFFFFFFFFFFFFFFDFFF8FFF0FFFFFFFFFFFFFFFFFFFEFFB0FF00FF45
:20734F0000FFFFFFFEFFF8FFC7F805FAAA5500FF2AD5C0FF3FC07F80FF005FA0AF5055AAB9
:20736F00AA55FF00FF00FF00FF00FF00FF005FA0AF50FF00FF00FF00FF00FF00FF00FF000E
:20738F00FE01FF00FF00FF00FF00FF00FE01F40BA857FF00FF00FF00FF00D7288B7401FEEE
:1273AF0002FD1F1F1F1F8F0F8F0F8F0F8F0F8F0F8F0F9D
:020000040002F8
:201600001412058F6E00000007E95C00000000003E3EC1C1CE8ECC84C484F8F80000000074
:20162000000000000800040002000D000C0000000000030004000400000000000000000078
:1E16400000000000100020004000B000300000000000C000200020000000000000003C
:020000040001F9
:20246A00000000000000000000000000000000000000000000000000000000000000000052
:20248A00000102030405060708090A0B0C0D0E0F101112131415161718191A1B1C1D1E1F42
:2024AA00202122232425262728292A2B2C2D2E2F303132333435363738393A3B3C3D3E3F22
:2024CA00404142434445464748494A4B294C4D4E4F505152535455565758595A5B5C5D5E38
:2024EA005F5E606162636465666768696A5E6B5E5E6C6D6E6F70717273747576775E787998
:20250A005E7A7B7C7D7E7F8081828384855E868788898A8B8C8D8E8F909188925E5E5E93AA
:20252A009495969798999A9B9C9D9E9FA0A1A2A3A4A5A6A7A8A9AAABACADAEAFB0B1B2B321
:20254A00B4B5B6B7B8B9BABBBCBDBEBFC0C1C2C3C4C5A6A7A8A9AAC6C7C8C9CACBCCCDCECE
:20256A00FFFFFFFFFFFFFFFFFFFFFFFFFFFFFFFFF9F9F1F1F1F1E3E3E7E7FFFF9F9F9F9F9D
:20258A00FFFFDBDBDBDBFFFFFFFFFFFFFFFFFFFFFFFFDBDB8181DBDBDBDB8181DBDBDBDB41
:2025AA00F7F7E1E1D7D7E1E1F6F6F6F6C1C1F7F7FFFFDEDEADADDBDBF7F7EDEDDADABDBDE9
:2025CA00FFFFE7E7DBDBDBDBC7C7B5B5BBBBC5C5FFFFE7E7F7F7EFEFFFFFFFFFFFFFFFFF31
:2025EA00F3F3EFEFEFEFEFEFEFEFEFEFEFEFF3F3CFCFF7F7F7F7F7F7F7F7F7F7F7F7CFCF01
:20260A00FFFFB6B6D5D5E3E38080E3E3D5D5B6B6FFFFF7F7F7F7F7F78080F7F7F7F7F7F768
:20262A00FFFFFFFFFFFFFFFFFFFFE7E7F7F7EFEFFFFFFFFFFFFFFFFF8181FFFFFFFFFFFF0C
:20264A00FFFFFFFFFFFFFFFFFFFFFFFFE7E7E7E7FFFFFDFDFBFBF7F7EFEFDFDFBFBF7F7FEC
:20266A00FFFFC1C19C9C989894948C8C9C9CC1C1FFFFF8F8F0F0F8F8F8F8F8F8F8F8F8F8F0
:20268A00FFFFC1C19C9CFCFCE1E1CFCF9F9F8080FFFFC1C19C9CFCFCE1E1FCFC9C9CC1C1BE
:2026AA00FFFF99999999999999998080F9F9F9F9FFFF80809F9F8181FCFCFCFC9C9CC1C17E
:2026CA00FFFFC1C19C9C9F9F81819C9C9C9CC1C1FFFF8080FCFCF9F9F3F3E3E3E3E3E3E3E6
:2026EA00FFFFC1C19C9C9C9CC1C19C9C9C9CC1C1FFFFC1C19C9C9C9CC0C0FCFC9C9CC1C14A
:20270A00FFFFE7E7E7E7FFFFE7E7E7E7FFFFFFFFFFFFE7E7E7E7FFFFE7E7E7E7F7F7EFEF7F
:20272A00FFFFF7F7EFEFDFDFBFBFDFDFEFEFF7F7FFFFFFFFFFFF8181FFFF8181FFFFFFFF07
:20274A00FFFFDFDFEFEFF7F7FBFBF7F7EFEFDFDFC3C39999F9F9F3F3E7E7FFFFCFCFCFCFCF
:20276A00FFFFE1E1DEDEB2B2AEAEA1A1BFBFC1C1FFFFC1C19C9C9C9C9C9C80809C9C9C9C39
:20278A00FFFF81819C9C9C9C81819C9C9C9C8181FFFFC1C19C9C9F9F9F9F9F9F9C9CC1C11F
:2027AA00FFFF81819C9C9C9C9C9C9C9C9C9C8181FFFF80809F9F9F9F81819F9F9F9F8080FD
:2027CA00FFFF80809F9F9F9F81819F9F9F9F9F9FFFFFC1C19C9C9F9F90909C9C9C9CC1C1B1
:2027EA00FFFF9C9C9C9C9C9C80809C9C9C9C9C9CFFFFE7E7E7E7E7E7E7E7E7E7E7E7E7E7E1
:20280A00FFFFFCFCFCFCFCFCFCFC9C9C9C9CC1C1FFFF9C9C999993938787939399999C9CB2
:20282A00FFFF9F9F9F9F9F9F9F9F9F9F9F9F8080FFFF9C9C8888808094949C9C9C9C9C9C06
:20284A00FFFF9C9C8C8C8484909098989C9C9C9CFFFFC1C19C9C9C9C9C9C9C9C9C9CC1C13E
:20286A00FFFF81819C9C9C9C9C9C81819F9F9F9FFFFFC1C19C9C9C9C9C9C90909999C2C22A
:20288A00FFFF81819C9C9C9C9C9C818199999C9CFFFFC1C19C9C9F9FC1C1FCFC9C9CC1C1F0
:2028AA00FFFF8181E7E7E7E7E7E7E7E7E7E7E7E7FFFF9C9C9C9C9C9C9C9C9C9C9C9CC1C16A
:2028CA00FFFF9C9C9C9C9C9C9C9CC9C9E3E3F7F7FFFF9C9C9C9C9C9C9494808088889C9CB4
:2028EA00FFFFCCCCCCCCE1E1F3F3E1E1CCCCCCCCFFFF999999999999C3C3E7E7E7E7E7E782
:20290A00FFFFC0C0DCDCF9F9F3F3E7E7CECEC0C0FFFFE7E7EFEFEFEFEFEFEFEFEFEFE7E7C5
:20292A00FFFFBFBFDFDFEFEFF7F7FBFBFDFDFEFEFFFFE7E7F7F7F7F7F7F7F7F7F7F7E7E75B
:20294A00FFFFEFEFD7D7BBBBFFFFFFFFFFFFFFFFFFFFFFFFFFFFFFFFFFFFFFFF8181FFFF81
:20296A00FFFFDFDFEFEFF7F7FFFFFFFFFFFFFFFFFFFFFFFFFFFFC0C09C9C9C9C98988484AB
:20298A00FFFF9F9F9F9F81819C9C9C9C9C9C8181FFFFFFFFFFFFC1C19C9C9F9F9C9CC1C15B
:2029AA00FFFFFCFCFCFCC0C09C9C9C9C9C9CC0C0FFFFFFFFFFFFC1C19C9C80809F9FC0C005
:2029CA00FFFFF8F8F3F3F3F3C0C0F3F3F3F3F3F3FFFFFFFFC1C19C9C9C9CC0C0FCFC818199
:2029EA00FFFF9F9F9F9F81819C9C9C9C9C9C9C9CFFFFE7E7E7E7FFFFE7E7E7E7E7E7E7E7A1
:202A0A00FFFFF9F9F9F9FFFFF9F999999999C3C3FFFFCFCFCFCFCCCCC9C9C3C3C9C9CCCCDC
:202A2A00FFFFFFFFFFFF8181A4A4A4A4A4A4A4A4FFFFFFFFFFFF81819C9C9C9C9C9C9C9C94
:202A4A00FFFFFFFFFFFFC1C19C9C9C9C9C9CC1C1FFFFFFFF81819C9C9C9C81819F9F9F9FDA
:202A6A00FFFFFFFFC0C09C9C9C9CC0C0FCFCFCFCFFFFFFFFFFFFC9C9C1C1C7C7CFCFCFCF18
:202A8A00FFFFFFFFFFFFC1C19E9EC1C1BCBCC1C1FFFFE7E7E7E78181E7E7E7E7E7E7F1F110
:202AAA00FFFFFFFFFFFF9C9C9C9C9C9C9898C4C4FFFFFFFFFFFF9C9C9C9CC9C9E3E3F7F702
:202ACA00FFFFFFFFFFFF9C9C9494808088889C9CFFFFFFFFFFFF9C9CC9C9E3E3C9C99C9CF6
:202AEA00FFFFFFFFFFFF9C9C9C9CC0C0FCFCC1C1FFFFFFFFFFFF8181F3F3E7E7CFCF818118
:202B0A00E3E3EFEFEFEFDFDFDFDFEFEFEFEFE3E3EFEFEFEFEFEFEFEFEFEFEFEFEFEFEFEF3B
:202B2A00C7C7F7F7F7F7FBFBFBFBF7F7F7F7C7C7FFFFFFFFFFFFEBEBD7D7FFFFFFFFFFFF53
:202B4A00AAAA5555AAAA5555AAAA5555AAAA5555FFFFC7C7BFBF8F8F8F8FBFBFC7C7FFFF23
:202B6A00FFFFFFFFFFFFFFFF9F9FDFDFBFBFFFFFFFFFFFFFF3F3EFEFC7C7EFEF9F9FFFFF73
:202B8A00FFFFFFFFFFFFFFFF9393DBDBB7B7FFFFFFFFFFFFFFFFFFFFFFFFFFFF2424242467
:202BAA00FFFFFFFFDFDF8F8FDFDFDFDFFFFFFFFFFFFFFFFFDFDF8F8FDFDF8F8FDFDFFFFF4B
:202BCA00FFFFEFEFD7D7FFFFFFFFFFFFFFFFFFFFFFFFFFFF37372F2FDFDFA4A46464FFFFD7
:202BEA00EBEBF7F7C1C19C9C8787F0F09C9CC1C1FFFFFFFFF7F7EFEFDFDFEFEFF7F7FFFF55
:202C0A00FFFFD1D1A7A7B7B7B1B1B7B7A7A7D1D1DBDBE7E78181B9B9E3E3C7C79D9D818106
:202C2A00FFFFF9F9FBFBFDFDFFFFFFFFFFFFFFFFFFFF9F9FDFDFBFBFFFFFFFFFFFFFFFFF42
:202C4A00FFFFC9C9DBDBEDEDFFFFFFFFFFFFFFFFFFFF9393DBDBB7B7FFFFFFFFFFFFFFFF12
:202C6A00FFFFFFFFFFFFE7E7C3C3C3C3E7E7FFFFFFFFFFFFFFFFFFFFC7C7FFFFFFFFFFFF2A
:202C8A00FFFFFFFFFFFFFFFF8383FFFFFFFFFFFFFFFFFFFFEBEBD7D7FFFFFFFFFFFFFFFFBA
:202CAA00FFFFFFFF8585D1D1D5D5FFFFFFFFFFFFFFFFEBEBF7F7C1C19E9EC1C1BCBCC1C1C2
:202CCA00FFFFFFFFDFDFEFEFF7F7EFEFDFDFFFFFFFFFFFFFFFFFC9C9B6B6B0B0B7B7C8C874
:202CEA00FFFFDBDBE7E78181F3F3E7E7CFCF8181FFFFDBDBFFFFBDBDC3C3E7E7E7E7E7E7D6
:202D0A00F9F9F9F9FFFFE7E7C7C78F8F8F8F9F9FFFFFFDFDC3C3999997978D8DC3C3DFDFB5
:202D2A00FFFFE7E7DBDB8F8FDFDFDFDFCDCDB3B3FFFFFFFFBBBBC7C7D7D7C7C7BBBBFFFFBD
:202D4A00FFFF999999999999C3C3E7E7C3C3E7E7E7E7E7E7E7E7FFFFFFFFE7E7E7E7E7E75D
:202D6A00E3E3DFDF8787BBBBC7C7F7F78F8FFFFFFFFFDBDBFFFFFFFFFFFFFFFFFFFFFFFF01
:202D8A00C3C3BDBD66665E5E5E5E6666BDBDC3C3C7C7B7B7A7A79797FFFFFFFFFFFFFFFFA9
:202DAA00FFFFFFFFEBEBD7D7AFAFD7D7EBEBFFFFFFFFFFFFFFFFFFFFC3C3FBFBFFFFFFFF39
:202DCA00C3C3BDBD46465A5A46465A5ABDBDC3C3FFFFFFFFFFFFFFFF8787FFFFFFFFFFFF69
:202DEA00FFFFCFCFB7B7B7B7CFCFFFFFFFFFFFFFFFFFFFFFEFEFC7C7EFEFFFFFC7C7FFFFE9
:202E0A00CFCFB7B7EFEFDFDF8787FFFFFFFFFFFF8F8FF7F7C7C7F7F78F8FFFFFFFFFFFFF58
:202E2A00FBFBF7F7FFFFFFFFFFFFFFFFFFFFFFFFFFFFBFBFB7B7B7B7B7B78B8BBFBFFFFF58
:202E4A00FFFFC5C585858585C5C5F5F5F5F5FFFFFFFFFFFFFFFFE7E7E7E7FFFFFFFFFFFFE0
:202E6A00FFFFFFFFFFFFFFFFFFFFF7F7FBFBF7F7FFFF9F9FDFDFDFDF8F8FFFFFFFFFFFFFB0
:202E8A00FFFFFFFFD7D7EBEBF5F5EBEBD7D7FFFFCFCFCFCFFFFFE7E7F3F3F9F99999C3C3A4
:202EAA00EFEFF7F7FFFFC1C19C9C9C9C80809C9CFBFBF7F7FFFFC1C19C9C9C9C80809C9C08
:202ECA00E3E3DDDDFFFFC1C19C9C9C9C80809C9CEBEBD7D7FFFFC1C19C9C9C9C80809C9C94
:202EEA00FFFFDDDDFFFFC1C19C9C9C9C80809C9CE3E3E3E3FFFFC1C19C9C9C9C80809C9C34
:202F0A00FFFFC0C0939393939090838393939090FFFFC3C39D9D9F9F9F9F9D9DC3C3FBFB81
:202F2A00EFEFF7F7FFFF80809F9F81819F9F8080FBFBF7F7FFFF80809F9F81819F9F8080DF
:202F4A00EBEBD7D7FFFF80809F9F81819F9F8080FFFFDDDDFFFF80809F9F81819F9F808033
:202F6A00EFEFF7F7FFFFE7E7E7E7E7E7E7E7E7E7F7F7EFEFFFFFE7E7E7E7E7E7E7E7E7E7A7
:202F8A00E7E7DBDBFFFFE7E7E7E7E7E7E7E7E7E7FFFFDBDBFFFFE7E7E7E7E7E7E7E7E7E7E7
:202FAA00FFFFC1C1CCCCCCCC8484CCCCCCCCC1C1EBEBD7D7FFFF9C9C8C8C949498989C9C3B
:202FCA00EFEFF7F7FFFFC1C19C9C9C9C9C9CC1C1FBFBF7F7FFFFC1C19C9C9C9C9C9CC1C1E3
:202FEA00E3E3DDDDFFFFC1C19C9C9C9C9C9CC1C1EBEBD7D7FFFFC1C19C9C9C9C9C9CC1C16F
:20300A00FFFFDDDDFFFFC1C19C9C9C9C9C9CC1C1FFFFFFFFDEDEEDEDF3F3F3F3EDEDDEDE50
:20302A00FFFFC5C5BBBBB5B5ADADADADDDDDA3A3EFEFF7F7FFFF9C9C9C9C9C9C9C9CC1C13E
:20304A00FBFBF7F7FFFF9C9C9C9C9C9C9C9CC1C1E3E3DDDDFFFF9C9C9C9C9C9C9C9CC1C142
:20306A00FFFFDDDDFFFF9C9C9C9C9C9C9C9CC1C1FBFBF7F7FFFFBDBDC3C3E7E7E7E7E7E7E2
:20308A00FFFFBFBF8F8FB7B7B7B78F8FBFBFFFFFFFFFC1C19C9C91919C9C9C9C9C9C919172
:2030AA00EFEFF7F7FFFFC0C09C9C9C9C98988484FBFBF7F7FFFFC0C09C9C9C9C989884840A
:2030CA00E3E3DDDDFFFFC0C09C9C9C9C98988484EBEBD7D7FFFFC0C09C9C9C9C9898848496
:2030EA00FFFFDDDDFFFFC0C09C9C9C9C98988484E7E7E7E7FFFFC0C09C9C9C9C9898848426
:20310A00FFFFFFFFFFFFC1C1B6B6B0B0A7A79090FFFFFFFFE3E3DDDDDFDFDDDDE3E3FBFB3F
:20312A00EFEFF7F7FFFFC1C19C9C80809F9FC0C0FBFBF7F7FFFFC1C19C9C80809F9FC0C0E9
:20314A00E3E3DDDDFFFFC1C19C9C80809F9FC0C0FFFFDDDDFFFFC1C19C9C80809F9FC0C041
:20316A00EFEFF7F7FFFFFFFFE7E7E7E7E7E7E7E7F7F7EFEFFFFFFFFFE7E7E7E7E7E7E7E745
:20318A00E7E7DBDBFFFFFFFFE7E7E7E7E7E7E7E7FFFFDBDBFFFFFFFFE7E7E7E7E7E7E7E785
:2031AA00F5F5FBFBC5C5FDFDE1E1DEDEDEDEE1E1EBEBD7D7FFFF81819C9C9C9C9C9C9C9C41
:2031CA00FFFFE7E7E7E7FFFF8181FFFFE7E7E7E7FFFFFFFFC5C5BBBBB5B5ADADDDDDA3A3F1
:2031EA00EFEFF7F7FFFF9C9C9C9C9C9C9898C4C4FBFBF7F7FFFF9C9C9C9C9C9C9898C4C459
:20320A00F7F7EBEBFFFF9C9C9C9C9C9C9898C4C4FFFFDDDDFFFF9C9C9C9C9C9C9898C4C46C
:20322A00FBFBF7F7FFFF9C9C9C9CC0C0FCFCC1C1E7E7B7B79F9FAFAFAFAF9F9FBFBFFFFF48
:18324A00EFEFF7F7FFFF9C9C9C9CC0C0FCFCC1C101FF6A6400006A659B
:020000040002F8
:20165E00C1C1DDDD05055555414175750101F5F5FFFFFFFFFFFFFFFF0000FFFF0000FFFF30
:20167E008383BBBBA0A0AAAA8282AEAE8080AFAFF5F5F5F5F5F5F5F5F5F5F5F5F5F5F5F52E
:20169E00FFFFFFFFFFFFFFFFFFFFFFFFFFFFFFFFAFAFAFAFAFAFAFAFAFAFAFAFAFAFAFAF4C
:2016BE00F5F501017575414155550505DDDDC1C1FFFF0000FFFF0000FFFFFFFFFFFFFFFFD0
:1016DE00AFAF8080AEAE8282AAAAA0A0BBBB83832E
:020000040000FA
:04056000632EC33211
:020000040002F8
:0616EE00FFE400FFD0E064
:020000040001F9
:20DE51000000000000000000000000000000000000000000000000000000000000000000B1
:20DE7100000000000000000000000000000000000000000000000000000000000000000091
:20DE9100000000000000000000000000000000000000000000000000000000000000000071
:20DEB100000000000000000000000000000000000000000000000000000000000000000051
:20DED100000000000000000000000000000000000000000000000000000000000000000031
:20DEF1000000000000000000000000000000000000000000000000000000000000000F0FF3
:20DF11000000000000000000000000000000000000000000000000000000000000000000F0
:20DF31000000000000000000000000000000000000000000000000000000000000000000D0
:20DF51000000000000000000000000000000000000000000000000000000000000000000B0
:20DF7100000000000000000000000000000000000000000000000000000000000000000090
:20DF9100000000000000000000000000000000000000000000000000000000000000000070
:08DFB100000000000000000068
:020000040002F8
:2016F400251204140000FFFC33FFFC556A060801538180140001FFFC0DFFFC0045FE0221BE
:2017140007C6065703001412000000000000076B7E08E45507515E08EE5608F15608F4568E
:20173400000000000000000000000000000000000000001400000000000000000000000081
:011754000094
:020000040001F9
:20DFB900000000000000000000000000000000000000000000000000000000000000000048
:20DFD900000000000000000000000000000000000000000000000000000000000000000028
:20DFF900000000000000000000000000000000000000000000000000000000000000000008
:20E019000000000000000000000000000000000000000000000000000000000000000000E7
:20E039000000000000000000000000000000000000000000000000000000000000000000C7
:20E059000000000000000000000000000000000000000000000000000000000000000000A7
:20E07900000000000000000000000000000000000000000000000000000000000000000087
:20E09900000000000000000000000000000000000000000000000000000000000000000067
:20E0B900000000000000000000000000000000000000000000000000000000000000000047
:20E0D900000000000000000000000000000000000000000000000000000000000000000027
:20E0F900000000000000000000000000000000000000000000000000000000000000000007
:08E119000000000000000000FE
:020000040002F8
:20175500251205140000FFFC33FFFC140001FFFB0DFFFB0045FE022101C606570340000117
:2017750001020240410A424301030401FF0201596F75206D6F636B206D79200A73686F654E
:2017950073004703010414000045FF0E0041FF0044070145FE120044030114001EFFFB0DAA
:2017B500FFFB0045FE026608087919072101C6065701140000FFFC140000FFFD140000FF4E
:2017D500FE35FFFC3200FFFC270302081F58001412000000000000076B7E08FC5107B95F64
:2017F50008EE5608F156085557000000000000000000000000000000000000001400000071
:0A18150000000000000000000000C9
:020000040001F9
:20E121000000000000000000000000000000000000000000000000000000000000000000DE
:20E141000000000000000000000000000000000000000000000000000000000000000000BE
:20E1610000000000000000000000000000000000000000000000000000000000000000009E
:20E1810000000000000000000000000000000000000000000000000000000000000000007E
:20E1A10000000000000000000000000000000000000000000000000000000000000000005E
:20E1C10000000000000000000000000000000000000000000000000000000000000000003E
:20E1E10000000000000000000000000000000000000000000000000000000000000000001E
:20E201000000000000000000000000000000000000000000000000000000000000000000FD
:20E221000000000000000000000000000000000000000000000000000000000000000000DD
:20E241000000000000000000000000000000000000000000000000000000000000000000BD
:20E2610000000000000000000000000000000000000000000000000000000000000000009D
:20E281000000000000000000251205140000FFFC33FFFC140001FFFB0DFFFB0045FE022188
:20E2A10001C606570340000101020240410A424301030401FF0201796574206661696C20A7
:20E2C100746F200A636F6D70726568656E64207468617420004703010414000045FF0E0065
:20E2E10041FF0044070140000101020240410A424301030401FF0201746865207665727909
:20E301002067726F756E640A796F75207374616E642075706F6E004703010414000041FF27
:20E321000044070140000101020240410A424301030401FF02017472656D626C6573206948
:20E341006E20666561720A6F66206D7920706F7765722E004703010414000041FF00440742
:20E361000145FE120044030114001EFFFB0DFFFB0045FE0240000101020240410A4243012F
:20E38100030401FF020149207368616C6C20626573746F77200A75706F6E20796F75206157
:20E3A100200A66697474696E6720766973616765004703010514000045FF0D0041FF004465
:20E3C100070145FE12004403016608087919072101C6065701140000FFFC140000FFFD140F
:12E3E1000000FFFE35FFFC3200FFFC27030208AC580098
:020000040002F8
:20181F001412000000000000076B7E080A5207216108EE5608F15607896200000000000019
:1B183F000000000000000000000000000014000000000000000000000000007A
:020000040001F9
:20E3F30000000000000000000000000000000000000000000000000000000000000000000A
:20E413000000000000000000000000000000000000000000000000000000000000000000E9
:20E433000000000000000000000000000000000000000000000000000000000000000000C9
:20E453000000000000000000000000000000000000000000000000000000000000000000A9
:20E47300000000000000000000000000000000000000000000000000000000000000000089
:20E49300000000000000000000000000000000000000000000000000000000000000000069
:20E4B300000000000000000000000000000000000000000000000000000000000000000049
:20E4D300000000000000000000000000000000000000000000000000000000000000000029
:20E4F300000000000000000000000000000000000000000000000000000000000000000009
:20E513000000000000000000000000000000000000000000000000000000000000000000E8
:20E533000000000000000000000000000000000000000000000000000000000000000000C8
:08E553000000000000000000C0
:020000040002F8
:20185A00251205140000FFFC33FFFC140001FFFB0DFFFB0045FE022101C606570314001E20
:20187A00FFFB0DFFFB0045FE026608087919072101C6065701140000FFFC140000FFFD1480
:20189A000000FFFE35FFFC3200FFFC270302083959001412000000000000076B7E0800569A
:2018BA0007F36308EE5608F156085A58000000000000000000000000000000000000001448
:0D18DA000000000000000000000000000001
:020000040001F9
:20E55B000000000000000000000000000000000000000000000000000000000000000000A0
:20E57B00000000000000000000000000000000000000000000000000000000000000000080
:20E59B00000000000000000000000000000000000000000000000000000000000000000060
:20E5BB00000000000000000000000000000000000000000000000000000000000000000040
:20E5DB00000000000000000000000000000000000000000000000000000000000000000020
:20E5FB00000000000000000000000000000000000000000000000000000000000000000000
:20E61B000000000000000000000000000000000000000000000000000000000000000000DF
:20E63B000000000000000000000000000000000000000000000000000000000000000000BF
:20E65B0000000000000000000000000000000000000000000000000000000000000000009F
:20E67B0000000000000000000000000000000000000000000000000000000000000000007F
:20E69B0000000000000000000000000000000000000000000000000000000000000000005F
:08E6BB00000000000000000057
:020000040002F8
:2018E700251205140000FFFC33FFFC140001FFFB0DFFFB0045FE022101C606570314007839
:20190700FFFB0DFFFB0045FE026608087919072101C6065701140000FFFC140400FFFD14EE
:201927000800FFFE35FFFC3201FFFC27030208E45E001412000000000000076B7E08F25562
:20194700075B6508EE5608F15608E7580000000000000000000000000000000000000014C3
:2019670000000000000000000000000000208003000300000FFC07000000000F0800000091
:20198700000000000000000000000000000000085F7108EF50084451000000000200000082
:2019A70000208007000300000FFC07000000000F080000000000000000000000000000004D
:2019C700000000085F7108124808674800000000020000000020800B000300000FFC07004D
:2019E7000000000F08000000000000000000000000000000000000085F7108734808C84816
:091A0700000000000200000000D4
:020000040001F9
:20A71F0000000000000000000000000000000000000000000000000000000000000000001A
:20A73F000000000000000000000000000000000000000000000000000000000000000000FA
:20A75F000000000000000000000000000000000000000000000000000000000000000000DA
:20A77F000000000000000000000000000000000000000000000000000000000000000000BA
:20A79F0000000000000000000000000000000000000000000000000000000000000000009A
:20A7BF0000000000000000000000000000000000000000000000000000000000000000007A
:20A7DF0000000000000000000000000000000000000000000000000000000000000000005A
:20A7FF0000000000000000000000000000000000000000000000000000000000000000003A
:20A81F00000000000000000000000000000000000000000000000000000000000000000019
:20A83F0000000000000000000000000000000F0F0000000000000F0F0000000000000F0F9F
:20A85F000000000000000F0F0F0F000000000F0F000000000F0F000000000F0F0F0F0F0F07
:20A87F000F0F0F0F0F0F0F0F0F0F0F0F0F0F0F0F0F0F0F0F0F0F0F0F0F00000F0F0F0F0FF7
:20A89F000F0F0F0F0F0F0F0F0F0F0F0F0F00000000000000000000000000000000000000D6
:20A8BF00000000000000000000000000000000000000000000000000000000000000000079
:20A8DF00000000000000000000000000000000000000000000000000000000000000000059
:20A8FF00000000000000000000000000000000000000000000000000000000000000000039
:20A91F00000000000000000000000000000000000000000000000000000000000000000018
:20A93F000000000000000000000000000000000000000000000000000000000000000000F8
:20A95F000000000000000000000000000000000000000000000000000000000000000000D8
:20A97F000000000000000000000000000000000000000000000000000000000000000000B8
:20A99F00000000000000000000000000000000000000000000000000000000000000000098
:20A9BF00000000000000000000000000000000000000000000000000000000000000000078
:20A9DF00000000000000000000000000000000000000000000000000000000000000000058
:20A9FF00000000000000000000000000000000000000000000000000000000000000000038
:20AA1F00000000000000000000000000000000000000000000000000000000000000000017
:20AA3F000000000000000000000000000000000000000000000000000000000000000000F7
:20AA5F000000000000000000000000000000000000000000000000000000000000000000D7
:20AA7F000000000000000000000000000000000000000000000000000000000000000000B7
:04AA9F0000000000B3
:020000040002F8
:201A100025120201000601000801744E2D779B030203140001FFFE0DFFFE0045FE022101E0
:201A3000C606570314001EFFFE0DFFFE0045FE0214001EFFFE140001FFFF0DFFFE0047AFB0
:201A500006660808791907460001000014001EFFFE0DFFFE0045FE0242120014001EFFFE19
:201A70000DFFFE0045FE0200085F713100010608CE74011E060401082075012406040108AE
:201A90004675012A060401086C75013212010304000100076B7E087A52061F6708EE56086A
:201AB000F15608105A00000008785A087459087B5A000000001703000300000000031100A0
:201AD000000000120200208007000300000FF807000000000F080000000000000000000013
:201AF000000000000000000008C871000000000000000000000000000000200000800401F0
:201B1000030CF807000000000F08000000000000000000000000000000000000076B7E00A0
:0E1B30000000000000000000000000000000A7
:020000040001F9
:20AAA300000000000000000000000000000000000000000000000000000000000000000093
:20AAC300000000000000000000000000000000000000000000000000000000000000000073
:20AAE300000000000000000000000000000000000000000000000000000000000000000053
:20AB0300000000000000000000000000000000000000000000000000000000000000000032
:20AB2300000000000000000000000000000000000000000000000000000000000000000012
:20AB43000000000000000000000000000000000000000000000000000000000000000000F2
:20AB630000000000000000000F0F0F0F0F0F0F0F0F0F0F0F0F0F0F0F0F0F0F0F0F0F0F0F6A
:20AB83000000000000000000000000000F0F0F0F0F0F0F0F0000000000000000000000003A
:20ABA3000F0F0F0F0F0F0F0F0000000000000000000000000F0F0F0F0F0F0F0F00000000A2
:20ABC30000000000000000000F0F0F0F0F0F0F0F0000000000000000000000000F0F0F0FBE
:20ABE300000000000000000000000000000000000F0F0F0F00000000000000000000000016
:20AC03000000000000000F0F000000000000000000000000000000000000000F0000000004
:20AC23000000000000000000000000000000000F0000000000000000000000000000000002
:20AC43000000000F00000000000000000000000000000000000000000000000000000000E2
:20AC63000000000000000000000000000000000000000000000000000000000000000000D1
:20AC83000000000000000000000000000000000000000000000000000000000000000000B1
:20ACA300000000000000000000000000000000000000000000000000000000000000000091
:20ACC300000000000000000000000000000000000000000000000000000000000000000071
:20ACE300000000000000000000000000000000000000000000000000000000000000000051
:20AD0300000000000000000000000000000000000000000000000000000000000000000030
:20AD2300000000000000000000000000000000000000000000000000000000000000000010
:20AD43000000000000000000000000000000000000000000000000000000000000000000F0
:20AD63000000000000000000000000000000000000000000000000000000000000000000D0
:20AD83000000000000000000000000000000000000000000000000000000000000000000B0
:20ADA300000000000000000000000000000000000000000000000000000000000000000090
:20ADC300000000000000000000000000000000000000000000000000000000000000000070
:20ADE300000000000000000000000000000000000000000000000000000000000000000050
:20AE030000000000000000000000000000000000000000000000000000000000000000002F
:04AE2300000000002B
:20E6C300251205140000FFFC33FFFC140002FFFC31FFFC140001FFFB0DFFFB0045FE022105
:20E6E30001C606570314001EFFFB0DFFFB0045FE02140002FFFC3201FFFC140002FFFC84A4
:20E703000000FFFC140002FFFC140400FFFD140480FFFE140001FFFF30FFFC14001EFFFBD7
:20E723000DFFFB0045FE0240000101020240410A424301030401FF0201496D207375707289
:20E743006973656420796F750A6D616465206974004703010414000045FF0E0041FF0044BD
:20E76300070140000101020240410A424301030401FF020141637475616C6C792C206D61D4
:20E783006B65730A73656E7365004703010414000041FF0044070140000101020240410A4B
:20E7A300424301030401FF02014D79206D696E696F6E730A68617665206E6F2061726D7365
:20E7C300004703010414000041FF0044070140000101020240410A424301030401FF0201E6
:20E7E3002E2E2E004703010414000041FF0044070140000101020240410A4243010304013E
:20E80300FF0201596F7572206A6F75726E65792C0A004703010414000041FF0044070140B3
:20E82300000101020240410A424301030401FF0201697420776F6E74206265207468617437
:20E843000A656173792E2E2E004703010414000041FF0044070145FE12004403016608086D
:20E86300791907460001000014001EFFFB0DFFFB0045FE0242120014003CFFFB0DFFFB0098
:20E8830045FE026608087919074600010000140012FFFB0DFFFB0045FE0242120014002ADC
:20E8A300FFFB0DFFFB0045FE02660808791907460001000014000CFFFB0DFFFB0045FE0253
:20E8C3004212006608087919072101C6065701140000FFFC140400FFFD140480FFFE35FFA0
:0CE8E300FC3201FFFC27030208D95B0097
:020000040000FA
:067FFA0008C871076B7E50
:020000040002F8
:201B3E00142D010200000200076B7E08AA5306A36A08EE5608F15607C36600000001FA7FF4
:201B5E0008D65A000000000000000000001400000000000000000000000000208007000371
:201B7E0000000FF807000000000F0800000000000000000000000000000000000008C871E1
:0F1B9E0000000000000000000000000000000038
:020000040001F9
:20AE270000000000000000000000000000000000000000000000000000000000000000000B
:20AE47000000000000000000000000000000000000000000000000000000000000000000EB
:20AE67000000000000000000000000000000000000000000000000000000000000000000CB
:20AE87000000000000000000000000000000000000000000000000000000000000000000AB
:20AEA70000000000000000000000000000000000000000000000000000000000000000008B
:20AEC70000000000000000000000000000000000000000000000000000000000000000006B
:20AEE70000000000000000000000000000000000000000000000000000000000000000004B
:20AF070000000000000000000000000000000000000000000000000000000000000000002A
:20AF270000000000000000000000000000000000000000000000000000000000000000000A
:20AF47000000000000000000000000000000000000000000000000000000000000000000EA
:20AF67000000000000000000000000000000000000000000000000000000000000000000CA
:20AF87000000000000000000000000000000000000000000000000000000000000000000AA
:20AFA70000000000000000000000000000000000000000000000000000000000000000008A
:20AFC70000000000000000000000000000000000000000000000000000000000000000006A
:20AFE70000000000000000000000000000000000000000000000000000000000000000004A
:20B00700000000000000000000000000000000000000000000000000000000000000000029
:20B02700000000000000000000000000000000000000000000000000000000000000000009
:20B047000000000000000000000000000000000000000000000000000000000000000000E9
:20B067000000000000000000000000000000000000000000000000000000000000000000C9
:20B087000000000000000000000000000000000000000000000000000000000000000000A9
:20B0A700000000000000000000000000000000000000000000000000000000000000000089
:20B0C700000000000000000000000000000000000000000000000000000000000000000069
:20B0E700000000000000000000000000000000000000000000000000000000000000000049
:20B10700000000000000000000000000000000000000000000000000000000000000000028
:20B12700000000000000000000000000000000000000000000000000000000000000000008
:20B147000000000000000000000000000000000000000000000000000000000000000000E8
:20B167000000000000000000000000000000000000000000000000000000000000000000C8
:20B187000000000000000000000000000000000000000000000000000000000000000000A8
:04B1A70000000000A4
:020000040002F8
:201BAD002512016604026C040822E000DA3C140001FFFF0DFFFF0045FE022101C606570339
:201BCD000008C871002C140108F47401142D010101000100076B7E08BA5406276E08EE56D3
:201BED0008F15608AD5B00000008CE5B08795B08D15B000000000000001400000000000024
:071C0D0000000000000000D0
:020000040001F9
:2073C100200010000700000FF807000000003F100000000000000000000000000000000018
:2073E100000008F972082D50088250000000000200000000208019000800000FF8070000E9
:2074010000003F1000000000000000000000000000000000000008F97208CC4F082150000D
:20742100000000020000000020801B000800000FF807000000003F10000000000000000029
:207441000000000000000000000008F97208D44808294900000000020000000020002300D5
:207461000700000FF807000000003F1000000000000000000000000000000000000008F9A6
:2074810072088A4908DF4900000000020000000020801B801100000FF807000000000F10F3
:2074A100000000000000000000000000000000000000083C7008EB490000000000000002D9
:2074C10000000000208017001300000FF807000000000F10000000000000000000000000B4
:2074E100000000000000083C7008404A000000000000000200000000208011001300000F70
:20750100F807000000000F10000000000000000000000000000000000000083C7008354912
:20752100000000000000000200000000208010001300000FF807000000000F100000000058
:207541000000000000000000000000000000083C7008F64A0000000000000002000000002C
:20756100200009001100000FF807000000000F1000000000000000000000000000000000A3
:207581000000083C70084B4B000000000000000200000000200008001100000FF80700004F
:2075A10000000F10000000000000000000000000000000000000083C7008A04B0000000004
:2075C100000000020000000020000B801900000FF807000000000F100000000000000000B7
:2075E10000000000000000000000083C7008F54B00000000000000020000000020000980E3
:207601001900000FF807000000000F10000000000000000000000000000000000000083CDF
:2076210070084A4C00000000000000020000000020000D801900000FF807000000000F1046
:20764100000000000000000000000000000000000000083C70089F4C000000000000000280
:2076610000000000200012801900000FF807000000000F1000000000000000000000000011
:20768100000000000000083C7008F44C00000000000000020000000020001A801900000F09
:2076A100F807000000000F10000000000000000000000000000000000000083C7008B64DEC
:2076C10000000000000000020000000020001C801900000FF807000000000F1000000000A5
:2076E1000000000000000000000000000000083C70080B4E00000000000000020000000072
:20770100200020001A00000FF807000000000F1000000000000000000000000000000000E1
:207721000000083C7008604E000000000000000200000000200022001A00000FF807000072
:2077410000000F10000000000000000000000000000000000000083C7008B54E000000004A
:0877610000000002000000001E
:020000040000FA
:20A4EC00000000000000000000000000000000000000000000000000000000000000000050
:20A50C0000000000000000000000000000000000000000000000000000000000000000002F
:20A52C0000000000000000000000000000000000000000000000000000000000000000000F
:20A54C000000000000000000000000000000000000000000000000000000000000000000EF
:20A56C000000000000000000000000000000000000000000000000000000000000000000CF
:20A58C000000000F0F0F000000000000000000000000000000000000000000000000000082
:20A5AC0000000000000000000000000000000000000000000000000000000000000000008F
:20A5CC00000000000000000000000000000000000000000F000F0F00000000000000000042
:20A5EC0000000000000000000000000000000000000000000000000000000000000000004F
:20A60C0000000000000000000000000000000000000000000000000000000000000000002E
:20A62C000F0F0F0F00000F0F0F0F0F0F0F0F0F0F0F0F0F0F0F0F0F0F0F0F0F0F0F0F0F0F4C
:20A64C000F0F0F0F0F0F0F0F0F0F0F0F0F0F0F0F0F0F0F0F0F0F0F0F0F0F0F0F0F0F0F0F0E
:20A66C000F0F0F0F0F0F0F0F0F0F0F0F0F0F0F0F0F0F0F0000000F0F0F0F0F0F0F0F0F0F1B
:20A68C000F0F0F0F0F0F0F0F0F0F0F0F0F0F0F0F0F0F0F0F0F0F0F0F0F0F0F0F0F0F0F0FCE
:20A6AC000F0F0F0F0F0F0F0F0F0F0F0F0F0F0F0F0F0F0F0F0F0F0F0F0F0F0F0F0F0F0F0FAE
:20A6CC00000000000000000F0F0F0F0F0F000000000F0F0F0F0F0F0F0F0F0F0F0F0F0F0F33
:20A6EC000F0F0F0F0F0F0F0F0F0F0F0F0F0F0F0F0F0F0F0F0F0F0F0F0F00000F0F0F0F0F8C
:20A70C000F0F0F0F0F0F0F0F0F0F0F0F0F0F0F0F000000000000000000000000000000003D
:20A72C00000000000000000000000F0F0F0F0F0F00000000000000000F0F0F0F0F0F0F0F3B
:20A74C000F000000000F0F00000000000F0F0F0F0F0F000000000000000000000000000066
:20A76C000000000000000000000000000000000000000000000000000000000000000000CD
:20A78C000000000000000000000000000000000000000000000000000000000000000000AD
:20A7AC0000000000000000000000000000000000000000000000000000000000000000008D
:20A7CC0000000000000000000000000000000000000000000000000000000000000000006D
:20A7EC0000000000000000000000000000000000000000000000000000000000000000004D
:20A80C0000000000000000000000000000000000000000000000000000000000000000002C
:20A82C0000000000000000000000000000000000000000000000000000000000000000000C
:20A84C000000000000000000000000000000000000000000000000000000000000000000EC
:20A86C000000000000000000000000000000000000000000000000000000000000000000CC
:20A88C000000000000000000000000000000000000000000000000000000000000000000AC
:20A8AC0000000000000000000000000000000000000000000000000000000000000000008C
:20A8CC0000000000000000000000000000000000000000000000000000000000000000006C
:20A8EC00000000000000000000000000000000000F0F0F0F0F0F0F000000000000000000E3
:20A90C000000000000000000000000000F0F0000000000000000000000000000000000000D
:20A92C0000000000000000000000000000000000000000000000000000000000000000000B
:20A94C000F0F0F0F0F0F0F0F000000000000000000000000000000000000000F0F0F0F0037
:20A96C000000000000000000000000000000000000000000000000000000000000000000CB
:20A98C000000000F0F00000000000000000000000F0F0F0F0F0F0F0F0F0F0F0F0F0F0F0F9D
:20A9AC000000000F0F0F0F0F0F0F0F0F0F0F0F0F0F0F0F0F0F0F00000F0F00000000000050
:20A9CC000000000000000000000000000000000F0F0F0F0F0F0F0F0F0000000000000000E4
:20A9EC000F0F0F0F0F0F0F0F0F0F0F0F0F0F0F0F0F0F0F0F0F0F0F0F0F0F0F0F0F0F0F0F6B
:20AA0C000F0F0F0F0F0F0F0F0F0F0F0F0F0F0F0F0000000000000000000000000F0F0F0FFE
:20AA2C000F0F0F0F0F0F0F0F0F0F0F0F0000000F0F0F0F0F0F0F0F0F0F0F0F0F0F0F0F0F57
:20AA4C000F0F0F0F0F0F0F0F0F0F0F0F0F0F0F0F0F0F0F0F0F0F0F0F0F0F0F0F0F0F0F0F0A
:20AA6C000F0F0F0F0F0F0F0F0F0F0F0F0F0F0F0F0F0F0F0F0F0F0F0F0F0F0F0F0000000F17
:20AA8C000F000000000000000000000000000000000000000000000000000000000000009B
:20AAAC0000000000000000000000000000000000000000000000000000000000000000008A
:20AACC0000000F0F0F0F0F0F0F0F0F000000000F0F000000000000000000000000000000C5
:20AAEC0000000000000000000000000000000000000000000000000000000000000000004A
:20AB0C000000000000000000000000000000000000000F0F0F0F0F0F0F0000000000000FB1
:20AB2C000F00000000000000000000000000000000000000000000000000000000000000FA
:20AB4C000000000000000000000000000000000000000000000000000000000000000000E9
:20AB6C0000000F0F0F0F0F000000000000000F0F0F00000000000000000000000000000051
:20AB8C000000000000000000000000000000000000000000000000000000000000000000A9
:20ABAC000000000000000000000000000000000F0F0F0F00000000000000000000000F0F2F
:20ABCC000F000000000000000000000000000000000000000000000000000000000000005A
:20ABEC000000000000000000000000000000000000000000000000000000000000000F0F2B
:20AC0C00000000000000000000000000000F0F0F0F000000000000000000000000000000EC
:20AC2C00000000000000000000000000000000000000000000000000000000000000000008
:20AC4C0000000000000000000000000000000F00000000000000000000000000000F0F0FAC
:20AC6C000F0F0F0F0F0F0F0F0F0F0F0F0F0F0F0F0F0F0F0F0F0F0F0F0F0F0F0F0F0F0F0FE8
:20AC8C000F0F0F0F0F0F0F0F0F0F0F0F0F0F0F0F0F0F0F0F0000000000000F0F0F0F0F0031
:20ACAC00000000000000000000000000000F0F0F000000000000000000000000000000005B
:20ACCC00000000000000000000000000000000000000000000000000000000000000000068
:20ACEC000000000F0F0000000F0F0F00000000000000000000000000000000000F0F0F0FC1
:20AD0C00000000000000000000000000000000000000000000000000000000000000000027
:20AD2C0000000000000000000000000000000000000000000F00000F0F00000000000000DA
:20AD4C000000000000000000000000000F0F000000000000000000000000000000000000C9
:20AD6C000000000000000000000000000000000000000000000000000000000000000000C7
:20AD8C00000000000F0F0F0F00000000000000000000000000000000000000000F0F00004D
:20ADAC00000000000000000000000000000000000000000000000000000000000000000087
:20ADCC00000000000000000000000000000000000000000000000000000000000000000067
:20ADEC000000000000000000000000000F0F00000000000000000000000000000F0F0F00FC
:20AE0C00000000000000000000000000000000000000000000000000000000000000000026
:20AE2C00000000000000000000000000000000000000000000000000000000000F0F0000E8
:20AE4C0000000000000000000000000F0F000F0F00000000000000000000000000000000AA
:20AE6C000000000000000000000000000000000000000000000000000000000000000000C6
:20AE8C0000000000000000000000000F0F0000000000000000000000000F0F0F0000000F4C
:20AEAC0000000000000F0F0F0F00000000000000000000000000000000000000000000004A
:20AECC000000000000000000000000000000000000000000000000000000000F0F00000048
:20AEEC000F0F0F00000F0F0F0F0F00000000000F000000000F0F00000F0F0F0F0000000065
:20AF0C00000000000000000000000000000000000000000000000000000000000000000025
:20AF2C000000000000000000000F0F0F0000000000000F00000F0F00000000000000000F9C
:20AF4C00000000000F0000000000000F0F0F0F000000000000000000000F0F0F000000006D
:20AF6C00000000000000000000000000000000000F0F0F0F0F0F0F0F0F0F0F0F0000000011
:20AF8C0000000F0000000F00000000000000000F000000000F0000000000000000000F005A
:20AFAC000000000000000F0F0F0F000F0F00000000000000000F0F00000F0F0F0F0F0F0FA4
:20AFCC000F0F0F0F0F0F0F0F0F0F0F0F0000000000000F0000000F0F000000000000000F75
:20AFEC000F0F0F0F0F0000000000000000000F0F0F000000000F0F00000000000F0F000091
:20B00C000000000F0F0F0F00000F00000000000000000000000000000000000000000000D9
:20B02C0000000F0F0000000F0F0000000000000000000000000000000000000000000000C8
:20B04C000F000000000F000000000000000F0F0000000F0F00000F0F0F0F0000000000004E
:20B06C00000000000000000000000000000000000000000F000000000F0F0F0F0F0000006A
:20B08C00000000000000000000000000000000000F000000000F00000000000000000F0077
:20B0AC00000F0F000000000000000000000000000000000000000000000000000000000066
:20B0CC000000000F0F000000000000000F0F00000000000000000000000000000000000028
:20B0EC000F000000000F00000000000000000F00000F000000000000000000000000000008
:20B10C0000000000000000000000000000000000000000000F0F000000000000000F0000F6
:20B12C00000000000000000000000000000000000F0F0F0F0F0F00000000000000000F0F8B
:20B14C000F0F000000000000000000000000000000000000000000000000000000000000C5
:20B16C0000000000000F000000000000000F000000000000000000000000000000000000A5
:20B18C000000000000000000000000000000000000000000000000000000000000000000A3
:20B1AC000000000000000000000000000000000000000000000F0F0F0F0F0000000F000029
:20B1CC00000000000000000000000000000000000000000000000000000000000000000063
:20B1EC00000000000000000000000000000000000000000000000000000000000000000043
:20B20C0000000000000000000F0F0000000F000000000000000000000000000000000000F5
:20B22C00000000000000000000000000000000000000000000000000000000000000000002
:20B24C00000000000000000000000000000000000000000000000F0F0F000000000F0000A6
:20B26C000000000000000000000000000000000000000000000000000000000000000000C2
:20B28C000000000000000000000000000000000000000000000000000000000000000000A2
:20B2AC00000000000F0F0F0000000000000F0F0F0F0F0F0F0F0F0F0F0F0F0F0F0F0F0F0F38
:20B2CC000F0F0F0F0F0F0F0F0F0F0F0F0F0F0F0F0F0F0F0F0F0F0F0F0F0F0F0F0F0F0F0F82
:20B2EC000F0F0F0F0F0F0F0F0F0F0F0F0F0F0F0F0000000F0F000000000000000000000034
:20B30C00000000000000000000000000000000000000000000000000000000000000000021
:20B32C00000000000000000000000000000000000000000000000000000000000000000001
:20B34C0000000F0F00000000000000000000000000000000000000000000000000000000C3
:20B36C000000000000000000000000000000000000000000000000000000000000000000C1
:20B38C000000000000000000000000000000000000000F0000000000000000000000000092
:20B3AC00000000000000000000000000000000000000000000000000000000000000000081
:20B3CC00000000000000000000000000000000000000000000000000000000000000000061
:20B3EC0000000F000000000000000000000000000000000000000000000000000000000032
:20B40C00000000000000000000000000000000000000000000000000000000000F0F000002
:20B42C000000000000000000000000000000000000000F00000000000000000000000000F1
:20B44C000000000000000000000000000F0F000000000000000000000000000000000000C2
:20B46C0000000000000000000000000F0F0F00000000000000000000000000000000000093
:20B48C0000000F0F0000000000000000000F0F0F000000000F0F00000F0F00000F0F0F00EC
:20B4AC000000000000000000000F0F00000000000000000000000F0F0000000F000F0F0017
:20B4CC00000000000000000F0F000000000000000000000F0F0000000000000F0F0F000FE8
:20B4EC000F0F00000F0F00000F0F00000F000F00000F0F0F000000000F0F0F0F0F0F0F0F23
:20B50C000F0F0F0F00000F0F00000F0F00000F0F00000F0F00000F0F0F0F0F0F0F0F0F0FD5
:20B52C00000000000F0F0F0F0F0F0F0F00000000000F0F0F0F0F0F0F0F0F0F0F0F000F0FB5
:20B54C000F0F000F0F0F0F0F0F0000000000000F0F0F0F0F0F0F0F0F0F0F0F000000000FA4
:20B56C0000000F0F00000F0000000000000000000000000000000000000000000000000092
:20B58C0000000000000000000000000000000000000000000000000000000000000000009F
:20B5AC000000000000000000000000000000000F0F0F0F0F0F0F0F00000000000000000007
:020000040002F8
:201C1400251201140001FFFF0DFFFF0045FE022101C6065703001204190000FFFC1A005C2D
:201C34003D0008FFFC01095C666604026BC4082101C6065701140000FFFC140A00FFFD145E
:201C54000700FFFE35FFFC3201FFFC27030208875C0000000FF807080674F000000400046F
:131C74000004000403100000080108F972083C7008067490
:020000040001F9
:20B1AB000B310702089275012F2D020608C675014D31020208E275010205010808277601EF
:08B1CB004C100302085B760141
:020000040002F8
:201C87005036011205010300076B7E08C85502EC6408EE5608F15608145C082A5C087E5CB1
:201CA70005C17306AB7108675C00000000140000000000000000000000000020000380053B
:201CC70000000FF807000000000F10000000000000000000000000000000000000088F6DCC
:0F1CE700000000000000000000000000000000EE
:020000040001F9
:20E8EF000000000F0F000000000F00000000000000000000000F0F0F00000000000F0F0F82
:20E90F0000000000000000000F0F0000000000000000000F00000000000000000F000000AC
:20E92F00000000000000000F0F0F0F00000000000F000000000000000000000000000F006E
:20E94F00000000000F0F0000000000000000000000000F0F0F0F0F0F000F00000000000021
:20E96F00000000000000000000000000000F00000000000000000000000000000000000079
:20E98F000F0F0000000000000000000000000000000000000F00000000000000000000003B
:20E9AF0000000000000000000F000000000000000000000000000000000000000F0F00001B
:20E9CF0000000000000000000000000000000000000F0F000F0F0F0F0F0F0F0F0000000092
:20E9EF000000000000000F0F0F0000000000000F0F00000000000F0F00000000000000009F
:20EA0F00000000000F0F0F0F0F0F0F0000000000000000000000000000000000000000007E
:20EA2F000000000000000000000000000000000000000000000000000000000000000000C7
:08EA4F000000000000000000BF
:020000040002F8
:201CF600251205140000FFFC33FFFC0100060100080174552D779B030203140001FFFB0D18
:201D1600FFFB0045FE02213FC6065703140000FFFC33FFFC140001FFFC3DFFFFFC1400014F
:201D3600FFFC140000FFFD75FFFC1400F0FFFB0DFFFB0045FE02140001FFFC140001FFFDA7
:201D560075FFFC14003CFFFB0DFFFB0045FE02140001FFFC33FFFC140000FFFC31FFFC22CC
:201D7600E000DA3C6608027BA10500088F6D1306010708B576011412010101000100076BD1
:201D96007E08BA5507EF6808EE5608F15608F65C00000008815D08C25C08845D0000000050
:201DB6000000001400000000000000000000000000208004000000000FF0FF000000000F48
:201DD6001000000000000000000000000000000000000008E46E0000000000000000000083
:201DF6000000000000208004000000F01FE8FF000000000F10000000000000000000000014
:191E160000000000000000079E7B00000000000000000000000000000093
:020000040001F9
:20EA570000000F00000000000000000000000000000F000000000F00000000000000000072
:20EA770000000000000F000000000F00000000000000000000000000000F0000000F0F0034
:20EA9700000000000000000000000000000F0F00000F000000000000000000000000000032
:20EAB70000000F00000F000000000000000000000000000000000F00000F00000000000003
:20EAD700000000000000000000000F00000F000000000000000000000000000000000F00F2
:20EAF7000F0F0F0F0F0F0F0F0F0F0F0F0F0F0F0F0F0F0F0F0F0000000000000000000000C4
:20EB1700000000000000000F0F0000000000000000000000000000000000000F00000000B1
:20EB37000000000000000000000000000000000000000000000000000000000000000000BE
:20EB570000000000000000000000000000000000000000000000000000000000000000009E
:20EB770000000000000000000000000000000000000000000000000000000000000000007E
:20EB970000000000000000000000000000000000000000000F0F0F0F0F0F0F0F0F0F0F0FAA
:20EBB7000F0F0F0F0F0F0F0F000000000000000000000000000000000000000000000000C6
:20EBD70000000000000000000000000000000000251206140002FFFC33FFFC140001FFFC92
:20EBF70031FFFC140001FFFC3E20FFFC140001FFFA0DFFFA0045FE022107C60657031400AE
:20EC17001EFFFA0DFFFA0045FE02140001FFFC140480FFFD140400FFFE140000FFFF30FF81
:20EC3700FC6608027BA105140006FFFA140002FFFB0DFFFA0047AF0614001EFFFA0DFFFADA
:20EC57000045FE02140001FFFC36561E08FFFC14003CFFFA0DFFFA0045FE026608016C6DBF
:20EC77000814003CFFFA140003FFFB0DFFFA0047AF066608026C0408140001FFFC140A0003
:20EC9700FFFD140000FFFE140004FFFF30FFFC140002FFFC31FFFC140002FFFC3E30FFFC58
:20ECB700140002FFFC140480FFFD140380FFFE140001FFFF30FFFC6608027BA10514001E03
:20ECD700FFFA140002FFFB0DFFFA0047AF06140001FFFC33FFFC14001EFFFA0DFFFA00455E
:20ECF700FE02140002FFFC3D01FFFC140002FFFC840005FFFC66080277760614003CFFFA72
:20ED17000DFFFA0045FE02140002FFFC3D0FFFFC140002FFFC840000FFFC14003CFFFA0D53
:20ED3700FFFA0045FE026608087919072101C6065701140000FFFC140480FFFD140800FF6B
:0FED5700FE35FFFC3201FFFC270302089D5F0021
:020000040002F8
:201E2F0008E46E079E7B1414010200000200076B7E08345207576A08EE5608F15607E76BB2
:201E4F00000000082F5E08C75D00000000000000000000140000000000000000000000009E
:011E6F000072
:020000040001F9
:20ED660000000000000000000000000000000000000000000000000000000000000000008D
:20ED860000000000000000000000000000000000000000000000000000000000000000006D
:20EDA60000000000000000000000000000000000000000000000000000000000000000004D
:20EDC60000000000000000000000000000000000000000000000000000000000000000002D
:20EDE60000000000000000000000000000000000000000000000000000000000000000000D
:20EE06000000000000000000000000000000000000000000000000000000000000000000EC
:20EE260000000000000000000000000000000000000000000000000000000F0F0F0F000090
:20EE4600000000000000000000000000000F0F0F0F0F000000000000000000000000000F52
:20EE66000F0F0F0F0F0F0F0F000000000000000000000F0F0F0F0F0F0F0F0F0F0F0000006F
:20EE86000000000000000F0F0F0F0F0F0F0F0F0F0F0000000000000000000F0F0F0F0F0F6D
:20EEA6000F0F0F0F0F0F0000000000000F0F0F0F0F0F0F0F0F0F0F0F0F0F0F0F0F0F0F0FC6
:08EEC6000F0F0F0F0F0F0F0FCC
:020000040002F8
:201E7000251201140001FFFF0DFFFF0045FE022103C606570340000101020240410A424317
:201E900001030401FF0201436F6D652066696E64206D650A49206461726520796F7500471D
:201EB00003010414000045FF0E0041FF0044070145FE120044030101000601000801745C9A
:201ED0002D779B0302031400000000001300010A086374011412010001000000076B7E0879
:201EF000185207666D08EE5608F15608705E00000000000000000008DC5E000000000000DB
:201F1000001400000000000000000000000000208004800300F01FE8FF000000000F100061
:201F30000000000000000000000000000000000000079E7B00000008AA4D00000000000072
:031F50000000008E
:020000040001F9
:20EECE0000000F00000000000000000000000000000F000000000F000000000000000000F7
:20EEEE0000000000000F000000000F00000000000000000000000000000F0000000F0F00B9
:20EF0E00000000000000000000000000000F0F00000F0000000000000000000000000000B6
:20EF2E0000000F00000F000000000000000000000000000000000F00000F00000000000087
:20EF4E00000000000000000000000F00000F000000000000000000000000000000000F0076
:20EF6E000F0F0F0F0F0F0F0F0F0F0F0F0F0F0F0F0F0F0F0F0F000000000000000000000048
:20EF8E00000000000000000F0F0000000000000000000000000000000000000F0000000036
:20EFAE00000000000000000000000000000000000000000000000000000000000000000043
:20EFCE00000000000000000000000000000000000000000000000000000000000000000023
:20EFEE00000000000000000000000000000000000000000000000000000000000000000003
:20F00E0000000000000000000000000000000000000000000F0F0F0F0F0F0F0F0F0F0F0F2E
:20F02E000F0F0F0F0F0F0F0F0000000000000000000000000000000000000000000000004A
:10F04E0000000000000000000000000000000000B2
:020000040002F8
:201F5300251201140001FFFF0DFFFF0045FE022101C606570300000FF80708796FF000009D
:201F730007000700070007FF0800000801000FF80708796F3C0000070007000700070320A9
:201F930000000801079E7B08796F1414010100020200076B7E08425207CE6E08EE5608F1D3
:201FB3005608535F00000008975F081F5F00000008695F0000000014000000000000000096
:201FD300000000000020002A000400000FFC07000000000F08000000000000000000000077
:201FF30000000000000000085F7108504708A547000000000200000000208031800300000D
:202013000FFC07000000000F08000000000000000000000000000000000000085F7108B1F3
:0D2033004708064800000000020000000001
:020000040000FA
:20B5CC0000000000000000000000000000000000000000000000000000000000000000005F
:20B5EC0000000000000000000000000000000000000000000000000000000000000000003F
:20B60C0000000000000000000000000000000000000000000000000000000000000000001E
:20B62C0000000000000000000000000000000000000000000000000000000000000F0F0FD1
:20B64C000F0F0F0F0F0F0F0F0F0F0F0F0F0F0F0F0F000000000000000000000000000000DF
:20B66C000000000000000000000000000000000000000000000000000000000000000000BE
:20B68C0000000000000000000000000000000000000000000000000000000000000000009E
:20B6AC0000000000000000000000000000000000000000000000000000000000000000007E
:20B6CC0000000000000000000000000000000F0F0F0F0F0F0F0F0F0F0F0F0F0F0F0F0F0F50
:20B6EC000F0F00000000000000000000000000000000000000000000000000000000000020
:20B70C0000000000000000000000000000000000000000000000000000000000000000001D
:20B72C000000000000000000000000000000000000000000000000000000000000000000FD
:20B74C00000000000000000000000000000000000000000000000000000000000000000FCE
:20B76C000F0F0F0F0F0F0F0F0F0F0F0F0F0F0F0F0F0F0F00000000000000000000000000A0
:20B78C0000000000000000000000000000000000000000000000000000000000000000009D
:20B7AC0000000000000000000000000000000000000000000000000000000000000000007D
:20B7CC0000000000000000000000000000000000000000000000000000000000000000005D
:20B7EC000000000000000000000000000000000F0F0F0F0F0F0F0F0F0F0F0F0F0F0F0F0F3E
:20B80C000F0F0F0F00000000000000000000000000000000000000000000000000000000E0
:20B82C000000000000000000000000000000000000000000000000000000000000000000FC
:20B84C000000000000000000000000000000000000000000000000000000000000000000DC
:20B86C000000000000000000000000000000000000000000000000000000000000000000BC
:20B88C000F0F0F0F0F0F0F0F0F0F0F0F0F0F0F0F0F0F0F0F0F000000000000000000000061
:20B8AC0000000000000000000000000000000000000000000000000000000000000000007C
:20B8CC0000000000000000000000000000000000000000000000000000000000000000005C
:20B8EC0000000000000000000000000000000000000000000000000000000000000000003C
:20B90C0000000000000000000000000000000000000F0F0F0F0F0F0F0F0F0F0F0F0F0F0F3A
:20B92C000F0F0F0F0F0F0000000000000000000000000000000000000000000000000000A1
:20B94C000000000F0F0F0000000000000000000000000000000000000000000000000000AE
:20B96C000000000000000000000000000000000000000000000000000000000000000000BB
:20B98C0000000F0F0F0F00000000000000000000000000000000000000000000000000005F
:20B9AC0000000F0F0F0F0F0F0F0F0F0F0F0F0F0F0F0F0F0F0F0F0F00000000000000000040
:20B9CC0000000000000000000000000000000000000F0F0F0F0F0F0F0F00000000000000E3
:20B9EC0000000000000000000000000000000000000000000000000000000000000000003B
:20BA0C000000000000000000000000000000000000000F0F0F0F0F0F00000000000F0F00A2
:20BA2C000000000000000000000000000000000000000000000000000000000000000000FA
:20BA4C000000000000000000000000000000000000000000000000001000000000000F0FAC
:20BA6C000F0F0F0F0F0F0F0F0F0F0F0F0F0F0F0F00000000000000000000000F0F0F0F008E
:20BA8C00000000000000000000000000000000000000000F0F0F0F0000000000000000005E
:20BAAC000000000F0F0F0F0F0F0F0F0F0F0F0F0F00000000000000000000000000000000B7
:20BACC00000000000000000000000000000000000000000000000000000000000F0F0F0F1E
:20BAEC000F00000000000000001000000F0F0F0F0F0F0F0F0F0F0F0F0F0F0F0F0F0F0F0FEF
:20BB0C000F00000000000000000000000F0F0F0F000000000000000F0F0F000000000000A1
:20BB2C0000000F0F0F0F0F0F0F0F0F0F0F0F0F0F0F0F0F0F0F0F0F0F0F0F0F0F0F0F0F0F37
:20BB4C000F00000000000000000000000000000000000000000000000000000000000000CA
:20BB6C00000000000000000000000F0F0F0F0F0F0F0F0F00000000000000100F0F0F0F0FD7
:20BB8C000F0F0F0F0F0F0F0F0F0F0F0F0F0F0F0F0F0F0000000F0F0F0F000000000000004F
:20BBAC0000000000000000000F0F0F000000000F0F0F0F0F0F0F0F0F0F0F0F0F0F0F0F0F4D
:20BBCC000F0F0F0F0F0F0F0F0F0F0F0F0F0F0F0F0F0F0F0F0000000000000000000000002D
:20BBEC000000000000000000000000000000000000000000000000000000000F0F0F0F0FEE
:20BC0C000F0F0F0F00000101010000100F0F0F0F0F0F0F0F0F0F0F0F0F0F0F0F0F0F0F0F9D
:20BC2C000F0F0F0000000F0F0F0F000000000000000000000F0F0000000000000000000071
:20BC4C000F0F0F0F0F0F0F0F0F0F0F0F0F0F0F0F0F0F0F0F0F0F0F0F0F0F0F0F0F0F0F0FF8
:20BC6C000F0F0F0F0F0F0F0F0000010101000001010100000F0F0F0F0F0F0F0F0F0F0F0F86
:20BC8C000F0F0F0F0F0F0F0F0F0F0F0F0F0F0F0F0F0F0F0F0F00000000000000100F0F0F20
:20BCAC000F0F0F0F0F0F0F0F0F0F0F0F0F0F0F0F0F0F0F0F0000000000000000000000004C
:20BCCC0000000000000F0F000000000000000000000F0F0F0F0F0F0F0F0F0F0F0F0F0F0F59
:20BCEC000F0F0F0F0F0F0F0F0F0F0F0F0F0F0F0F0F0F0F0F0F0F0F0F0F00000000000000C1
:20BD0C0000000000000F0F0F0F0F0F0F0F0F0F0F0F0F0F0F0F0F0F0F0F0F0F0F0F0F0F0F82
:20BD2C000F0F0F0F0F0F00000000000000100F0F0F0F0F0F0F0F0F0F0F0F0F0F0F0F0F0F7F
:20BD4C000F0F0F0F0F00000000000000000000000000000000000F0F00000000000000006E
:20BD6C0000000F0F0F0F0F0F0F0F0F0F0F0F0F0F0F0F0F0F0F0F0F0F0F0F0F0F0F0F0F0FF5
:20BD8C000F0F0F0F0F0F0F0F0F0F0000000000000000000000000F0F0F0F0F0F0F0F0F0F6B
:20BDAC000F0F0F0F0F0F0F0F0F0F0F0F0F0F0F0F0F0F0F0F0F0F0F00000000000000100FFF
:20BDCC000F0F0F0F0F0F0F0F0F0F0F0F0F0F0F0F0F0F0F0F0F0F000000000000000000000D
:20BDEC00000000000000000000000000000000000000000F0F0F0F0F0F0F0F0F0F0F0F0F74
:20BE0C000F0F0F0F0F0F0F0F0F0F0F0F0F0F0F0F0F0F0F0F0F0F0F0F0F0F0F000000000081
:20BE2C0000000000000000000F0F0F0F0F0F0F0F0F0F0F0F0F0F0F0F0F0F0F0F0F0F0F0F8E
:20BE4C000F0F0F0F0F0F0F0F00000000000000100F0F0F0F0F0F0F0F0F0F0F0F0F0F0F0F5E
:20BE6C000F0F0F0F0F0F0F000000000000000000000000000000000000000000000000004D
:20BE8C00000000000F0F0F0F0F0F0F0F0F0F0F0F0F0F0F0F0F0F0F0F0F0F0F0F0F0F0F0FF2
:20BEAC000F0F0F0F0F0F0F0F0F0F0F0F000000000000000000000000000F0F0F0F0F0F0F59
:20BECC000F0F0F0F0F0F0F0F0F0F0F0F0F0F0F0F0F0F0F0F0F0F0F0F0F0F0F0F0F0F0F0F76
:20BEEC000F0F0F0F0F0F0F0F0F0F0F0F0F0F0F0F0F0F0F0F0F0F0F0F0000000000000000CE
:20BF0C00000000000000000000000000000000000000000000000F0F0F0F0F0F0F0F0F0F7F
:20BF2C000F0F0F0F0F0F0F0F0F0F0F0F0F0F0F0F0F0F0F0F0F0F0F0F0F0F0F0F0F00000042
:20BF4C00000000000000000000000F0F0F0F0F0F0F0F0F0F0F0F0F0F0F0F0F0F0F0F0F0F8B
:20BF6C000F0F0F0F0F0F0F0F0F0F0F0F0F0F0F0F0F0F0F0F0F0F0F0F0F0F0F0F0F0F0F0FD5
:20BF8C000F0F0F0F0F0F0F0F0F00000000000000000000000000000000000000000000000E
:20BFAC00000000000000000F0F0F0F0F0F0F0F0F0F0F0F0F0F0F0F0F0F0F0F0F0F0F0F0FFE
:20BFCC000F0F0F0F0F0F0F0F0F0F0F0F0F0F00000000000000000000000000000F0F0F0F47
:12BFEC000F0F0F0F0F0F0F0F0F0F0F0F0F0F0F0F0F0F35
:020000040002F8
:202040002512010100060100080174322D779B030203140001FFFF0DFFFF0045FE022101C5
:20206000C606570300085F718E090202088974016D110E0108DB760128111E010801770101
:202080009112010203000100076B7E08265202CC7508EE5608F156084060000000086560D3
:2020A00008D85F086860000000001F03000400000000041000000000120200200004000996
:2020C00000000FFC07000000000F08000000000000000000000000000000000000085F71FF
:2020E00008954A08EA4A000000000200000000208001000900000FFC07000000000F0800E8
:202100000000000000000000000000000000000000085F7108494D089E4D00000000020054
:03212000000000BC
:020000040001F9
:20776900000000000000000000000000000000000000000000000000000000000000000000
:207789000000000000000000000000000000000000000000000000000000000000000000E0
:2077A9000000000000000000000000000000000000000000000000000000000000000000C0
:2077C9000000000000000000000000000000000000000000000000000000000000000000A0
:2077E900000000000000000000000000000000000000000000000000000000000000000080
:2078090000000000000000000000000000000000000000000000000000000000000000005F
:2078290000000000000000000000000000000000000000000000000000000000000000003F
:2078490000000000000000000000000000000000000000000000000000000000000000001F
:20786900000000000000000000000000000000000000000000000F0F0000000000000000E1
:20788900000000000000000000000F0F0000000000000000000000000000000000000F0FA3
:2078A9000000000000000000000000000000000000000F0F0F0F0000000F0F0000000F0F47
:2078C9000000000000000F0F0F0F0000000F0F0000000F0F0000000000000F0F0F0F0F0FCD
:2078E9000F0F0F0F0F0F0F0F0F0F0000000F0F0F0F0F0F0F0F0F0F0F0F0F0F0F0F0F0101E8
:20790900010F0F0F0F0F0F0F0F0F00000000000000000000000F0F0F0F0F0F0F0F0F00004F
:207929000000000000000000000F0F0F0F0F0F0F0F0F00000000000000000000000F0F0F8A
:207949000F0F0F0F0F0F0000000101010F0F0101010F0F0F00000000000000000000000073
:207969000F0F0000000F0F0F0000000000000000000000000F0F0000000F0F0F0000000068
:20798900000000000000000000000000000F0F0F0F0F0F0F0F0F0F0F0F00000000000F0F0C
:2079A9000F0F0F0F0F0F0F0F0F0F0F0F0F01010000000F0F0F0F0F0F0F0F0F0F0F00000054
:2079C9000000000000000F0F0F0F0F0F0F0F0F0F000000000000000000000F0F0F0F0F0FAE
:2079E9000F0F0F0F000000000000000001010F0F0F0F0F0F0F0F0F000000000000000000B9
:207A090000000F0F0F0F0F0F0F0F0000000000000000000000000F0F0F0F0F0F0F0F00006D
:207A2900000000000101010000000F0F0F0F0F0F0F0F000000000000000000000000000FB3
:207A49000F0F0F0F0F0F00000F0F0000000000000000000F0F0F0F0F0F0F01010F0F00001C
:207A6900000000000000000F0F0F0F0F0F0F00000000000000000000000000000F0F0F0F58
:207A89000F0F00000000000000000000000000000F0F0F0F0F0F0000000000000000000065
:207AA900000000000F0F0F0F0F0F0F0F0F0F00000000000000000000000000000F0F0F0FEB
:207AC9000F0F00000001010100000000000000000F0F0F0F0F0F0000000000000000000022
:207AE90000000000000000000000000000000000000000000000000000000000000000007D
:207B0900000000000000000000000000000000000000000000000000000000010101000059
:207B290000000000000000000000000000000000000000000F0F0F0F0F0F0F0000000101D1
:207B490001000000000000000F0F0F0F0F0F0F000000000000000000000000000F0F0F0F76
:207B69000F0F0F000000000000000000000000000F0F0F0F0F0F0000000000000000000075
:187B8900000000000F0F0F0F0F0F00000000000000000000000000008A
:020000040002F8
:202123002512010100060100080174392D779B030203140001FFFF0DFFFF0045FE022101DA
:20214300C606570300085F7106350E01088F76010019010308277701000B01060857770179
:202163001436010203000100076B7E08505205697708EE5608F156082361000000084861B4
:2021830008BB60084B6100000000000000140000000000000000000000000020800380141A
:2021A30000000FFC07000000000F08000000000000000000000000000000000000085F711B
:2021C300080A4F085F4F000000000200000000200002801400000FFC07000000000F080004
:2021E3000000000000000000000000000000000000085F71086B4F08C04F00000000020029
:20220300000000200002800A00000FFC07000000000F0800000000000000000000000000E6
:172223000000000000085F71088E5008E350000000000200000000A9
:020000040001F9
:20B1D3000F000000000000000000000000000000000000000F00000000000000000000003E
:20B1F30000000000000000000F000000000000000000000000000000000000000F0000001E
:20B21300000000000000000000000000000000000F0000000000000000000000000000000C
:20B23300000000000F000000000000000000000000000000000000000F00000000000000DD
:20B25300000000000000000F0F0F00000F00000000000000000000000001010F0F0F0F0F52
:20B273000F0000000000000000000000000000000F0F0F0F0F0F0F0000000000000F0F0025
:20B29300000000000F0F0F0F0F0F0F0000000000000F0F0000000000000F0F0F0F0F0F01B9
:20B2B30001000000000F0F0000000000000F0F0F0F0F0F0000000000000F0F0000000000E4
:20B2D300000F0F0F0F0F0F0000000000000F0F0000000000000F0F0F0F0F0F000000000089
:20B2F300000F0F0000000000000F0F0F0F0F0F0000000001010F0F0000000000000F0F0F76
:20B313000F0F0F0000000000000F0F0000000000000F0F0F0F0F0F00000000000000000075
:20B333000000000000000000000F0F0101000000000000000000000000000000000F0F00BC
:20B3530000000000000000000000000000000000000F0F0000000000000F0F01010000009C
:20B3730000000000000F0F0000000000000F0F000000000000000000000F0F0F0F0101013F
:20B393000F0F0F000000000000010101000F0F0F0F0000000F0F0F00000000000000000001
:20B3B300000F0F0F00000000000F0F000000000000000000000F0F0F000000000000000002
:20B3D3000000000000000000000F0F0F00000000000000000000010101000000000F0F0FFD
:20B3F30000000000000000000000000000000000000F0F0F01010000000F0F0100000000EC
:20B4130000000000000F0F0F00000000000F0F000000000000000000000F0F0F00000000A1
:20B43300000F0F000000000000000000000F0F0F00000001010F0F0000000000000000008E
:20B45300000F0F0F00000000000F0F000000000000000000000F0F0F00000000000F0F0043
:20B47300000000000000000000000F0F01000000000F0F00000000000000000000000F0F5E
:20B4930000000000000F0F00000000000000000000000F0F00000000000F0F00000000003F
:20B4B3000000000000000F0F00000000000F0F00000000000000000000000F0F000000011E
:20B4D300010F0F00000000000000000000000F0F000000000000000000000000000000001C
:20B4F30000000F0F0000000000000000000000000000000000000F0F0000000000000000FD
:20B51300000F0F000000000000000F0F0F0F0F0F0F0F0F0F0F0F0F0F0F0F0F0F00000F0FCE
:10B533000F0F0F0F0F0F0F0F0F0F0F0F0F0F0F0F18
:020000040002F8
:20223A002512010100060100080174402D779B030203140001FFFF0DFFFF0045FE022101BB
:20225A00C606570300085F711300010708A37701142C010301000100076B7E086C5206D353
:20227A007108EE5608F156083A62000000085F62089E6108626200000000000000140000E4
:0B229A00000000000000000000000039
:020000040001F9
:20F05E000F0F0F0F0F0F0F0F0F0F0F0F0F0F0F0F0F0F0F0F0F0F0F0F0F0F0F0F0F0F0F0FB2
:20F07E000F0F0F0F0F0F0F0F0F0F0F0F0F0F0F0F0F0F0F0F0F0F0F0F0F0F0F0F0F0F0F0F92
:20F09E000F0F0F0F0F0F0F0F0F0F0F0F0F0F0F0F000F0F0F0F0F0F0F0F0F0F0F0F0F0F0F81
:20F0BE000F0F0F0F000F0F0F0F0F0F0F0F0F0F0F0F0F0F0F0F0F0F0F000F0F0F0F0F0F0F70
:20F0DE000F0F0F0F0F0F0F0F0F0F0F0F000F0F0F0F000000000000000000000000000F0F04
:20F0FE00000F0F0F0000000000000000000000000000000F000F0F00000000000000000098
:20F11E00000000000000000000000F000000000000000000000000000000000000000F00B3
:20F13E0000000000000000000000000000000000000F0F0000000000000000000000000093
:20F15E0000000000000F0F0000000000000000000000000000000000000F0F0F0F0F0F0F0A
:20F17E000F0F0F0F0F0F0F0F0F0F0F0F000F0F0F0F0F0F0F0F0F0F0F0F0F0F0F0F0F0F0FA0
:20F19E00000F0F0F0F0F0F0F0F0F0F0F0F0F0F0F0F0F0F0F000F0F0F0F0F0F0F0F0F0F0F8F
:08F1BE000F0F0F0F0F0F0F0FD1
:020000040002F8
:2022A5002512010100060100080174472D779B030203140001FFFF0DFFFF0045FE02210149
:2022C500C606570300080D0201084D770113090105087D77011412010002000000076B7EB6
:2022E500085E52075E7008EE5608F15608A56200000000000000000008CA6200000000006E
:1023050000001400000000000000000000000000B4
:020000040001F9
:20F1C600000000000000000000000000000000000000000000000000000000000000000029
:20F1E600000000000000000000000000000000000000000000000000000000000000000009
:20F206000000000000000000000000000000000000000000000000000000000000000000E8
:20F226000000000000000000000000000000000000000000000000000000000000000000C8
:20F246000000000000000000000000000000000000000000000000000000000000000000A8
:20F26600000000000000000000000000000000000000000000000000000000000000000088
:20F28600000000000000000000000000000000000000000000000000000000000000000068
:20F2A600000000000000000000000000000000000000000000000000000000000000000048
:20F2C600000000000000000000000000000000000000000000000000000000000000000028
:20F2E600000000000000000000000000000000000000000000000000000000000000000008
:20F306000000000000000000000000000000000000000000000000000000000000000000E7
:08F326000000000000000000DF
:020000040002F8
:20231500251205140000FFFC33FFFC140001FFFB0DFFFB0045FE022101C606570314001E5A
:20233500FFFB0DFFFB0045FE0240000101020244450A464701030401FF020142726F2E2E52
:202355002E004703010414000045FF0E0041FF0044070140000101020244450A464701038F
:202375000401FF020154686F7365204A6F7264616E732E2E2E004703010414000041FF0020
:2023950044070140000101020244450A464701030401FF0201546865792772652046616BA1
:2023B5006521004703010414000041FF0044070145FE120044030114003CFFFB0DFFFB00A5
:2023D50045FE022107C6065701140000FFFC140400FFFD140780FFFE35FFFC3200FFFC2718
:2023F500030208F064001412000000000000076B7E08D65507C67108EE5608F156081563C5
:20241500000000000000000000000000000000000000001400000000000000000000000093
:0124350000A6
:020000040001F9
:20F32E000000000000000000000000000000000000000000000000000000000000000000BF
:20F34E0000000000000000000000000000000000000000000000000000000000000000009F
:20F36E0000000000000000000000000000000000000000000000000000000000000000007F
:20F38E0000000000000000000000000000000000000000000000000000000000000000005F
:20F3AE0000000000000000000000000000000000000000000000000000000000000000003F
:20F3CE0000000000000000000000000000000000000000000000000000000000000000001F
:20F3EE000000000000000000000000000000000000000000000000000000000000000000FF
:20F40E000000000000000000000000000000000000000000000000000000000000000000DE
:20F42E000000000000000000000000000000000000000000000000000000000000000000BE
:20F44E0000000000000000000000000000000000000000000000000000000000000000009E
:20F46E0000000000000000000000000000000000000000000000000000000000000000007E
:08F48E00000000000000000076
:020000040002F8
:20243600251205140000FFFC33FFFC140001FFFB0DFFFB0045FE022101C606570340000129
:2024560001020240410A424301030401FF020141682E2E2E004703010414000045FF0E005E
:2024760041FF0044070140000101020240410A424301030401FF020174686520696E736F3F
:202496006C656E63650A6F66206D6F7274616C73004703010414000041FF0044070145FEEC
:2024B600120044030114001EFFFB0DFFFB0045FE026608087919072101C6065701140000CB
:2024D600FFFC140000FFFD140000FFFE35FFFC3200FFFC27030208C76500141200000000E7
:2024F6000000076B7E08E051072E7308EE5608F156083664000000000000000000000000B8
:152516000000000000000014000000000000000000000000009C
:020000040001F9
:20F49600000000000000000000000000000000000000000000000000000000000000000056
:20F4B600000000000000000000000000000000000000000000000000000000000000000036
:20F4D600000000000000000000000000000000000000000000000000000000000000000016
:20F4F6000000000000000000000000000000000000000000000000000000000000000000F6
:20F516000000000000000000000000000000000000000000000000000000000000000000D5
:20F536000000000000000000000000000000000000000000000000000000000000000000B5
:20F55600000000000000000000000000000000000000000000000000000000000000000095
:20F57600000000000000000000000000000000000000000000000000000000000000000075
:20F59600000000000000000000000000000000000000000000000000000000000000000055
:20F5B600000000000000000000000000000000000000000000000000000000000000000035
:20F5D600000000000000000000000000000000000000000000000000000000000000000015
:08F5F60000000000000000000D
:020000040002F8
:20252B00251205140000FFFC33FFFC140001FFFB0DFFFB0045FE022101C606570340000133
:20254B0001020240410A424301030401FF0201616C77617973206669786174696E67200A1B
:20256B006F6E20746865207472697669616C004703010414000045FF0E0041FF00440701B6
:20258B0045FE120044030114001EFFFB0DFFFB0045FE026608087919072101C606570114B2
:2025AB000000FFFC140000FFFD140000FFFE35FFFC3200FFFC27030208E457001412000002
:2025CB0000000000076B7E08EE5107967408EE5608F156082B650000000000000000000075
:2025EB0000000000000000000014000000000000000000000000001207140000FFFC3AFF5B
:20260B00FC13FFF6FFF93AFFF915FDFDFFFDFAFF02001A01665D0000FFFF0113FFF6FFFC9B
:20262B003AFFFC15FDFDFFFE00FF2BFE00004DFDFEFFFE00002BFE00004D0013FFFEFFFB61
:20264B0013FFFFFFFC0202140003FFFF30FFFC09669113FFF6FFFC3AFFFC15FDFDFFFE00DB
:20266B00012BFE00004DFDFEFFFE00002BFE00004D0013FFFEFFFB13FFFFFFFC020214003C
:20268B0003FFFF30FFFC14003CFFFC0DFFFC0045FE0212F90B011207140000FFFC3AFFFCF7
:2026AB0013FFF6FFF93AFFF915FDFEFFFDFBFF02001A0167140000FFFF0113FFF6FFFC3FFE
:2026CB000800FFFC13FFF6FFFC74FFFC13FFF6FFFC840001FFFC22E000DA3C66040A75FEF8
:2026EB000714000CFFF9140001FFFA0DFFF90047AF0614000CFFF90DFFF90045FE0213FF2D
:20270B00F6FFFC33FFFC096719140001000012F90B01120513FFF8FFFC840000FFFC13FF2D
:20272B00F8FFFC140000FFFD75FFFC14001EFFFB0DFFFB0045FE0213FFF8FFFC140001FF8A
:20274B00FD75FFFC14001EFFFB0DFFFB0045FE0213FFF8FFFC3DFFFFFC13FFF8FFFC8400C4
:20276B0002FFFC13FFF8FFFC140000FFFD75FFFC14001EFFFB0DFFFB0045FE0213FFF8FF4B
:20278B00FC140001FFFD75FFFC6604027BA10513FFF8FFFC3AFFFC3AFFFC15FDFDFFFDFEAC
:2027AB00FFFE0000FE00000080FFFC00020414003CFFFC0DFFFC0045FE0212FB0B011207C8
:2027CB00140000FFFC3AFFFC13FFF6FFF93AFFF915FDFEFFFDFBFF02001A01681D0000FFD1
:2027EB00FF0122E000DA3C6604027BA10514000CFFFC140001FFFD0DFFFC0047AF061400E5
:20280B0006FFFC0DFFFC0045FE02140001000009681D12F90B01120714001EFFFC0DFFFC57
:20282B000045FE02140000FFFC3AFFFC13FFF6FFF93AFFF915FDFDFFFDFAFF02001A016849
:20284B006B0000FFFF0113FFF6FFFC140300FFFD140380FFFE140003FFFF30FFFC09688226
:20286B0013FFF6FFFC140600FFFD140380FFFE140003FFFF30FFFC14001EFFF90DFFF90031
:20288B0045FE0213FFF6FFFC840002FFFC13FFF6FFFC3DFFFFFC13FFF6FFFC140000FFFD17
:2028AB0075FFFC14001EFFF90DFFF90045FE0213FFF6FFFC140001FFFD75FFFC13FFF6FF9E
:2028CB00FC3AFFFC3AFFFC15FDFDFFFE40012BFDFEFFFE8000FE00000080FFFC0002041305
:2028EB00FFF6FFFC3AFFFC3AFFFC15FDFDFFFDFEFFFE0000FE00000080FFFC0102041400D9
:18290B0078FFF90DFFF90045FE0213FFF6FFFC840000FFFC12F90B0161
:020000040000FA
:100564008004000801081A57000F045A7208D85171
:020000040002F8
:20292300220130D9D8220DACD9DA220FA0D9DC220FA0D9DE220098D9E02200E4D9E222009E
:20294300D0D9E4222EE0D9E6220400D9E8220200D9EA224E20D9EC220010DADA220008DAEB
:202963004C220000DAC3220004D9EE220000D9EF220001D9F0220000D9F1220000D9F2228B
:202983000000D9F3220001D9F5220000D9F6220000D9F7220002D9F9220000D9FA22000087
:2029A300D9FB220000D9FC220700D9FD220258D9FF220000DA01220390DA02220001DA0467
:2029C300220001DA052200D0DA06220001DA082202C8DA09220000DA0B220000DA0C22001B
:2029E30000DA0D220000DA0E220000DA0F220320DA10220005DA1222000ADA13220004DA7D
:202A0300140B0012046608026A650814000CFFFC0DFFFC0045FE02210FC606570114000067
:202A2300FFFC140080FFFD140600FFFE35FFFC3201FFFC27030208FB630040004974732071
:202A4300456D7074792E2E2E004703010414000045FF0E0041FF0044070145FE12004403FD
:022A6300010070
:020000040001F9
:1D7BA1003244FF7980F011853119DA03313970238231192C000244FF2900800107C1
:020000040002F8
:202A65003244FF7980F04487B119890631198307B119060731196B07B119D6063119A207CF
:202A8500B11944073139704487B119890631198307B119060731196B07B119D6063119A225
:202AA50007B11944073139304487B119890631198307B119060731196B07B119D6063119E0
:202AC500A207B11944073139104487B119890631198307B11906073244DF196B07B119D66A
:202AE500063244FD19A207B11944070244FF29008001073244FF3BF03680211B4480311BE9
:202B05004680211B4780311B5580211B5780311B6480211B5680311B5480211B4680311B03
:202B25004480211B3680312B7080211B4480311B4680211B4780311B5580211B5780311BF9
:202B45006480211B5680311B5480211B4680311B4480211B3680312B3080211B4480311BFE
:202B65004680211B4780311B5580211B5780311B6480211B5680311B5480211B4680311BA3
:202B85004480211B3680312B2080211B4480311B4680211B4780311B5580211B5780311BE9
:1F2BA5006480211B5680313B105480211B4680311B4480211B36800244FF2B00800107CF
:020000040001F9
:20B543001244FF7980F0D6860119D8061119DA060119DC061119DE060119E1061119E3062E
:20B563000119E5061119E7060119E9061119EB060119ED061119EF060119F1061119F30628
:20B583000119F5061119F70600100010001000213950F7862119F6062119F5062119F40676
:20B5A3002119F2062119F1062119F0062119EF061139F0B2860119B4061119B6060119B9C7
:20B5C300061119BB060119BD061119BF060119C2061119C4060119C6061119C8060119CB12
:20B5E300061119CD060119CF061119D1060119D4061119D60600100010001000213950D6AB
:20B60300862119D5062119D3062119D2062119D1062119D0062119CE062119CD061139F0F1
:20B623007286011975061119780601197B0611197D06011980061119830601198606111967
:20B64300890601198B0611198E060119910611199306011996061119990601199B06111917
:20B663009E06001000100010002139509E8621199C0621199B062119990621199806211983
:20B68300960621199506211994061139F0ED850119F0051119F4050119F8051119FB050142
:20B6A30019FF05111903060119060611190A0601190D0611191106011915061119180601EB
:20B6C300191C06111920060119230611192706001000100010002139502786211925062135
:20B6E3001923062119210621191F0621191D0621191B06211918061139F011850119160530
:20B7030011191B05011921051119260501192B05111930050119360511193B050119400580
:20B723001119450501194A0511194F05011954051119590501195E05111963050010001081
:20B74300001000213950638521195D052119570521195205213930238521191D0521392079
:13B76300EB842119E504213910B5840244FF2900800107A8
:20F5FE0013447F7980F0F7863BF064801244F7199E061244FF1942061119AC0512191105C6
:20F61E001B268011195B061119420611190A061219ED051B64801119AC05111989051119FB
:20F63E003B05121911053B7044801119B5041119830411191604113970B286111989061128
:20F65E0019720611194206121927062B50801119ED051119CE0511198905121963051B00B7
:20F67E0080111911051119E5041119830412194E042B80801119DA0311199B031119120332
:20F69E0012393042862B408011190A061119ED051119AC051344F71989052B208011193BC8
:20F6BE0005111911051119B50413447F1983042B1080111916041119DA03111956031119DB
:20F6DE001203111977021119230211196B01113910CE851119890511196305111911051127
:20F6FE0019E5041119830411194E041119DA0311199B03111912031119C60211192302115D
:13F71E0019C9011011199C000344FF2900802B008001077D
:020000040002F8
:202BC4000244FF7980F0B286215940F7060119E7062119D606017980705B862119420601E9
:202BE40019270621190A06013930ED852119CE050119AC05211989050244FF2900800107CF
:202C04001244FF7980F0168411194E04111983041119B5041119E5041119110511193B050B
:202C2400111963051139A089851119AC05113970CE8511190A0611192706111942061119F1
:202C44005B061139307286111989061139209E861119B206113910C4861119D6061119F7A9
:092C6400060244FF29008001076B
:020000040001F9
:20F7310001069FFFFFFF9000000000000003FFFFFFFB0106000000000000007FFFFFFF40C7
:20F7510000000000010600002FFFFFFF700000000000005FFFFF0106FF3000000000000062
:20F77100DFFFFFF700000000010600000CFFFFFF60000000000002FFFFFF0106D00000005E
:20F79100000000DFFFFFF20000000000010601EFFFFFC0000000000006FFFFFF500001067A
:20F7B100000000003FFFFFF6000000000004FFFF0106FF4000000000009FFFFFA000000080
:20F7D100000001065FFFFFD000000000005FFFFFC0000000010600009FEFEF6000000000E3
:20F7F10003FFFFFC000001060000001FFFFFD00000000002FFFFFB000106000000006FEFA7
:20F81100FF40000000001FFFFFA00106000000000DFFFFB0000000000DFFFF900106000077
:20F8310000003FFFFF4000000000AFFFFB00010600000006FFFFE0000000004FFFFE00005A
:20F851000106000006FFFFC000000000AFFFF70000000106002FFFFD000000000CFFFF20CB
:20F871000000000B0106FFFF300000000BFFFF200000001DFFFC0106000000005FFFF6009B
:20F89100000000CFFFB0000001060009FFFE200000007FFFF300000006FF0106FE20000011
:20F8B100009FFFC00000000CFFF8000001060005FFFE10000001DFFF600000009FFF0106D9
:20F8D100800000007FEFA00000107FEF9011111001069FDF71212122BEDE51222325DCDAE2
:20F8F100333301063329DBD63334436CBC84444445ABBA550106555559AAA65556658A9913
:08F9110066666668888701073D
:020000040002F8
:1B2C6D00F1F80001F00080F0F0F0F0F0F0F0F0F0F0F0F0F0F0012800C00107E1
:020000040001F9
:20B776001244FF79C0F0068121198304111906012159008304102119B504115980C90121E3
:20B7960019E504111923022159C011051119230221191105115900770221193B051119C606
:20B7B600022159C0630511191203211989051159C012032119890511195603215980AC0593
:20B7D60011199B032119CE05115980DA032119ED051119DA03215940ED051119160421195A
:20B7F6000A061159C04E042119270611198304215940420611198304211942061159C0B57B
:20B816000421195B061119E5042159C0720611191105211989061159C0110521198906118B
:20B83600193B052159409E06111963052119B20611598089052119C406111989052159C049
:20B85600C406111989052119C40611590089052119C40611198905215980C406111989051C
:20B876002119C40611590089052119C40611198905215940C406111989052119C406115950
:20B896004089052119C406111989052159C0C406111989052119C40611594089052119C412
:20B8B6000611198905215980C406111989052119C40611598089052119C4061119890521DF
:20B8D6005940C40611193B0521199E061159C01105211989061119E5042159C072061119AF
:20B8F600B50421195B061159C083042119420611194E0421594027061119160421190A06BA
:20B916002179C070DA832119ED05211956032159C0AC052119120321198905215980C60267
:20B9360021196305211977022159403B052119230221191105215980C9012119E5042021CB
:20B956005940B504213930DA832119ED052159C056032119AC052119120321594089052136
:20B9760019C60221196305215940770221193B052119230221594011052119C9012119E52F
:20B9960004214940042119B504213910DA83215900ED05211956032119AC052159C01203EC
:20B9B600211989052119C6022159C063052119770221193B052159002302211911052119AF
:14B9D600C9012159C0E504202119B5040244FF290080010767
:020000040002F8
:202C88000244FF3BF06480111B1480F13B704780F12B3080013BF06480111B1480F11B44C9
:202CA80080F12B3080013B706480111B1480F11B4780F12B2080013B506480111B1480F1C0
:0F2CC8001B4480F12B10800244FF2B008001077A
:020000040001F9
:20F919003244FF3BF06480311B548030311B028030711B4C80711B7C80711B4C80711B7CBC
:20F9390080711B4C80711B7C80311B44803030311B478030313BA03680303030313BC044D9
:20F959008030313B80168030313B40148030313B50168030311B248030313B30028030309C
:1DF979003030313B20148030303030312B10803030303030300244FF2B008001072D
:020000040002F8
:202CD70008000000000000000000000000007070F88879F97F86FF00F20D43BE7ABD748FC5
:202CF700FFFF0000000000000000000000007878FF87FF01FF01FF00FE01FE01FD03718F4C
:202D1700FFFF0000000000000000000000000000010103021F1C7F60FF806F701D1E0203DF
:202D370001010000000000000000000000007878FF87FF11FF01FF00FE01FE11FD03718FE7
:202D5700FFFF0008000000F8020000F80400800000000008000000F8060000F8040080005E
:202D77000000596D696D0001000100010001000100010001000100000200F0796D7D6D8D49
:0B2D97006D000FF80708D76C0000006B
:020000040001F9
:207BBE004400C0C0E0E0E0E030F018F818F818F8D838D838F818F818F818F838F030E0E0B3
:207BDE00E0E000000000000000000000000000000000000000000000000080808080C0C047
:207BFE00C0C007FF0FFF1FFFFCFFF8FFF8FFF8FFF8FFF9FE1F1C1F1C0F0C07070707030334
:207C1E00010100008080C0C0E0E070F038F81CFC8E7EC63EC73FC73FC73FC33F837F03FF34
:207C3E0007FF3CFF7EFFFFFF83FF01FF00FF00FF11EF93EFFFC7FEC6FEEE7C6C383810107A
:207C5E000000E71FF30FF907F807FC03FE01FF00FF00FF00FF00FF00FF00FF00FF00FF000A
:207C7E0003FC000000000000000000000000000000000000000000000000C0C0F8F8FCFC7F
:207C9E001EFEFE01FC03F807E11FC33F02FF06FF1FFF3FFFF9F9C0C00000000000000000D7
:207CBE000000FFE0FFC0FF80FF00FF00FF00FF00FF00FF00FF00FF00FF00FF70FF70FF7045
:207CDE00FF000000000000000000000000000000000000000000000000001F1FFFFFFFFF4D
:207CFE00FFF0FF00FF00FF00FF00FF00FF00FC03E01F00FF07FF1FFFFEFEF0F0C0C0000000
:207D1E000000C03F01FF03FF0FFFFFFCFFF0FFC0FF00FF00FF00FF00FF00FF00FF00FF0095
:207D3E00FF0000000000000080808080C0C0E060E060F070F838F818FC1CFE0EFF07F10F5C
:207D5E00C03F7F803FC01FE087F8C3FC40FF60FFF8FFBCBF9F9F0303000000000000000077
:207D7E000000E0E0E0E030F018F818F818F8D838D838F818F818F818F818F838F030E0E0A5
:207D9E00E0E00000000000000000000000000000000000000000000080808080C0C0C0C005
:207DBE00C0C00FFF1FFFFCFFF8FFF8FFF8FFF8FFF9FE1F1C1F1C0F0C07040707070703036D
:207DDE0001018080C0C0E0E070F038F81CFC8E7EC63EC73FC73FC73FC33F837F03FF07FF6D
:207DFE0007FF7EFFFFFF83FF01FF00FF00FF11EF93EFFFC7FEC6FEEE7C6C383810100000F4
:207E1E000000F30FF907F807FC03FE01FF00FF00FF00FF00FF00FF00FF00FF00FF0003FC4F
:207E3E003CFF00000000000000000000000000000000000000000000C0C0F8F8FCFC1EFE65
:207E5E00E71FFC03F807E11FC33F02FF06FF1FFF3FFFF9F9C0C0000000000000000000002A
:207E7E000000FFC0FF80FF00FF00FF00FF00FF00FF00FF00FF00FF00FF70FF70FF70FF0063
:207E9E00FE01000000000000000000000000000000000000000000001F1FFFFFFFFFFFF09C
:207EBE00FFE0FF00FF00FF00FF00FF00FC03E01F00FF07FF1FFFFEFEF0F0C0C0000000004D
:207EDE00000001FF03FF0FFFFFFCFFF0FFC0FF00FF00FF00FF00FF00FF00FF00FF00FF00D4
:207EFE00FF000000000000008080C0C0E060E060F070F838F818FC1CFE0EFF07F10FC03F9C
:207F1E00C03FCFF09FE01FE03FC07F80FF00FF00FF00FF00FF00FF00FF00FF00FF00C03F13
:207F3E001CFFFFC0FF80FF00FF00FF00FF00FF00FF00FF00FF00FF00FF30FF70FF60FF00D7
:207F5E00FE0107FF0FFF1FFFFCFFF8FFF8FFF8FFF8FF797E1F1C1F1C0F0C07070707030351
:207F7E0001013CFF7EFFFFFF83830101000000000000000000000000000000000000000023
:207F9E000000FE01FC03F807E11FC33F02FE06FE1EFE3CFCF8F8C0C00000000000000000FC
:207FBE000000FFE0FFC0FF80FF00FF00FF00FF00FF00FF00FF00FF00FF00FF20FF70FF50B2
:207FDE00FF007F803FC01FE087F8C3FC407F607F787F7C7F1F1F0303000000000000000075
:027FFE00000081
:20F9960000280000F000020010F80400F000060010F80800F0000A00F0000C0020F80E0009
:20F9B600F0001000F000120020F81400F0001600F000180020F81420F0001620F00018205B
:20F9D60020F81A00F0001020F000122020F80820F0000A20F0000C2020F80420F0000620D5
:20F9F60010F80020F00002208000000000281C00F0001E0010F82000F000220010F824007F
:20FA1600F0002600F000280020F82A00F0002C00F0002E0020F83000F0003200F000340098
:20FA360020F83020F0003220F000342020F82A20F0002C20F0002E2020F82420F000360064
:20FA5600F000282020F82020F000222010F81C20F0001E208000000000281C00F0001E008A
:20FA760010F82000F000220010F82400F0002600F000280020F82A00F0003800F0002E0054
:20FA960020F83000F0003200F000340020F83020F0003220F000342020F82A20F00038202A
:20FAB600F0002E2020F82420F0002620F000282020F82020F000222010F81C20F0001E202C
:20FAD6008000000000280000F000020010F83A00F000060010F83C00F0000A00F0000C0004
:20FAF60020F83E00F0004000F000120020F81400F0001600F000180020F81420F0001620BC
:20FB1600F000182020F84200F0004020F000122020F83C20F0000A20F0000C2020F83A20BF
:20FB3600F000062010F80020F0000220800000009679027A6E7ADA7A96796E7A000100011F
:20FB5600000100010001000100010001020302030203020302030203020302030202020259
:20FB760002020202020202020202020204050405040504050405040504050405000000000F
:1BFB960008000000100018000600D0467B527B927BF01FE8FF05BE7B0000007F
:020000040002F8
:202DA2000C0000000000000000000000808040C040C020E020E0A0E050F098E85868487845
:202DC200303000008080C040E0209C7C7BE7FE81FF00FE21FE03FD0FD03F0AFDF7F507055F
:202DE20002020000000000000000808040C040C020E020E0A0E050F098E85868586848784D
:202E020030308080C040E0209C7C7BE7FE81FF00FE21FE03FD0FD03F0AFDF7F5070502021A
:202E220000008080C040E0209C7C7BE7FE81FF10FE21FE03FD0FD03F0AFDF7F5070502024A
:202E4200000000008080C040E0209C7C7BE7FE81FF10FE29FE03FD0FD03F0FFFF0F0000037
:202E62000000F810000000F8020000F8022000F8002080000000F810040000F8060000F89A
:202E8200062000F8042080000000F810040000F8080000F8082000F8042080000000F8109E
:202EA200000000F80A0000F80A2000F8002080000000646E786E8C6EA06E00010001000191
:202EC2000001000100010001000102030203020302030203020302030203000000000000C3
:152EE20008000400E8B46EBC6EDC6E000FF0FF08A26D0000003C
:020000040001F9
:20FBB10014000000E0E0F0F038F81CFC0CFC0CFC1CFC38F8F070E060E0E0C0C08080000000
:20FBD100000000000F0F1F1F383F707F607F607F717E393E1F1C0F0C0F0E070603030101A6
:20FBF10000000000E0E0F0F038F818F808F808F89878B878F070E060E060C04080808080F4
:20FC11000000000007070F0F0C0F181F101F101F181F0C0F0F0E0706070703030101000065
:20FC310000000000C0C0E0E060E020E020E020E020E060E0E0E0C0C0C0C080800000000033
:20FC510000000000070707070C0F0C0F0C0F0C0F0C0F0C0F070607060707030301010000A5
:20FC7100000000000000808080808080C0C0C0C08080808080808080000000000000000073
:20FC91000000000001010303020306070607060706070203030303030101010101010000FB
:20FCB100000000000000808080808080808080808080808080808080000000000000000033
:20FCD1000000000001010303030303030303030303030303030303030101010101010000D5
:02FCF100000011
:020000040002F8
:202EF7000008000000F80200800000000008040000F80600800000000008080000F80A009D
:202F17008000000000080C0000F80E00800000000008100000F812008000000000080E20A8
:202F370000F80C208000000000080A2000F80820800000000008062000F80420800000003A
:202F5700F76E036F0F6F1B6F276F336F3F6F4B6F00070007000700070007000700070007A3
:202F770000000800F0576F676F776F000FF80707B17B000000080000001C1C3A267D532DE2
:202F97003B6D5B2D3B7D533D33716FEA9EE21ECC3C10F08CFC627E000038385C64BECAB42B
:202FB700DCB6DAB4DCBECABCCC9EE64F714F70333C080F313F467E3838744CFAA65A76DAB7
:202FD700B65A76FAA67A66F2CEEA9EE41CC83810F090F08CFC627E1C1C2E325F655A6E5B25
:202FF7006D5A6E5F655E664F7347792738131C080F090F313F467E0008000000F802008008
:203017000000000008040000F80600800000000E701A700001000100010001000100010001
:2030370001000100000200F026702A703A70000FF807088C6F0000000C000000000000008E
:203057000000F0F0E818F40CF20EF20EF22EF20EE21EC43C08F8F4FC223E00000000000009
:20307700000007070F081F103F203F203F243F203F207F70E89FC7BF7C7C00000000000012
:203097000000F0F0E818F40CF20EF20EF22EF20EE21ECE3E13FDE7F91E1E000000000000E1
:2030B700000007070F081F103F203F203F243F203F201F10181F273F243C0000000000009A
:2030D7000000000000000000000000000000F0F0EC1CC23E22FE07FFFFFF000000000000CD
:2030F700000000000000000000000000000007071B1C213E243F707F7F7F0008000000F8C5
:203117000200800000000008040000F80600800000000008080000F80A0080000000117178
:203137001D7129710001000100010001000100010001000102020202020202020202020230
:1B31570002020202000008000300F035713B715B71000FFC07084F7000000063
:020000040001F9
:20B9EA002A00F808FC04FC04FC14FC04F808F808F43CCC34F61AF61AF61AF41C38D8F09003
:20BA0A00B8C8000000000000000000000000000000008080C040C040E020E020E020F0109C
:20BA2A00F80817182F302F302F3127381718131C2C3F213E4F705D665D66243F181F0B0D31
:20BA4A00090E000000000000000000000000000000000101030203020506070407040B0C81
:20BA6A001718F808F808FC04FC04FC14FC04F808F808F43CCC34F61AF61AF61AF41CF8987D
:20BA8A00B8C80000000000000000000000000000000000008080C040C040E020E020E0201C
:20BAAA00F010171817182F302F302F3127381718131C2C3F213E4F705D665D66243F1B1D99
:20BACA00090E00000000000000000000000000000000000001010302030205060704070418
:20BAEA000B0CF808FC04FC04FC14FC04FA0EFA0EF23EC43CE818E818F010F01030D0B8C855
:20BB0A005C6417182F302F307F718FF88FF88BFC4C774D722738111E090E080F080F131D64
:20BB2A00263AF808FC04FC04FC14FC04F808F808F43CCC34F61AF61AF719FB1D3EDEF88877
:20BB4A007C4417182F302F302F3127381718131C2C3F213E4F709DE699EEB0DF707F131DD0
:20BB6A00263AF808F808FC04FC04FC14FC04F808F808F030D030F010F010F010F01060A02B
:20BB8A0030D0171817182F302F302F3127381718131C2C3F213E171A17190F090F0E0A0FE9
:20BBAA00111FF808FC04FC04FC14FC04F808F808F43CCC34F61AF61AF719FB1D76B6B8D807
:20BBCA007C4417182F302F302F3127381718131C2C3F213E4F709DE699EEB8DF707F111F48
:20BBEA00263AF808F808FC04FC04FC14FC04F808F808F030D030F010F010F010D07060A06B
:20BC0A0030D0171817182F302F302F3127381718131C2C3F213E171A17190F0906070A0F78
:20BC2A00111FE818E61EF50FE51FE61ECA3E8A7E34FCC838E818D030D030907010F010F07A
:20BC4A0090F0000000000000000000000000000000008080C040C040A060A060A060D0305A
:20BC6A00C838171827386F70A7F8A7F8537C517E4C7F233C1718131C0B0C090E080F080F8D
:02BC8A00090FA0
:20FCF30000001020F000022010081220F00006208000000000080000F000020010F80400C9
:20FD1300F00006008000000000080800F0000A0010F80C00F0000E008000000000081000A6
:20FD3300F000020010F81200F00006008000000000000020F000022010080420F0000620AA
:20FD53008000000000000820F0000A2010080C20F0000E2080000000800000000008140050
:20FD7300F000020010F81600F00006008000000000081800F0000A0010F81A00F0000E00B0
:20FD93008000000000081C00F000020010F81E00F00006008000000000082000F0000A00FC
:20FDB30010F82200F0000E008000000000082400F000260010F82800F00026208000000060
:20FDD30000082820F000260010F82420F00026208000000000001420F00002201008162014
:20FDF300F00006208000000000001820F0000A2010081A20F0000E208000000000001C20DC
:20FE1300F000022010081E20F00006208000000000002020F0000A2010082220F0000E20FF
:20FE330080000000F37C077D1B7D2F7D437D577D6B7D6F7D837D977DAB7DBF7DD37DE77D64
:20FE5300FB7D0F7E237E00000102030304050606070A0B0C0D1000001100E0377E597E69A0
:20FE73007E030CF80706EA79000000180092FE8AFE92FE91FF53BD57B957B96B9D6B9DB535
:20FE9300CB7E82B9C755FFADFFDADE0404F0F0FC0CF20EE41C887808F8E8F8F4FCF4BCF4E8
:20FEB300FC04FCC838E41CF40CB46C92FE121F141F141F141F191F293F293F695F557BAE6B
:20FED300F19FE04E714A7F557F2A3B111101010302070407040F080C0B0B0F171F171B17D8
:20FEF3001F080F05060B0C0B0C0A0F121F96FE92FE92FED7B957B953BD6B9D699FF6CA3DC5
:20FF1300C3DE622AFE55FFEAEA40C080800000F0F0FC0CF20EE41C887808F8E8F8F4FCF4CF
:20FF3300BCF4FC04FCC838F40CB46C96FE121F141F141F141F191F293F293F352F2A3D278A
:20FF5300385F704778253F2A3F1B1F0404000001010302070407040F080C0B0B0F171F1707
:20FF73001B171F080F05060B0C0A0F121F94FC94FC12FE2CF4AE72A67AD63AD63AE21E7C6E
:20FF930084BAC6D4FC58F8B4BC080800000000F0F0FC0CF20EE41C887808F8E8F8F4FCF4FE
:20FFB300BCF4FC04FCC838F40CB46C94FC141F243F293F313F527F527F4A7F547B56798ECD
:20FFD300F19CE394FFA9FF6F7F15170202000001010302070407040F080C0B0B0F171F1793
:0DFFF3001B171F080F05060A0F121F121F13
:020000040002F8
:2031720000080000F000020010F80400F00006008000000000080800F0000A0010F80C00A3
:20319200F0000E008000000000081000F000120010F81400F0001600800000007271867109
:2031B20072719A710003000300030003000300030003000300000400E0AE71B671C6710096
:2031D2000FF807077E7E0000000A00000080808080C040C040B87876EEFD83FD03F907FAB4
:2031F20016F20EC63E1AFEE2FE1C1C80808080C040C040B87876EEFD83FD03F907FA16F25D
:203212000EC63E1AFEE2FE223E1C1C000080808080C040C040B87876EEFD83FD13F927FABC
:2032320016F20EC63E1AFEE2FE1C1C000000000000C0C0B87876EEFD83FD03F907FA16FA94
:203252002EC63E1AFEE2FE223E1C1C0000000000000000000000000000000000000000F8A2
:20327200F876EEE19F01FF3AFE06FE0008000000F80020800000000008020000F8022080E0
:203292000000000008040000F80420800000000008060000F80620800000000008080000B8
:2032B200F80820800000007D7289729572A172AD7200010001000100010001000100010032
:2032D200010203020302030203020302030203020304040404040404040404040404040477
:2032F200040000100008000500F0B972C372F372000FF80708DB710000000A00000000007A
:2033120000008080C040C040E020A06020E010F050F060E08080000000000000000000001B
:2033320000008080C040C040C040C04020E020E060E040C08080000000000000000000003B
:2033520000000000010101010302020302030407050703030000000000000000000000002B
:20337200000080808080C040C040C04040C040C040C040C08080000000000000000000003B
:20339200000000000000010101010101010101010101010100000000000000000008000005
:2033B20000F80020800000000008020000F80400800000000008060000F80800800000004F
:2033D2000008082000F80620800000000008042000F8022080000000AE73BA73C673D2737B
:2033F200DE730004000400040004000400040004000400000500F0EA73F4730474000FF812
:2034120007080C730000008000000019740100001D7400000000000000000000000000006D
:2034320066080477310700660804773107006608047731070066080477310700660804770D
:2034520031070066080477310700660804773107002512042103C6065701140000FFFC143A
:203472000000FFFD140480FFFE35FFFC3201FFFC270302088060002512041CC610FFFC15FA
:20349200FDFCFFFF0426001A0174A50000FFFF060974CD6608086C88082101C606570114AB
:2034B2000000FFFC140000FFFD141800FFFE35FFFC3201FFFC270302086361002512042114
:2034D20003C6065701140000FFFC140000FFFD140480FFFE35FFFC3201FFFC270302083E2F
:2034F2005B00251204660402754306213FC6065701140000FFFC140300FFFD140580FFFEBE
:2035120035FFFC3201FFFC270302088C5D002512042101C6065701140000FFFC140000FF7B
:20353200FD140300FFFE35FFFC3201FFFC270302089B5A002512042101C60657011400004C
:20355200FFFC140000FFFD140300FFFE35FFFC3201FFFC270302089B5A002512042101C690
:20357200065701140000FFFC140000FFFD140300FFFE35FFFC3201FFFC270302089B5A0021
:20359200251204140005FFFC33FFFC140006FFFC33FFFC140007FFFC33FFFC140008FFFCFE
:2035B20033FFFC140009FFFC33FFFC14000AFFFC33FFFC0025120414000BFFFC33FFFC14A7
:2035D200000CFFFC33FFFC14000DFFFC33FFFC002512041CC610FFFC15FDFCFFFF042600FC
:2035F2001A0175FE0000FFFF060976266608086C88082101C6065701140000FFFC14048023
:20361200FFFD140800FFFE35FFFC3201FFFC27030208355E00251204140005FFFC33FFFCE1
:20363200140006FFFC33FFFC140007FFFC33FFFC140008FFFC33FFFC140009FFFC33FFFC66
:2036520014000AFFFC33FFFC00251204140005FFFC31FFFC140006FFFC31FFFC140007FF3B
:20367200FC31FFFC140008FFFC31FFFC140009FFFC31FFFC14000AFFFC31FFFC0025120409
:203692002101C6065701140000FFFC140000FFFD141800FFFE35FFFC3201FFFC27030208F8
:2036B2006361002512042103C6065701140000FFFC140000FFFD140600FFFE35FFFC320118
:2036D200FFFC27030208875C002512042103C6065701140000FFFC142E80FFFD140280FFE1
:2036F200FE35FFFC3201FFFC270302088060002512042103C6065701140000FFFC140E8014
:20371200FFFD140280FFFE35FFFC3201FFFC270302088060002512042107C60657011400FB
:2037320000FFFC140880FFFD140680FFFE35FFFC3203FFFC27030208DA620025556A3D0854
:2037520003530320002512042101C6065701140000FFFC140900FFFD141480FFFE35FFFC60
:203772003203FFFC270302086A62002512042103C6065701140000FFFC140080FFFD140DC4
:2037920080FFFE35FFFC3201FFFC270302086361002512042103C6065701140000FFFC149E
:1737B2000000FFFD140300FFFE35FFFC3201FFFC270302089B5A0069
:020000040000FA
:100574001E05210040C3F8391E0521F742C3F8398E
:020000040001F9
:203262002117C536002118C536002119C53608211AC53608C9E8F2F804AF22360421FFC4DC
:2032820036002116C6562114C64E79E602F80D7779E6014779E6045F79E6084FCB4A200C1D
:2032A200FA16C6B7200CF80D7EB72806F80536031837CB422009FA16C6B72009B02806F8A4
:2032C2000536011824CB522009FA16C6B72009B32806F80536021811CB5A2009FA16C6B75E
:2032E2002007B12804F8053600F80D7EB7281F21FFC436017BB72806F80436E0184F79B7F0
:203302002806F80436A01845F80436C0183F78B7281F21FFC436017BB72806F804362018AA
:203322002C79B72806F80436601822F8043640181C7BB7280B21FFC43601F8043600180DB8
:2033420079B7280921FFC43601F8043680FAFFC4B7CA5F7821B2C02A4F463333C521B4C016
:203362002A4F46F80279227001C0C00AF80977F8007EF80C77F8017EF80D7711E01AF80499
:203382006E2600194D440A4FF8095E79CDAC0DF80A792270F80BCB2E2BCB1E23CB2E2BCB07
:2033A2001E23CB2E2BCB1E23CB2E2BCB1E23CB2E2BCB1E23CB2E2BCB1E23CB2E2BCB1E2AD3
:2033C2004F2A472A666F094D443333C5F8027EF80C77F8037EF80D77F8047EC6405F21E09F
:2033E2001A1600194EF8095E79CDAC0DF80A792270F80BCB2E2BCB1E23CB2E2BCB1E23CB9B
:203402002E2BCB1E23CB2E2BCB1E23CB2E2BCB1E23CB2E2BCB1E23CB2E2BCB1E2A4F2A47BE
:203422002A5F567B915F7A984B47F80279227021B4C02A4F46CB38CB19CB38CB19CB38CBA7
:2034420019CB38CB19FAB9C0F80C22079F77F807792270F80C3A2B77F80D3A2B322A5F564F
:20346200F8072A666F19E57DF80E77E17CF80D322A4F46CB38CB19CB38CB19CB38CB1971DB
:20348200FABAC0F80C773A22079F323A2B77F80C3A2B322A5F56F8072A666F19E57DF80D33
:2034A20077E17CF80C322A4F46CB38CB19CB38CB19CB38CB19793CF80677C1C5CB38CB19F5
:2034C200CB38CB19CB38CB19CB38CB19F80B792270F8047ED680D21376FAB8C04F079F474E
:2034E200F80B2A666F094D44CB38CB19CB38CB19CB38CB19F80771F8067EF80D96CAC275F1
:20350200F8077E212BC5963045F80D7E212CC596303CFA28C5F80877FA2BC5F809223600D8
:20352200F80D3A2B223600F8092A234F06005E1600CDBD0D792129C586234F788E47F8074D
:203542006E2600095D54F8087ECD241518020E0FCB512866F8077EF80C22AF327EF8082292
:2035620036003E03F808CB2623CB163D20F6FAB8C0F80D77F80A22079F322B2B2A5F2A5740
:203582002A666F7B955F7A9CF80D32733E04F80CCB2623CB163D20F62B2A5F562101007BC6
:2035A200955F7A9CF80B32732A23322A23327EF80077F80D7EF801771806F80D34C3F974F2
:2035C20001B2C0FAB8C05F079F57212DC52A935F7E9A577BC6FF5F7ACEFFCB238FCB238F2A
:2035E200CB238FCB238FF80A732377F8007EF80C77F8017EF80D77F80A2A5F2A577B96239C
:203602007A9E3805F80C2A5F567B02037A02C3BD76FAB7C04F079F47F80B2A666F095D4C1D
:20362200CB39CB1BCB39CB1BCB39CB1BF80D56F8067E9228697B212BC59630377A212CC5BB
:20364200963030FA28C5F80D77212BC54E06006A2600D55D54CDBD0DD1792129C586234FAC
:20366200788E476B260009D5E5F8117ED1CD2415D118020E0FCB5928226B260023292929A4
:203682004D44FAB7C05F079F5779936F789A6729292929234D443333C51803141891F80083
:2036A2002A4F7EF80C712377CB7E28042BAF2277F80C2A4F4621B2C079227021B2C02A4FAD
:2036C20046CB38CB19CB38CB19CB38CB19CB38CB19FAB7C06F079F6709545DCB3ACB1BCBA9
:2036E2003ACB1BCB3ACB1BF80D73FAB8C06F079F6709CB3CCB1DCB3CCB1DCB3CCB1D7D3CC8
:20370200F80C77F8022A4F2A47CB38CB19CB38CB19CB38CB19CB38CB193E4096D2CA777E07
:20372200D6C0D2CA77FABAC06F079F6709444DCB38CB19CB38CB19CB38CB19F80B71F80C27
:203742002A962876F80D7E212BC5963038F80B7E212CC596302FFA28C5F80A77212BC54E30
:203762000600F80B5E1600CDBD0D792129C586234F788E47F80D6E2600095D54F80A7ECDC6
:2037820024157918023E0F0F302BF80B7E0E0087CB1187CB1187CB1121BAC06EF57D079FCB
:2037A20067F1956F799C67292929294D440BF8027922701805F80D341884F8022A4F46211E
:2037C200B4C0792270C35F78FAB9C06F079F6709CB3CCB1DCB3CCB1DCB3CCB1D5DF80C2A7E
:2037E20096286FF80D7E212BC59630377B212CC59630302128C556212BC54E06006B26002C
:20380200D55D54CDBD0DD1792129C586234F788E47F80D6E2600094D44D57A5950CD2415BA
:20382200D118020E0FCB4928241C6B26002929294D44FAB9C05F079F5779936F789A672979
:20384200292929234D44F8027922701805F80D34188BF8022A4F4621B4C0792270F8057E65
:20386200D604281AFAFFC4F533F8067EF53311B1C0D51E01215446CDF839E804180D11B19F
:20388200C0D51E0121F545CDF839E1010000FAC4DAE6013D2036AFF53311B2C0D511B7C06E
:2038A200D51E0521974DCDF839E805B7207BAFF5331E01214148CDF8393378B1280E212F4C
:2038C20000097EB728062101C5792270FA15C616002F5F7A2F57FA14C62E00A35F7DA2CB21
:2038E20063284678B120113E01F5333E08F5331E01218D47CDF839E178B1282D212F0009FC
:203902007EB72025212500097EB7281D234E2346110000D52601E533110000D5C5F5331E72
:1D39220002210552CDF839E808E80EC92117C536002118C5360021C4DA3600C9C973
:020000040000FA
:20C11100E8F92117C536002118C53600FAEED9EA19C5211AC53610FA1BC5F80677E5CB46B2
:20C13100E1282421B2C02A4F46CB38CB19CB38CB19CB38CB19CB38CB19210800095D5421CF
:20C1510013C57B22721806AF2113C52277E5F808CB4EE1282421B4C02A4F46CB38CB19CB57
:20C1710038CB19CB38CB19CB38CB19210800095D542115C57B22721806AF2115C52277FA7C
:20C191002DC5C660EA42DAFA2EC5CEFFEA43DAAF2144DA227721EFD94ECB41280A213EDA7A
:20C1B10036CD2336C71808213EDA36442336DACB49280A2140DA3ECD2236C718082140DA3F
:20C1D100362D2336C53E0F21F5D9963E0017F80077FAF5D9F80122AF322B7EB72805010FD6
:20C1F100001805F8014E060021E6D92A5F56CD590EAF914F3E7D98477921F3D99623789E73
:20C21100CB7F280621F5D93418BBFA0BDAB7284C210BDA4E060011007DCD590EF8037922E3
:20C231007021DDD95E7B079F57F8014E0600CD590EF805792270F8035D54F8051A139623B8
:20C251001A9E1A57CB7E2807CB7A2008BF1805CB7A2801373006210BDA3518B4F8007EB7D4
:20C271002805010F001805F8014E060021E6D92A5F56CD590E2134DA792270F8014E06008C
:20C2910021F7D92A5F56CD590E2136DA7922702112DA4E06002110DA2A5F56CD590E212687
:20C2B100DA79227021F5D95EFA0BDACD6E0E2138DA792236002115DA36042116DA36042159
:20C2D1002DDA36002146DA36002117DA36002118DA360001B6C00AFE022807B72804D6049B
:20C2F10020033E010221C4DA3600AF213ADA2277213CDA3EA022360F2123DA3600FAF5D9BF
:20C31100EA20DA2121DA3600FAFBD9EA22DA212ADA36002147DA3600AF2119DA2277AF2123
:20C331001BDA2277E807C9E8EEAFF80F22772124DA3600F8043600FA0CDA3D280FFA0CDAC6
:20C35100FE022834D603CAF343C33544FA15C606002F4F782F472114C67E1E00A14F7BA072
:20C37100475E16007BE6201E00A14F7BA0B1CA3544F8043601C33544FA15C606002F4F7813
:20C391002F472114C67E1E00A14F7BA0475E16007BE6022600A16F7CA0B52814FA29DACB4B
:20C3B1007F2806F8043601187B2129DA36F118747BE6011E00A14F7BA0B128682129DA5ED4
:20C3D100AF5796CB7B2807CB7A2008BF1805CB7A2801373006F804360118492129DA360F1A
:20C3F1001842FA15C606002F4F782F472114C67E1E00A14F7BA0475E16007BE6082600A1FE
:20C411006F7CA0B52807FA14C6CB672013FA14C6CB5F28107BE6101E00A14F7BA0B12804B6
:20C43100F8043601FA16DA2115DA773E1596DA53534E0600214C44090909E9C38E44C393EA
:20C4510044C35353C3B545C3E345C35353C38D47C3BC47C35353C33249C33D49C35353C394
:20C471008D51C39C51C35353C3A751C3B651C35353C32A52C33952C33553C37B622116DA3D
:20C4910036012147DA3600FA01DA3D2007FA14C6CB67200EFA01DAD6022022FA14C6CB578A
:20C4B100281BFA3DDACB7F20142147DA3604FA02DAEA3CDAFA03DAEA3DDAC37845FA18DA03
:20C4D100B7280B213CDA3E5822361BC37845FA14C6CB67284D213DDACB7E28462B7E21EA83
:20C4F100D986213CDA227E21EBD98EEA3DDA113CDA21ECD91A1396231A9E1A575ECB7B2899
:20C5110007CB7A2008BF1805CB7A2801373007213CDA2A4E180521ECD92A4E213CDA2271EA
:20C531001845FA3CDA21E8D986213CDA227E21E9D98EEA3DDA113CDA21ECD91A1396231ABF
:20C551009E1A575ECB7B2807CB7A2008BF1805CB7A2801373007213CDA2A4E180521ECD911
:20C571002A4E213CDA2271213DDA4E79079F47211BDA7E81227E887721B4C02A4F7EF80F35
:20C59100712377FA17DAB72007FA04DAB7C25353213BDA4E79079F472119DA7E81227E889A
:20C5B10077C3895A2116DA3604213CDAAF2236012147DA3600211FDA3600FAF9D9EA1DDA4E
:20C5D100FAF6D9EA21DAFAFBD9EA22DAAF2132DA2277FA2DDAB7CA3B47212BDA6EFA2CDADB
:20C5F100677ECB3707300D2116DA3600212DDA3600C3EB4621B2C02A4F46FAB7C06F079F8E
:20C61100672929292909E57DF81277E17CF81177212BDA6EFA2CDA67232A6E5F552110009A
:20C63100195D54212BDA6EFA2CDA67D511070019D17E6F079F6729292929195D54F8107B62
:20C6510096237A9E300D2116DA3600212DDA3600C3EB46211000094D44FAB8C06F079F6769
:20C671002929292909E57DF81277E17CF81177212BDA6EFA2CDA67232A4F46212BDA2A5FB0
:20C6910056210600197E6F079F6729292929094D44F8102A917E98300C2116DA3600212D11
:20C6B100DA36001835212BDA6EFA2CDA67232A4F46212EDA2A5F5679934F789A472119DA5F
:20C6D1002A5F3A57798322788A77212BDA6EFA2CDA67232A4E212EDA2271AF213CDA2277C7
:20C6F100212BDA6EFA2CDA672323232A462130DA5E2356934F789A47211BDA2A5F3A577B6D
:20C7110081227A8877212BDA6EFA2CDA672323232A4E2130DA2271212BDA6EFA2CDA672334
:20C7310023232A4EF80F2271183EFA18DAB72815213CDA3E5822361B21B4C02A4F7EF80F87
:20C751007123771823FA3CDA21E8D986213CDA227E21E9D98EEA3DDA21B4C02A4F7EF80F2E
:20C771007123772116DA3600213DDA4E79079F47211BDA7E81227E8877C35353FAF5D9EA9B
:20C7910020DA212DDA3600AF21F3D996EA3CDA9F21F4D996EA3DDA211EDA3600211DDA363D
:20C7B10000211FDA36002116DA3607FA20DAB7CA9F48FA14C6CB67CA9F48FA3CDA2134DA78
:20C7D10096213CDA227E2135DA9EEA3DDA11E6D92132DA1A1396231A9E1A57CB7E2807CBBD
:20C7F1007A2008BF1805CB7A2801373815FA3CDA2132DA86213CDA227E2133DA8EEA3DDA61
:20C811001806AF213CDA2277213BDA5E7B079F572138DA2A4F46CDBD0D1100007B915F7ADF
:20C8310098F81132732A917E985678CB7F2807CB7A2008BF1805CB7A2801373805F8102A2C
:20C851004F46213CDA2A5F5621FF7F19E57DF81277E17CF811322A917E9856785FCB7B287D
:20C8710007CB7A2008BF1805CB7A280137300A213CDA3E01223680180FAF914F9F904721DD
:20C891003CDA7E81227E88772120DA351856FA14C6CB67281B213DDACB7E28142B7E21EA5B
:20C8B100D986213CDA227E21EBD98EEA3DDA1834FA3DDACB7F201A2116DA3600FA3CDA2164
:20C8D100E8D986213CDA227E21E9D98EEA3DDA1813FA3CDA21E8D986213CDA227E21E9D95A
:20C8F1008EEA3DDA21B4C02A4F7EF80F712377213DDA4E79079F47211BDA7E81227E88775A
:20C91100FA17DAB72007FA04DAB7C25353213BDA4E79079F472119DA7E81227E8877C3895E
:20C931005A1E0321EA71CDF839C3F86B21B4C02A4F46CB38CB19CB38CB19CB38CB19CB38BF
:20C95100CB19FAB9C06F079F67095D54CB3ACB1BCB3ACB1BCB3ACB1BF81173FABAC06F0712
:20C971009F6709CB3CCB1DCB3CCB1DCB3CCB1D7D3CF807772124DA360001B6C00AF8107746
:20C991003DC2C94B11B2C01AF80F22131A322A4F46CB38CB19CB38CB19CB38CB19CB38CB0C
:20C9B10019FAB8C05F079F696057194D44CB38CB19CB38CB19CB38CB19F80D7922232A4F1B
:20C9D10046FA26DAF80B77FA27DAF80C322A666F09E57DF81077E17CF80F322A4F46CB381A
:20C9F100CB19CB38CB19CB38CB19CB38CB19696019CB3CCB1DCB3CCB1DCB3CCB1D7D3CF82D
:20CA11001077F80D7EF81096CA744BFAEFD9CB4F28692113C52AC6404F7ECE0047CB28CB9E
:20CA310019CB28CB19CB28CB19F80D3A2B22AF32799623789E7857CB7E2807CB7A2008BFF6
:20CA51001805CB7A2801373032F80B7E0E0087CB1187CB1187CB1121B8C06EF57D079F6763
:20CA7100F1956F799C67292929294D4411010079935F789AF80F3273C3744BF8077EF811BC
:20CA910096CA3F4BFA0FDAD6032007FA2ADAB7C2394BF80D7E212BC5963046F8117E212C49
:20CAB100C596303DFA28C5F80877FA2BC5F809223600F8117EF80B223600F8092A234F0677
:20CAD100005E1600CDBD0D792129C586234F788E47F80D6E2600095D54F8087ECD2415187E
:20CAF100020E0FCB512841F80D7E0E0087CB1187CB1187CB1121B8C06EF57D079F67F195BB
:20CB11006F799C67292929294D4411010079935F789AF80F32732124DA36012123DA3601FE
:20CB3100FAF9D9EA1FDA183BF81134C38C4A21B4C02A4F46CB38CB19CB38CB19CB38CB1903
:20CB5100CB38CB19FAB9C06F079F67094D44CB38CB19CB38CB19CB38CB19F81171F80D34EC
:20CB7100C3134AFA0EDA3D2807FA0EDAD603200EFADCD9EA3ADAFADDD9EA3BDA1806AF2103
:20CB91003ADA227711B2C0212DC52AC6F04F7ECEFF47CB21CB10CB21CB10CB21CB10CB213F
:20CBB100CB10F80E799623789E3805F80E2A4F467912137812C3CA4DF8107ED603C2CA4DFF
:20CBD10011B2C01AF80F22131A322A4F46CB38CB19CB38CB19CB38CB19CB38CB19FAB7C053
:20CBF1005F079F576B62094D44CB38CB19CB38CB19CB38CB19F80871F80F2A4F462126DA54
:20CC11006EFA27DA6779954F789CF8097123322A4F46CB28CB19CB28CB19CB28CB19CB28C4
:20CC3100CB19696019CB2CCB1DCB2CCB1DCB2CCB1D7D3DF80B77F8087EF80B96CA924DFA92
:20CC5100EFD90F305F2113C52AC6B04F7ECEFF47CB28CB19CB28CB19CB28CB19F8087EF8E8
:20CC71000F22AF322A917E985678CB7F2807CB7A2008BF1805CB7A2801373028F80F7E2688
:20CC9100006F232929294D44FAB7C05F079F5779936F789A6729292929234D44F809792230
:20CCB10070C3924DF8077EF81196CA5D4DFA0FDAD6032007FA2ADAB7C2574DF8087E212BF9
:20CCD100C5963045F8117E212CC596303CFA28C5F80C77FA2BC5F80D223600F8113A2B229F
:20CCF1003600F80D2A234F06005E1600CDBD0D792129C586234F788E47F8086E2600095D74
:20CD110054F80C7ECD241518020E0FCB592837F8084EAF6967232929294D44FAB7C05F0799
:20CD31009F5779936F789A6729292929234D44F8097922702124DA36FF2123DA36FFFAF9FA
:20CD5100D9EA1FDA183BF81134C3B54C21B4C02A4F46CB38CB19CB38CB19CB38CB19CB38A6
:20CD7100CB19FAB9C06F079F67094D44CB38CB19CB38CB19CB38CB19F81171F80835C347C7
:20CD91004CFA0EDA3D2807FA0EDAD6032012AF21DCD996EA3ADA9F21DDD996EA3BDA1806B9
:20CDB100AF213ADA2277F80ACB7E2804AF471804F8092A4621B2C02270FA0EDAD602DA77BB
:20CDD10051FA3CDA21EAD986213CDA227E21EBD98EEA3DDAFA15C606002F4F782F472114B0
:20CDF100C67E1E00A14F7BA0477EE6101E00A14F7BA0B1CA964EFA1DDAB72838212DDA360C
:20CE11000021E6D92A4F46CB78280103CB28CB197921F3D986234F788E47AF91213CDA22D8
:20CE31009F9077211EDA3600211DDA36002147DA360118512121DA7EB7284A35FA32DA219D
:20CE510036DA862132DA227E2137DA8EEA33DA212DDA360021E6D92A4F46CB78280103CB70
:20CE710028CB197921F3D986234F788E47AF91213CDA229F9077211EDA3600211DDA36000E
:20CE91002147DA360221B4C02A4F7EF80F712377213DDA4E79079F47211BDA7E81227E8840
:20CEB100322AD6817EDEFF563EFFCB7F2807CB7A2008BF1805CB7A28013730051181FF187B
:20CED1002A211BDA3E7F96233E009E3E0057CB7E2807CB7A2008BF1805CB7A28013730057F
:20CEF100117F001806211BDA2A5F56211BDA7B227221B2C02A4F46CB38CB19CB38CB19CB6E
:20CF110038CB19CB38CB19FAB7C06F079F67095D54CB3ACB1BCB3ACB1BCB3ACB1BF80E731C
:20CF3100FAB8C06F079F6709CB3CCB1DCB3CCB1DCB3CCB1D7D3CF80A77211BDAAF96233E2E
:20CF5100009E3E0057CB7E2807CB7A2008BF1805CB7A280137D2475021B4C02A4F46211B2E
:20CF7100DA6EFA1CDA67094D7CF80C7123322A4F46CB28CB19CB28CB19CB28CB19CB28CB63
:20CF910019FABAC06F079F67095DCB2CCB1BCB2CCB1BCB2CCB1BF80E7EF81177F80A7EF8FE
:20CFB1001196CA3950F8117E212BC596303A7B212CC5963033FA28C5F80E77212BC54E067F
:20CFD100006B1600D55DCDBD0DD1792129C586234F788E47F8116E2600094D54D5F8107EB6
:20CFF10059CD2415D17918023E0F0F30356B26002929294D44FABAC05F079F5779936F783C
:20D011009A67292929294D4411010079935F789AF80D3273212DDA3600213CDAAF223601F3
:20D031001806F81134C3AD4FF80C2A4F4621B4C0792270C31C51FA1CDACB7FCA1C5121B4EC
:20D05100C02A4F46211BDA6EFA1CDA67094D7CF80B7123322A4F46CB28CB19CB28CB19CB92
:20D0710028CB19CB28CB19FAB9C06F079F67094D44CB28CB19CB28CB19CB28CB19F8117134
:20D09100F80E5EF80A7E9328777B212BC596303BF8117E212CC59630322128C556212BC5D6
:20D0B1004E0600F8117EF80D22AF32D55E1600CDBD0DD1792129C586234F788E476B26006D
:20D0D10009D57A5D54CD2415D118020E0FCB49282CF8116E2C26002929294D44FAB9C05F19
:20D0F100079F5779936F789A6729292929234D44F80B792270AF213CDA227718031C188377
:20D11100F80B2A4F4621B4C0792270AF21ECD996234F9F9647213CDA2A917E985678CB7F63
:20D131002807CB7A2008BF1805CB7A280137382E11ECD9213CDA1A1396231A9E1A57CB7EF6
:20D151002807CB7A2008BF1805CB7A280137300821ECD92A4F461806213CDA2A4F46213C53
:20D17100DA792270180B21B4C02A4F7EF80F712377FA0FDAD601DA7B62C308672115DA360F
:20D191000D2116DA360D2147DA36001E03215B6ECDF839C37B622116DA36102147DA36002D
:20D1B1002146DA3600FA18DAB7280D213CDA7EC658227ECE1B771842213DDACB7E28142BFA
:20D1D1007E21E8D986213CDA227E21E9D98EEA3DDA1827FAFCD9B7280EFAFDD9EA3CDAFA4A
:20D1F100FED9EA3DDA1813FA3CDA21E8D986213CDA227E21E9D98EEA3DDA213DDA4E790754
:20D211009F47211BDA7E81227E887721B4C02A4F7EF80F712377C353532146DA360021477D
:20D23100DA36002116DA3613213BDACB7E28252B7E2106DA86213ADA227E2107DA8E213BB6
:20D25100DA77CB7E28052B2A4E1802AF4F213ADA2271185B213ADAAF96233E009E3E0057F2
:20D27100CB7E2807CB7A2008BF1805CB7A280137303DFA3ADA2106DA96213ADA227E210728
:20D29100DA9E213BDA32AF96233E009E3E0057CB7E2807CB7A2008BF1805CB7A280137302E
:20D2B10007213ADA2A4E1802AF4F213ADA2271213BDA4E79079F472119DA7E81227E88772D
:20D2D100FA3CDA21E8D986213CDA227E21E9D98EEA3DDA113CDA21ECD91A1396231A9E1AB7
:20D2F10057CB7E2807CB7A2008BF1805CB7A2801373007213CDA2A4E180521ECD92A4E21DE
:20D311003CDA227977079F47211BDA7E81227E887721B4C02A4F7EF80F7123772118DA364C
:20D3310000C3895A2116DA3615AF213ADA2277AF213CDA22772146DA36002147DA3600C32C
:20D351007B62FA14C6CB4F2007FA14C60FD2BF59F8113601FA14C6CB4F280DF81136FFAFAD
:20D37100213ADA96229F9677FA14C6CB6FCAFC583E052108DA96DA895A4E060021945309D9
:20D391000909E9C3A653C35554C3DC54C3C755C3F355C33357FA3BDACB7F2821210ADA3A4E
:20D3B100B6281AFA3ADA2109DA86213ADA227E210ADA8EEA3BDA2146DA36FF18602146DA36
:20D3D1003600FA3ADA21E0D9864FFA3BDA21E1D98E4721D8D9799623789E7857CB7E280729
:20D3F100CB7A2008BF1805CB7A280137300821D8D92A4F46182121DAD92A917E985678CBEE
:20D411007F2807CB7A2008BF1805CB7A280137300621DAD92A4F46213ADA792270F8117ECF
:20D431004F079F47213ADA2A5F56CDBD0D213ADA7922704E79079F472119DA7E81227E88C5
:20D4510077C3895AFA3ADA21E2D9864FFA3BDA21E3D98E4721D8D9799623789E7857CB7EEC
:20D471002807CB7A2008BF1805CB7A280137300821D8D92A4F46182121DCD92A917E98567F
:20D4910078CB7F2807CB7A2008BF1805CB7A280137300621DCD92A4F46213ADA792270F899
:20D4B100117E4F079F47213ADA2A5F56CDBD0D213ADA7922704E79079F472119DA7E8122BC
:20D4D1007E88772146DA3601C3895A213BDACB7E281A2B7E2109DA86213ADA227E210ADAD2
:20D4F1008EEA3BDA2146DA36FFC3A055113ADA21DAD91A1396231A9E1A57CB7E2807CB7A9B
:20D511002008BF1805CB7A2801373042FA3ADA21E0D9864FFA3BDA21E1D98E4721D8D92A67
:20D53100917E985678CB7F2807CB7A2008BF1805CB7A28013730045950180621D8D92A5FA8
:20D5510056213ADA7B22722146DA36011841FA3ADA21E2D9864FFA3BDA21E3D98E4721DCD2
:20D57100D9799623789E7857CB7E2807CB7A2008BF1805CB7A28013730045950180621DC4C
:20D59100D92A5F56213ADA7B22722146DA3602F8117E4F079F47213ADA2A5F56CDBD0D2176
:20D5B1003ADA7922704E79079F472119DA7E81227E8877C3895A2146DA3601F8117E4F07DA
:20D5D1009F4721DCD92A5F56CDBD0D213ADA7922704E79079F472119DA7E81227E8877C39F
:20D5F100895A213BDACB7E281A2B7E2109DA86213ADA227E210ADA8EEA3BDA2146DA36FF66
:20D61100C30C57113ADA21DAD91A1396231A9E1A57CB7E2807CB7A2008BF1805CB7A28019C
:20D63100373042FA3ADA21E0D9864FFA3BDA21E1D98E4721D8D92A917E985678CB7F2807CA
:20D65100CB7A2008BF1805CB7A280137300350180621D8D92A4F56213ADA7922722146DA06
:20D671003601C30C57113ADA21DCD91A1396231A9E1A57CB7E2807CB7A2008BF1805CB7A2C
:20D691002801373071FA3ADA21E2D9864FFA3BDA21E3D98E4721DCD9799623789E7857CB40
:20D6B1007E2807CB7A2008BF1805CB7A280137300350180621DCD92A4F56213ADA79227236
:20D6D1002146DA3602F8117E5F079F57D54B42213ADA2A5F56CDBD0DD1213ADA792270219E
:20D6F100DBD94E79079F47CDBD0D2119DA7E81227E8877C3895A2146DA3603F8117E4F076B
:20D711009F47213ADA2A5F56CDBD0D213ADA7922704E79079F472119DA7E81227E8877C3FE
:20D73100895A213BDACB7E281A2B7E2109DA86213ADA227E210ADA8EEA3BDA2146DA36FF24
:20D75100C3D558113ADA21DAD91A1396231A9E1A57CB7E2807CB7A2008BF1805CB7A280191
:20D77100373042FA3ADA21E0D9864FFA3BDA21E1D98E4721D8D92A917E985678CB7F280789
:20D79100CB7A2008BF1805CB7A280137300350180621D8D92A4F56213ADA7922722146DAC5
:20D7B1003601C3D558FADCD921DAD9964FFADDD921DBD99E47CB28CB193A6E6709E57DF816
:20D7D1000F77E17CF80E32113ADA1A1396231A9E1A57CB7E2807CB7A2008BF1805CB7A28BB
:20D7F100013730492146DA3602FA3ADA21E2D986213ADA227E21E3D98EEA3BDAF8117E5F59
:20D81100079F57D54B42213ADA2A5F56CDBD0DD1213ADA79227021DBD94E79079F47CDBDC9
:20D831000D2119DA7E81227E8877C3895A113ADA21DCD91A1396231A9E1A57CB7E2807CB25
:20D851007A2008BF1805CB7A2801373072FA3ADA21E2D9864FFA3BDA21E3D98E4721DCD99C
:20D87100799623789E7857CB7E2807CB7A2008BF1805CB7A280137300350180621DCD92A79
:20D891004F56213ADA7922722146DA3603F8117E5F079F57D54B42213ADA2A5F56CDBD0D26
:20D8B100D1213ADA792270F80D2A4F46CDBD0D78079F4F2119DA7E80227E8977C3895A2105
:20D8D10046DA3604F8117E4F079F47213ADA2A5F56CDBD0D213ADA7922704E79079F47215A
:20D8F10019DA7E81227E8877C3895AFA3BDACB7F2821210ADA3AB6281AFA3ADA2109DA866F
:20D91100213ADA227E210ADA8EEA3BDA2146DA36FF18742146DA3600FA3ADA21E0D9862187
:20D931003ADA227E21E1D98EEA3BDA113ADA21D8D91A1396231A9E1A57CB7E2807CB7A20D7
:20D9510008BF1805CB7A280137300821D8D92A5F7E182E11DAD9213ADA1A1396231A9E1A25
:20D9710057CB7E2807CB7A2008BF1805CB7A280137300821DAD92A5F7E1806213ADA2A5FEA
:20D991007E213ADA732377F8117E4F079F47213ADA2A5F56CDBD0D213ADA7922704E79073A
:20D9B1009F472119DA7E81227E8877C3895AFA3BDACB7F2855FA15DAD6042015FA3ADA211B
:20D9D100E4D986213ADA227E21E5D98EEA3BDA1813FA3ADA2106DA86213ADA227E2107DA1B
:20D9F1008EEA3BDA213ADAAF96233E009E3E0057CB7E2807CB7A2008BF1805CB7A28013715
:20DA11003060AF213ADA22771858213ADAAF96233E009E3E0057CB7E2807CB7A2008BF18AE
:20DA310005CB7A280137303AFA15DAD6042015FA3ADA21E4D996213ADA227E21E5D99EEA0B
:20DA51003BDA1813FA3ADA2106DA96213ADA227E2107DA9EEA3BDA213BDACB7E28042BAFD7
:20DA710022772146DA3600213BDA4E79079F472119DA7E81227E88772119DA2AD6817EDEF8
:20DA9100FF563EFFCB7F2807CB7A2008BF1805CB7A28013730051181FF182A2119DA3E7FA3
:20DAB10096233E009E3E0057CB7E2807CB7A2008BF1805CB7A2801373005117F00180621C1
:20DAD10019DA2A5F562119DA7B227221B4C02A4F46CB38CB19CB38CB19CB38CB19CB38CB69
:20DAF10019FAB9C06F079F67095D54CB3ACB1BCB3ACB1BCB3ACB1BF80873FABAC06F079F96
:20DB11006709CB3CCB1DCB3CCB1DCB3CCB1D7D3CF8117711B2C01AF80922131A322A2332E0
:20DB31002A23772119DA2A4F46F80B2A666F09E57DF80F77E17CF80E772140DA6EFA41DABA
:20DB5100672A4F4621900009292929294D44F80D799623789ED22B5CF80D2A4F46F8092A0A
:20DB7100917E983010232A23322A2377AF213ADA2277C3D05CF8097EF80D77F80A7EF80E5A
:20DB9100772140DA6EFA41DA672A4F4621900009292929294D44F80B2A5F567B915F7A98CB
:20DBB100477BD61078DE003053FA40DAF80977FA41DAF80A322A5F561AF80622131A322A5C
:20DBD1005F5621900019E57DF80B77E17CF80A773E04F809CB2623CB163D20F62B7EF806D1
:20DBF10077F80A7EF80777F80B2A5F56F8062A666F7B955F7A9CF80A32731807F8093E102E
:20DC110022AF77F80D2A4E5F51F8092A666F7B955F7A9CF80E3273C3D05C213EDA6EFA3F7F
:20DC3100DA672A666F292929294D44F80D2A917E98D2D05CFA1ADACB7F2810F80B2A233298
:20DC51002A2377AF213ADA22771874F8092A23322A2377FA3EDAF80D77FA3FDAF80E322A9F
:20DC71005F3A571A22131A322A5F5621080019292929295D54F8092A666F7B955F7A9C47C6
:20DC91007BD61078DE003023213EDA6EFA3FDA672A4F4621080009292929295D54F8092AD7
:20DCB100666F7B955F7A9C4B471803011000F80B2A5E6F6309E57DF80F77E17CF80E77110A
:20DCD100B2C01AF80922131A77F80D3A2B77F80E3A2B77F8095D54F80B1A1396231A9ED2F8
:20DCF100BF5DF80D2A4F46CB38CB19CB38CB19CB38CB19CB38CB19FAB8C06F079F67094D53
:20DD110044CB38CB19CB38CB19CB38CB19F80C71F8085EF8117E93CA8D5EF80C7E212BC5C4
:20DD31009630397B212CC5963032FA28C5F80B77212BC54E06006B1600D55DCDBD0DD179F4
:20DD51002129C586234F788E47F80C6E2600094D54D5F80D7E59CD2415D118020E0FCB5141
:20DD71002848F80C7E0E0087CB1187CB1187CB1121B8C06EF57D079F67F1956F799C672949
:20DD91002929294D4411010079935F789AF80E3273AF213ADA22772124DA36012123DA3605
:20DDB10001FAF9D9EA1FDAC38D5E1CC3245DF80B5D54F8091A1396231A9ED28D5EF80D2A55
:20DDD1004F46CB38CB19CB38CB19CB38CB19CB38CB19FAB7C06F079F67094D44CB38CB1993
:20DDF100CB38CB19CB38CB19F80C71F8085EF8117E93CA8D5EF80C7E212BC59630377B2176
:20DE11002CC59630302128C556212BC54E06006B2600D55D54CDBD0DD1792129C586234F42
:20DE3100788E47F80C6E2600094D44D57A5950CD2415D118020E0FCB59283DF80C4EAF6959
:20DE510067232929294D44FAB7C05F079F5779936F789A6729292929234D44F80D792270F2
:20DE7100AF213ADA22772124DA36FF2123DA36FFFAF9D9EA1FDA18041CC3FF5DF80D2A4FE9
:20DE91004621B2C0792270211BDA2AD6817EDEFF563EFFCB7F2807CB7A2008BF1805CB7A01
:20DEB10028013730050181FF182A211BDA3E7F96233E009E3E0057CB7E2807CB7A2008BF58
:20DED1001805CB7A2801373005017F001806211BDA2A4F46211BDA79227021B2C02A4F4654
:20DEF100CB38CB19CB38CB19CB38CB19CB38CB19FAB7C06F079F67094D44CB38CB19CB3804
:20DF1100CB19CB38CB19F8057121B2C02A4F46CB38CB19CB38CB19CB38CB19CB38CB19FACF
:20DF3100B8C06F079F6709CB3CCB1DCB3CCB1DCB3CCB1D7D3CF80677211BDAAF96233E001C
:20DF51009E3E0057CB7E2807CB7A2008BF1805CB7A280137D21A6121B4C02A4F46211BDA60
:20DF71006EFA1CDA67094D7CF8077123322A4F46CB28CB19CB28CB19CB28CB19CB28CB1919
:20DF9100FABAC06F079F67094D44CB28CB19CB28CB19CB28CB19F80971FA18DAB7C20C611D
:20DFB100F8057EF81177F8067EF81196CA0C61F8117E212BC5963047F8097E212CC5963007
:20DFD1003EFA28C5F80A77FA2BC5F80B223600F8097EF80D223600F80B2A234F06005E1658
:20DFF10000CDBD0D792129C586234F788E47F8116E2600095D54F80A7ECD24157918023EFE
:20E011000F0FD202611E0321F176CDF839B7CAA460F8057EF81177F8067EF81196285AF8E0
:20E03100117E212BC5963046F8097E212CC596303DFA28C5F80A77FA2BC5F80B223600F8F2
:20E05100097EF80D223600F80B2A234F06005E1600CDBD0D792129C586234F788E47F81145
:20E071006E2600095D54F80A7ECD241518020E0FCB49201FF81134189E2118DA3605FA3CBA
:20E09100DA21E8D986213CDA227E21E9D98EEA3DDA1868F8097E0E0087CB1187CB1187CBBF
:20E0B1001121BAC06EF57D079F67F1956F799C67292929294D4411010079935F789AF80881
:20E0D1003273212DDA3600FA15DAD604200E2116DA3604213CDAAF223601181FFA15DAD6BB
:20E0F1000320072116DA360418112116DA3603180AF811347EF80577C3B75FF8072A4F463F
:20E1110021B4C0792270C37B62FA1CDACB7FCA7B6221B4C02A4F46211BDA6EFA1CDA670995
:20E131004D7CF80C7123322A4F46CB28CB19CB28CB19CB28CB19CB28CB19FAB9C06F079F98
:20E1510067094D44CB28CB19CB28CB19CB28CB19F80E71F8057EF81177F8067EF81196CAD1
:20E171007062F8117E212BC5963037F80E7E212CC596302EFA28C5F80B77212BC54E0600D7
:20E19100F80E5E1600CDBD0D792129C586234F788E47F8116E2600095D54F80B7ECD2415B2
:20E1B10018020E0FCB49CA6A62F80E6E2C26002929294D44FAB9C05F079F5779936F789A3F
:20E1D1006729292929234D44F80C792270AF213CDA2277FA2DDAB72874212BDA6EFA2CDAF9
:20E1F100672323232A4EF80F2271212BDA2A4F46210800094E59AF5791CB7B2807CB7A20FD
:20E2110008BF1805CB7A2801373036212BDA2A4F46210800097E4F079F47212BDA2A5F5628
:20E23100210900197E6F079F670929292929294D44F80F2A666F09E57DF81177E17CF810D3
:20E2510077F80F7EF80C77F8107EF80D77211DDA36002116DA36001806F81134C36A61F8BE
:20E271000C2A4F4621B4C0792270AF2119DA2277AF211BDA2277AFF5331E01214148CDF803
:20E2910039E803C5F8013AB6CA6666D1D5212F00194D440AF81177B7CA666621F2D996C24A
:20E2B1006B65FA2DDAB72811FA2BDAF800962009FA2CDAF80196CA5766D1D56B6223E57DC8
:20E2D100F80477E17CF803322A4F2A2347030359501A22131A77D1D521060019E57DF8094B
:20E2F10077E17CF808322A5F5621020019E57DF80B77E17CF80A322A5F561A6F079F6729E1
:20E311002929295D54F8057EF80B77F8067EF80C322A666F195D54F80F3A2B77F8103A2B00
:20E33100322A937E9A3078FA3DDACB7F2071F8007EEA2BDAF8017EEA2CDAF8022A5F561A72
:20E351006F131A5D57212EDA7B227269602A665F542130DA7B227269602A4F46F8092A5FCC
:20E37100561A6F079F6729292929094D44FABAC06F079F672929292979954F789C4779C6D7
:20E39100FC4F78CEFF4721B4C0792270AF213CDA2277212DDA36012116DA3603C35766FA53
:20E3B100B9C0F80D22079F322A562387CB1287CB1287CB1287CB125F2A666F195D54F8077A
:20E3D1002A4F460303030AF81022079F322A4687CB1087CB1087CB1087CB104FF80B2A667E
:20E3F1006F094D447993789A306821B4C02A4F46F8052A5F567B915F7A98474B110000F805
:20E411000D2A666F7B955F7A9CF80C327B222B2A5F56F8102A666F1929292929090120008F
:20E43100094D44211BDA2A5F3A577B81227A8877FAE8D9EA3CDAFAE9D9EA3DDAFA16DAD632
:20E45100072807FA2DDAB7CA57662116DA3600C3576611B2C01AF80E22131A77F8022A5F83
:20E47100561AF81022131A77F80E5D54F8101A1396231A9E306BF8102A5F56F80E2A666F69
:20E491007B955F7A9CF80D3273FAB8C04F079F47F8072A5F561A5F079F57AF936F9F9267F1
:20E4B10009292929295D54F80C2A4F4679932119DA22789A772124DA36012123DA3601FABA
:20E4D100F9D9EA1FDAFA14C60F3806AF213ADA2277FA16DAD60AC257662116DA3600C3572E
:20E4F10066F8105D54F80E1A1396231A9ED25766F8102A5F56F80E2A666F7B955F7A9C4701
:20E511004BFAB7C05F079F57AF935F9F9257F8072A666F237E6F079F671929292929095D6B
:20E5310054211000197DEA19DA7CEA1ADA2124DA36FF2123DA36FFFAF9D9EA1FDAFA14C64E
:20E55100CB4F2006AF213ADA2277FA16DAD60AC257662116DA3600C35766FAF1D9F811967A
:20E57100C25766FA2DDAB72813F8007E212BDA96200AF8017E212CDA96CA5766D1D56B628E
:20E5910023E57DF80B77E17CF80A322A5F5621020019E57DF80D77E17CF80C322A5F561A55
:20E5B1004F131A47D1D5210800195D54F80D7B227A322A5F561A6F079F6729292929094D31
:20E5D10044F80F2A5F567B917A98307AFA3DDACB7F2073F8007EEA2BDAF8017EEA2CDAF886
:20E5F100092A5F561A4F131A212EDA712377F80B2A5F561A4F131A2130DA712377F80B2A7D
:20E611005F2A571A4F131A472A5F561A6F079F6729292929094D44FABAC06F079F67292937
:20E63100292979954F789C4779C6FC4F78CEFF4721B4C0792270AF213CDA2277212DDA362C
:20E65100012116DA3603F8007EEA01C5F8017EEA02C5C30867FA15C6F81022AF323A2B2F6A
:20E6710022AF2F77FA14C6F81022AF323A2BA62B2B77AFF80FA62B2B77FA14C6F81022AF85
:20E69100323A2BE620223600F80C2A23A6232332AFA6232332AFB6285EF8013AB620133EF3
:20E6B10001F5333E08F5331E01218D47CDF839E804C5F8013AB6283FD1D5212F00194D44FF
:20E6D1000AB72033D1D5212500194D440AB72827D1D5212500194D44232A666F0A47110055
:20E6F10000D53E01F533110000D5E5C5331E02210552CDF839E808FA15DAB72842FA15DA91
:20E711003D2841FA15DAFE03CAD568FE04CAD568D606CAFC69FA15DAD607CAFC69FA15DA5F
:20E73100D60ACA516AFA15DAFE0FCA816AFE10CA816AFE12CAC46BD613CAC46BC3D76B21E4
:20E751002DDA36001E0321796CCDF8391E03210C6DCDF839F8047EB72851FA25DAB7204BC8
:20E77100FA0DDAB7282B2124DA7EB728177E3D2006FA14C60F300DFA24DA3C202EFA14C6B3
:20E79100CB4F20272116DA36092115DA3602C3D76BFA16DAD6032013FA0DDA3D280D2116EA
:20E7B100DA36092115DA3602C3D76BFA15C60E002F5F792F572114C67E0E00A35F79A25777
:20E7D1004E060079E6100E00A35F79A257B3CA8568FA1FDAB7284AFA22DAB728442147DA02
:20E7F10036032122DA352117DA3605FAFFD921DAD9865FFA00DA21DBD98E57FA23DA4F07CA
:20E811009F47AF914F9F9047CDBD0D213ADA7E81227E88772116DA36062115DA3602C3D763
:20E831006BFA1DDAB728122147DA36012116DA36062115DA3602C3D76BFA21DAB7282F2143
:20E8510047DA3602FA21DA3C28042121DA35FA32DA2136DA862132DA227E2137DA8EEA3339
:20E87100DA2116DA36062115DA3602C3D76BFAFAD9EA1EDA1E03213C6DCDF839FA16DA3D54
:20E8910028052115DA3602211EDA7EB72801352117DA7EB7280135FA1DDAB7280BFA16DADC
:20E8B100D6042804211DDA35FA1FDAB7280AFA24DAB72004211FDA352118DA7EB7CAD76BA2
:20E8D10035C3D76BFA14C6CB4F28193E01F5333E03F53311B1C0D51E01215446CDF839E8D7
:20E8F10004C37569FA14C60F30183E01F5333E01F53311B1C0D51E01215446CDF839E8044E
:20E911001862FA3BDACB7F28183E01F5333E03F53311B1C0D51E01215446CDF839E80418D0
:20E9310043213ADAAF96233E009E3E0057CB7E2807CB7A2008BF1805CB7A28013730183E89
:20E9510001F5333E01F53311B1C0D51E01215446CDF839E804180D11B1C0D51E0121F54505
:20E97100CDF839E1F8047EB72819FA0DDA3D2813FA25DAB7200D2116DA36092115DA360564
:20E99100C3D76BFA15C60E002F5F792F572114C67E0E00A35F79A2574E060079E6100E0025
:20E9B100A35F79A257B32006FA1EDAB72818FA18DAB720122147DA36012116DA360621153F
:20E9D100DA3605C3D76B211EDA36001E03213C6DCDF839FA16DAD60428052115DA36052177
:20E9F10018DA7EB7CAD76B35C3D76B1E0321796CCDF8391E03210C6DCDF839F8047EB72862
:20EA11001FFA25DAB72019FA0DDAB72006FA1DDAB7280D2116DA36092115DA3608C3D76B9F
:20EA31001E03213C6DCDF839FA16DAD60728052115DA36082117DA7EB7CAD76B35C3D76B0D
:20EA51001E0321796CCDF839FA28DAB720072116DA360018042128DA35FA16DAD60A2805F4
:20EA71002115DA360BFA0FDAD602DAD76BC3F86BFA24DA3D20183E01F5333E03F53311B138
:20EA9100C0D51E01215446CDF839E804181CFA24DA3C20163E01F5333E01F53311B1C0D549
:20EAB1001E01215446CDF839E8041E03210C6DCDF839F8047EB72832FA0DDAB7282CFA2532
:20EAD100DAB72026FA24DA3D2006FA14C60F300DFA24DA3C2014FA14C6CB4F200D2116DA3F
:20EAF10036092115DA3611C3D76BFA15C6F81022AF323A2B2F22AF2F77FA14C6F81022AFD2
:20EB1100323A2BA62B2B77AFF80FA62B2B77FA14C6F81022AF323A2BE610223600F80C2AF1
:20EB310023A6232332AFA6232332AFB62006FA1EDAB728612122DA7EB7285A352117DA36A8
:20EB51000521FFD92A5F5621DAD92A666F19E57DF80E77E17CF80D77FA23DAF80E22079F5E
:20EB7100771100003A6E677B955F7A9CF81132732A4F46F80C2A5F56CDBD0D213ADA7E814D
:20EB9100227E88772147DA36032116DA36062115DA361118311E03213C6DCDF839FA16DA8A
:20EBB100D61028052115DA36112118DA7EB72816351813FA16DAD6032007213CDAAF2236CC
:20EBD100012116DA3613FA15C62F2114C6A6E604F81177F53311B2C0D511B7C0D51E052199
:20EBF100974DCDF839E8052125DA7EB72801352129DA5EAF5796CB7B2807CB7A2008BF18AB
:20EC110005CB7A28013730062129DA3518082129DACB7E2801342119C55EFAEED957211911
:20EC3100C596CB7B2807CB7A2008BF1805CB7A28013730042119C5352115DA4E0600696070
:20EC510029090199D9094D44232A666FB428160A47AFF533110000D5E5C5331E02210552CD
:20EC7100CDF839E806E812C9FA05DAB72849FA14C6CB4F280721B6C03603183B0F3007212C
:20EC9100B6C036011831FA3BDACB7F280721B6C036031823213ADAAF96233E009E3E0057CC
:20ECB100CB7E2807CB7A2008BF1805CB7A280137300521B6C0360101B1C0FAB6C0D60320FF
:20ECD1001D21C1C03600FAC4C03C21C3C066F533E533C51E01215245CDF839E804C921C1F9
:20ECF100C03602FAC8C03C21C7C066F533E533C51E01215245CDF839E804C9FA16DAD610E0
:20ED11003E012801AF4FFA24DAB72816FA3DDACB7F200FFAFCD9B72809CB41C02116DA363B
:20ED31000FC979B7C82116DA3600C9E8FBFAB8C047079F4FFAB7C0F80122079F7758513AC5
:20ED51006E677B955F7A9C4F43CB29CB18F80470FA14C6F80377E5CB56E12009E5F805CB70
:20ED71005EE1CA586E21B2C02A4F46CB38CB19CB38CB19CB38CB19CB38CB19F8012A5E2321
:20ED910023814F7B88477EF80022AF322A231E00814F7B8847CB38CB19CB38CB19CB38CB8B
:20EDB100197121B4C02A4F46CB38CB19CB38CB19CB38CB19CB38CB19CB38CB19CB38CB19FA
:20EDD100CB38CB19F8027E212BC596303C79212CC59630352128C55EFA2BC5F80322360081
:20EDF100691600D5E5F8074E0600E15DCDBD0DD1792129C586234F788E47F8026E2600096C
:20EE11004D547B59CD241518020E0FCB612838F8024EAF6967292929010400094D44FAB711
:20EE3100C05F079F57E1E5195D5479936F789A67292929294D4421B2C07922702116DA3607
:20EE51000CAF213ADA2277E805C9E8F701B7C0FAB8C05F079F570A4F079F477B915F7A987A
:20EE710057CB2ACB1BF8087321B2C02A666FCB3CCB1DCB3CCB1DCB3CCB1DCB3CCB1D094D38
:20EE910044F8086E2600094D44CB38CB19CB38CB19CB38CB19F80871AF213CDA2277FA143C
:20EEB100C6F807227E212BC5963E00174FFA28C5F80377FA2BC5F804223600E52323CB56AE
:20EED100E1CA596F11B4C01AF80622131A77CB3E2BCB1E23CB3E2BCB1E23CB3E2BCB1E238B
:20EEF100CB3E2BCB1EFAB9C047079F5E2356686719235DCB3CCB1BCB3CCB1BCB3CCB1B7905
:20EF1100B7282B7B212CC59630241600F8044E0600CDBD0D792129C586234F788E47F80895
:20EF31006E2600095D54F8037ECD241518020E0FCB61CA6671AF21DED996EA3CDA9F21DF33
:20EF5100D996EA3DDAC36671E5F809CB5EE1CAE96F11B4C01AF80622131A77CB3E2BCB1E04
:20EF710023CB3E2BCB1E23CB3E2BCB1E23CB3E2BCB1EFABAC047079F5E2356686719235D20
:20EF910054CB3ACB1BCB3ACB1BCB3ACB1BF8077379B7282E7E212CC5963027F8075E160063
:20EFB100F8044E0600CDBD0D792129C586234F788E47F8086E2600095D54F8037ECD2415BF
:20EFD10018020E0FCB61CA6671FADED9EA3CDAFADFD9EA3DDAC36671F8087EF80077E5F854
:20EFF10009CB4EE1CAB2702116DA360021B4C02A4F46CB38CB19CB38CB19CB38CB19CB38BE
:20F01100CB19FAB9C06F079F67095D54CB3ACB1BCB3ACB1BCB3ACB1BF80873FABAC06F0734
:20F031009F6709CB3CCB1DCB3CCB1DCB3CCB1D7D3CF80177F8087EF80196CA6671F8002AEA
:20F05100233D77212BC5963045F8087E212CC596303CFA28C5F80377FA2BC5F80422360083
:20F07100F8083A2B223600F8042A234F06005E1600CDBD0D792129C586234F788E47F80252
:20F091006E2600095D54F8037ECD241518020E0FCB5928082116DA360DC36671F8083418CD
:20F0B10093E5F809CB46E1CA66712116DA360021B4C02A4F46CB38CB19CB38CB19CB38CBFC
:20F0D10019CB38CB19FAB9C06F079F67095D54CB3ACB1BCB3ACB1BCB3ACB1BF80873FABA8E
:20F0F100C06F079F6709CB3CCB1DCB3CCB1DCB3CCB1D7D3CF80577F8057EF808962856F839
:20F11100007E3CF80677212BC5963037F8087E212CC596302EFA28C5F80777212BC54E065B
:20F1310000F8085E1600CDBD0D792129C586234F788E47F8066E2600095D54F8077ECD242C
:20F151001518020E0FCB5128072116DA360D1805F8083418A221B4C02A4F46213DDA5E7B43
:20F17100079F576B62094D4421B4C079227021C1C03606FAD0C03C21CFC046F533C53311AF
:20F19100B1C0D51E01215245CDF839E804213DDA3AB6200C01BCC00AEABDC00A3CEABEC067
:20F1B100FA15C60E002F5F792F572114C67E0E00A35F79A2574E060079E6100E00A35F7987
:20F1D100A257B328052116DA3600FA16DAD60D28052115DA360EE809C9E8F2FA14C6CB4736
:20F1F100280721B6C036011809CB4F280521B6C03603FAB6C0F80777FA12DAF808223600A5
:20F2110021B2C02A4F46C5F80A4E06002126DA2A5F56CDBD0DF802792270C1F80A79227006
:20F23100F8007EF80C77F8017EF80D77F8077E3D2014F80C2A5F56F80A2A666F194D44F865
:20F2510009792270182BAF2126DA96235F9F9657F8084E0600CDBD0DF80A2A666F09E57D7B
:20F27100F80877E17CF807327EF809322B7EF80A77FA0FDAD603C2B276FA0EDAD602D2B2C1
:20F2910076212ADA360121B4C02A4F46CB38CB19CB38CB19CB38CB19CB38CB19FAB9C06FB9
:20F2B100079F67095D54CB3ACB1BCB3ACB1BCB3ACB1BF80273FABAC06F079F6709CB3CCB7D
:20F2D1001DCB3CCB1DCB3CCB1D7D3CF80377FAB6C0F80B77F8097EF80477F80A7EF8057727
:20F2F100CB2E2BCB1E23CB2E2BCB1E23CB2E2BCB1E23CB2E2BCB1EF80B7E3DC2FF7411B2AA
:20F31100C01AF80822131A77FAB8C0F80022079F327EF80A77F8017EF80B773E04F80ACBE1
:20F331002623CB163D20F6F8083A2B77F8093A2B77F80A3A2B77F80B3A2B322A5F56F80631
:20F351002A666F19E57DF80C77E17CF80B322A5F2A572A666F19E57DF80A77E17CF8097743
:20F37100212DC52AC6F04F7ECEFF47CB21CB10CB21CB10CB21CB10CB21CB10F80C7922707D
:20F39100F80C5D54F8081A1396231A9E3008212ADA3600C3B276D1D5F8042A666F19E57D6F
:20F3B100F80E77E17CF80D77CB2E2BCB1E23CB2E2BCB1E23CB2E2BCB1E2A322B3C322BFA5F
:20F3D100B7C022079F322A5F56F8042A666F19E57DF80E77E17CF80D327EF80977F80D7ECC
:20F3F100F80A77CB2E2BCB1E23CB2E2BCB1E23CB2E2BCB1E7EF80C77F80C3A96CAB276F85F
:20F41100027EF80D77F80D7EF80396286AF80C7E212BC5963049F80D7E212CC5963040FA02
:20F4310028C5F80677FA2BC5F807223600F80D7EF809223600F8072A234F06005E1600CD5A
:20F45100BD0D792129C586234F788E47F80C6E2600095D54F8067ECD2415F80A711804F8A9
:20F471000A360FF80A7EE60F2808212ADA3600C3B276F80D34188E11B4C01AF80922131A73
:20F49100323A2B77F80A3A2B77CB3E2BCB1E23CB3E2BCB1E23CB3E2BCB1E23CB3E2BCB1E92
:20F4B100FAB9C0F80D77F80922079F77F8073A2B77F8083A2B77F8093A2B77F80A3A2B32DF
:20F4D1002A5F56F8052A666F19E57DF80B77E17CF80A77CB3E2BCB1E23CB3E2BCB1E23CB2A
:20F4F1003E2BCB1E7EF80277F80C34C30974F80B7ED603C2B27611B2C01AF80622131A22F2
:20F51100FAB7C022079F322A23322A23773E04F80ACB2623CB163D20F62B2A5F56E1E519B7
:20F53100E57DF80E77E17CF80D322A5F5621800019E57DF80C77E17CF80B77F8067EF80C7A
:20F5510077F8077EF80D77F80A5D54F80C1A1396231A9E3808212ADA3600C3B276F8082A25
:20F571005F56F8042A666F19E57DF80E77E17CF80D77CB2E2BCB1E23CB2E2BCB1E23CB2EA0
:20F591002BCB1E2A77FAB8C0F80C77F80922079F77F8042A5F56F8092A666F19E57DF80D1D
:20F5B10077E17CF80C77CB2E2BCB1E23CB2E2BCB1E23CB2E2BCB1E2A322B3C77F80D7EF8C9
:20F5D1000A96CAB276F8027EF80C77F8037EF80C96285FF80D7E212BC596303FF80C7E21BF
:20F5F1002CC59630362128C55E212BC54E0600F80C7EF80822AF32D55E1600CDBD0DD1798D
:20F611002129C586234F788E47F80D6E2600094D547B59CD2415F80B711804F80B360FF898
:20F631000B7EE60F2807212ADA36001874F80C34189921B4C02A4F46F808792270CB3E2BA9
:20F65100CB1E23CB3E2BCB1E23CB3E2BCB1E23CB3E2BCB1EFAB9C0F80B22079F77F8083A01
:20F671002B77F8093A2B77F80B7EF80877F80C7EF809322A5F56F8062A666F19E57DF80DF1
:20F6910077E17CF80C77CB3E2BCB1E23CB3E2BCB1E23CB3E2BCB1E7EF80277F80D34C3CDB5
:20F6B10075212DDA3600FA14DAEA19C5FA13DA2112DA86EA25DAFA0EDAD6023006AF213C57
:20F6D100DA2277FA12DAEA28DA2129DA36002147DA36002146DA36002116DA360AE80EC97B
:20F6F100E8FCFA14C6F80377E608F80077FAF0D93D28442115C65E16002114C64E06007EC9
:20F71100F80122AF327B2F5F7A2F577EE6086F260079A34F78A2477DA15F7CA057FAF0D953
:20F73100D6022820F8037EE61077FAF0D9FE03281ED604282D184FF8007EB728043E011862
:20F7510046AF18437AB328043E01183BAF1838F8007EB7280AF8037EB728043E011828AF75
:20F7710018257AB32806F8037EB72013F8007EB72811237EE6101E00A14F7BA0B128043E3C
:20F79100011804AF1801AFE804C9E8FAF80C2A4F46210800092A4F4621FAFF097D5CF80085
:20F7B100227321FCFF097D5CF802227321FEFF094D44F804792270D1D51A4F131A4769600B
:20F7D10029093E99854F3ED98C47F8022A5F561A02D1D51A4F131A47696029091199D91942
:20F7F100234D44F8042A5F3A571A22131A322A02037E02E806C9F8062A4F46210800092A14
:20F811004F4621FEFF094D442A666F5D5429191199D919360069602A4F4669602909119999
:07F83100D91923AF2277C9AA
:020000040001F9
:20BC8C002117C536002118C536002119C53618211AC5361821B6C0360121C1C0360021C40B
:20BCAC00C04604FAC3C0C533F53311B1C0D51E01215245CDF839E804C9E8F521FFC43600F9
:20BCCC002114C64E79E6044779E608CB49281821FFC43601040528040EE01842B728040E21
:20BCEC00A0183B0EC01837CB41281821FFC43601040528040E201826B728040E60181F0E8A
:20BD0C0040181B0405280921FFC436010E00180EB7280921FFC436010E8018020E00FAFF69
:20BD2C00C4B7CAAF7E11C0C01AF8082211B2C01A22131A7721E01A06000946C5F80A5E7848
:20BD4C00CDAC0D5950C1CB2ACB1BCB2ACB1BCB2ACB1BCB2ACB1BCB2ACB1BCB2ACB1BCB2AD0
:20BD6C00CB1BF8092A462B835F788A73233211B2C02A12137E1221B4C02A666F79C640C64E
:20BD8C00E04F3E00CE1A470A4FE5E5F80C5EE179CDAC0DE1CB28CB19CB28CB19CB28CB1930
:20BDAC00CB28CB19CB28CB19CB28CB19CB28CB197D914F7C984721B4C079227021B2C02A06
:20BDCC004F46CB38CB19CB38CB19CB38CB19CB38CB19FAB7C0F80922079F322A5F567993CF
:20BDEC005F789A57212DC52A937E9A3017F8092A4687CB1087CB1087CB1087CB1021B2C0B4
:20BE0C002270182BFAB8C05F079F577B814F7A8847212DC52A917E9830152B2A934F7E9A67
:20BE2C00476960292929294D4421B2C079227021B4C02A4F46CB38CB19CB38CB19CB38CB23
:20BE4C0019CB38CB19FAB9C05F079F57F8097922704B423A6E67094D44212FC52A917E98DF
:20BE6C0030146B6229292929AF954F9F944721B4C0712370182DFABAC04F079F47F8092A3B
:20BE8C00666F095D54212FC52A937E9A30152B2A914F7E98476960292929294D4421B4C0B3
:20BEAC0071237011B2C0D511B7C0D51E0521704CCDF839E804F80077AFF5331E01214148C4
:20BECC00CDF83933F8007E3C2815F8005EAF6B67292929111AC819232323237EB72003AF45
:20BEEC0018023E01F8017721250009E57DF80477E17CF8037778B128082B2A5F561AB72026
:20BF0C0003AF18023E01F80477F8017EB72006F8047EB7282201B1C021C1C03601FAC6C0FD
:20BF2C003C21C5C06EF57D33F533C51E01215245CDF839E804182121C1C0360001C3C0219C
:20BF4C00C4C05E1C0A63E533F53311B1C0D51E01215245CDF839E804FA15C6F80922AF3239
:20BF6C007E2FF80522AF2F77FA14C6F80722AF323A2BA6F80977AFF806A6F80A77E52BCB94
:20BF8C0066E1286D21FFC43600F8047EB7284F2B2B2A5F566B6223E57DF80B77E17CF80A97
:20BFAC00322A5F561AF80522131A327EF808322B7EF80977F8022A5F561AF80A322B110098
:20BFCC0000D53E01F533110000D52A5F2A57D57EF5331E02210552CDF839E8081813F80104
:14BFEC007EB7280D2B7EF5331E0521E64BCDF83933E80BC9A4
:020000040000FA
:013A3C001F6A
:20F838002117C536002118C536002119C53600211AC5360001B6C00AEA4BDAD603200E2126
:20F8580017C536302149DAAF223608186AFA4BDA3D20282117C536C0212DC52AC6704F7EA2
:20F87800CEFF47CB21CB10CB21CB10CB21CB10CB21CB102149DA792270183CFA4BDAD602A6
:20F89800200F2118C536302149DA3E8022360718262118C536D0212FC52AC6884F7ECEFFF3
:20F8B80047CB21CB10CB21CB10CB21CB10CB21CB102149DA7922702148DA3600C9E8F22141
:20F8D800FFC43600FA4BDA2114C64E214BDA460F301ACB51280921FFC4360106021825CB52
:20F8F80059282121FFC4360106001818CB49280921FFC436010603180BCB41280721FFC452
:20F9180036010601FAB6C0902815FAFFC4F533C53311B1C0D51E01215446CDF839E804FA62
:20F93800FFC4B7CA6A7E21B2C02A4F46F80279227011B4C01AF80C22131A327EF80477F81F
:20F958000D7EF8057701C0C00AF80177FAB6C0F80D77F8027EF80677F8037EF80777F80DC8
:20F978003A22AF32CB2623CB162B2A5F5621E01B19E57DF80A77E17CF809322A5F561A4F4B
:20F99800F8015E79CDAC0DF80C792270F80C3A2B77F80D3A2B322A5F56F8062A666F19E594
:20F9B8007DF80E77E17CF80D327EF80277F80D7EF803227EF80C77F8057EF80D77F8082AF8
:20F9D8004F46030A4FF8015E79CDAC0DF80A792270F80A3A2B77F80B3A2B322A5F56F80C60
:20F9F8002A666F19E57DF80C77E17CF80B327EF80477F80B7EF80577214BDA4EFAB6C0F886
:20FA18000C77CB41CA6F7C11B2C01AF80A22131A323A2B77F80B3A2B77CB3E2BCB1E23CBA4
:20FA38003E2BCB1E23CB3E2BCB1E23CB3E2BCB1EFAB7C0F80D77F80A22079F77F8083A2B49
:20FA580077F8093A2B77F80A3A2B77F80B3A2B322A5F56F8062A666F19E57DF80C77E17C93
:20FA7800F80B77CB3E2BCB1E23CB3E2BCB1E23CB3E2BCB1E7EF80D77FAB8C0F80B773A2215
:20FA9800079F323A2B77F80B3A2B322A5F56F8062A666F19E57DF80C77E17CF80B322A4F23
:20FAB80046CB38CB19CB38CB19CB38CB19793CF806322B7EF80A77F8057EF80B77CB3E2B03
:20FAD800CB1E23CB3E2BCB1E23CB3E2BCB1E23CB3E2BCB1E23237EB7C2B97BFABAC0F80C7C
:20FAF80077F80822079F327EF80077F8097EF80177D1D5F80A2A666F19E57DF80A77E17CA9
:20FB1800F809322A4F46CB38CB19CB38CB19CB38CB19F80C71F8067EF80D962876F80D7E79
:20FB3800212BC5963038F80C7E212CC596302FFA28C5F80B77212BC54E0600F80C5E1600D7
:20FB5800CDBD0D792129C586234F788E47F80D6E2600095D54F80B7ECD24157918023E0F6F
:20FB78000F302BF80C7E0E0087CB1187CB1187CB1121BAC06EF57D079F67F1956F799C6751
:20FB9800292929294D440BF8047922701805F80D341882F8042A4F4621B4C0792270C36A8E
:20FBB8007EFAB9C04F079F47F80A2A666F094D44CB38CB19CB38CB19CB38CB19F80771F848
:20FBD800067EF80D96CA617CF80D7E212BC5963046F8077E212CC596303DFA28C5F80877B7
:20FBF800FA2BC5F809223600F8077EF80B223600F8092A234F06005E1600CDBD0D79212961
:20FC1800C586234F788E47F80D6E2600095D54F8087ECD241518020E0FCB492826F8076EE5
:20FC38002C26002929294D44FAB9C05F079F5779936F789A6729292929234D44F80479229C
:20FC5800701806F80D34C3D77BF8042A4F4621B4C0792270C36A7E21B4C02A4F46CB38CB88
:20FC780019CB38CB19CB38CB19CB38CB19FAB9C06F079F67095D54CB3ACB1BCB3ACB1BCB54
:20FC98003ACB1BF80D73FABAC06F079F6709CB3CCB1DCB3CCB1DCB3CCB1D7D3CF80677F8C8
:20FCB800022A4F46CB38CB19CB38CB19CB38CB19CB38CB19F80C7E3DC2C97DFAB8C06F0720
:20FCD8009F67094D44CB38CB19CB38CB19CB38CB19F80771F8067EF80D96CA7A7DF8077EF2
:20FCF800212BC5963045F80D7E212CC596303CFA28C5F80877FA2BC5F809223600F80D3A59
:20FD18002B223600F8092A234F06005E1600CDBD0D792129C586234F788E47F8076E26003A
:20FD3800095D54F8087ECD241518020E0FCB51282BF8077E0E0087CB1187CB1187CB1121F2
:20FD5800B8C06EF57D079F67F1956F799C67292929294D440BF8027922701806F80D34C356
:20FD7800EC7CFAB8C04F079F47212DC52A914F7E984769602B292929294D44F8027EF80939
:20FD980077F8037EF80A2223792270F80C5D54F8091A1396231A9E380BF8097EF80C322B92
:20FDB8007EF80D7711B2C0F80C2A12137E12C36A7EFAB7C06F079F67095DCB3CCB1BCB3CD9
:20FDD800CB1BCB3CCB1BF80D56F8067E92286B7B212BC59630377A212CC5963030FA28C54A
:20FDF800F80D77212BC54E06006A2600D55D54CDBD0DD1792129C586234F788E476B26002E
:20FE180009D5E5F8117ED1CD2415D118020E0FCB592824AF6B67232929294D44FAB7C06FA1
:20FE3800079F5F79956F789B6729292929234D44F802792270180314188FF8022A4F46CBF7
:20FE5800782805110000180259504B4221B2C0792270FA48DAB7C25E7F21DADA4E214BDA0B
:20FE780046F80A7922782211B2C01A22131A7768AF672911E01B19465978CDAC0DF80C2AF3
:20FE9800666F094D4421B2C079227021B4C02A4F46F80B5EAF6B672911E01B192356C5F883
:20FEB8000C5E7ACDAC0D6960C1094D4421B4C07922702149DA2A4F46FA4BDA3D201D21B28D
:20FED800C02A665F542149DA2A937E9A300D2148DA360121B2C0792270186BFA4BDAD6031E
:20FEF800201E21B2C02A665F542149DA7B96237A9E300D2148DA360121B2C0792270184693
:20FF1800FA4BDAB7201D21B4C02A665F542149DA2A937E9A300D2148DA360121B4C07922DE
:20FF3800701823FA4BDAD602201C21B4C02A665F542149DA7B96237A9E300B2148DA3601AE
:20FF580021B4C0792270FAC4DAE6013DC2FD7FAFF53311B2C0D511B7C0D51E0521974DCD6E
:20FF7800F839E805B7C2FD7FAFF5331E01214148CDF8393378B12810212F00097EB7280866
:20FF98002101C5712370185DFA15C616002F5F7A2F57FA14C62E00A35F7DA2CB6328467839
:20FFB800B120113E01F5333E08F5331E01218D47CDF839E178B1282D212F00097EB720252E
:20FFD800212500097EB7281D234E2346110000D52601E533110000D5C5F5331E02210552D6
:08FFF800CDF839E808E80EC954
:013A3D001078
:20058400043F79031141046272033878068C7C042E7904D67903384304777203D57806C529
:0405A4007C043E791C
:020000040001F9
:20393F002117C536002118C536002119C53600211AC53600FA4CDAD610201F21B2C02A464E
:20395F00AF21B2C0227021B4C02A460E00218000094D4421B4C0792270C921B2C02A4F466B
:20397F00CB38CB19CB38CB19CB38CB19CB38CB19CB38CB19CB38CB19CB38CB19AFCB184104
:20399F00CB181F21B2C0227021B4C02A4F46CB38CB19CB38CB19CB38CB19CB38CB19CB38EE
:2039BF00CB19CB38CB19CB38CB19AFCB1841CB181F21B4C02270C9E8F6F8013604FA4CDA40
:2039DF00D610203D21B2C02A4F46CB38CB19CB38CB19CB38CB19CB38CB1979E60F202221C6
:2039FF00B4C02A4F46CB38CB19CB38CB19CB38CB19CB38CB1979E60F4F060079D608B028E7
:203A1F0040FA4CDAD608C2967F21B2C02A4F46CB38CB19CB38CB19CB38CB19CB38CB19790B
:203A3F00E607C2967F21B4C02A4F46CB38CB19CB38CB19CB38CB19CB38CB1979E607C296F5
:203A5F007F21FFC43600AFF53311B2C0D511B7C0D51E0521974DCDF839E805B7C2FD7FFA20
:203A7F0016C6F80977E5CB4EE120112114C64E2116C67EB7C2877BCB49CA877B21FFC4368A
:203A9F0001F801360321B4C02A4F46CB38CB19CB38CB19CB38CB19CB38CB19FAB9C06F07FB
:203ABF009F67095D54CB3ACB1BCB3ACB1BCB3ACB1BF80973FABAC06F079F6709CB3CCB1D0A
:203ADF00CB3CCB1DCB3CCB1D7D3CF8007721B2C02A4F46CB38CB19CB38CB19CB38CB19CBEF
:203AFF0038CB19FAB7C06F079F67094D44CB38CB19CB38CB19CB38CB19F80271F8097EF86D
:203B1F000096CA897EF8022A3D77212BC5963045F8097E212CC596303CFA28C5F80477FA44
:203B3F002BC5F805223600F8093A2B223600F8052A234F06005E1600CDBD0D792129C586AB
:203B5F00234F788E47F8036E2600095D54F8047ECD241518020E0FCB59280821FFC4360019
:203B7F00C3897EF809341894E5F80BCB46E1200D2116C67EB7C2887CCB41CA887C21FFC4BE
:203B9F003601F801360121B4C02A4F46CB38CB19CB38CB19CB38CB19CB38CB19FAB9C06FCD
:203BBF00079F6709545DCB3ACB1BCB3ACB1BCB3ACB1BF80973FABAC06F079F6709CB3CCB1F
:203BDF001DCB3CCB1DCB3CCB1D7D3CF8007721B2C02A4F46CB38CB19CB38CB19CB38CB199C
:203BFF00CB38CB19FAB8C06F079F67094D44CB38CB19CB38CB19CB38CB19F80271F8097E98
:203C1F00F80096CA897EF8022A3C77212BC5963045F8097E212CC596303CFA28C5F8047746
:203C3F00FA2BC5F805223600F8093A2B223600F8052A234F06005E1600CDBD0D792129C536
:203C5F0086234F788E47F8036E2600095D54F8047ECD241518020E0FCB51280821FFC4369A
:203C7F0000C3897EF809341894E5F80BCB56E1200D2116C67EB7C28A7DCB51CA8A7D21FF5B
:203C9F00C43601F801360221B2C02A4F46CB38CB19CB38CB19CB38CB19CB38CB19FAB7C07A
:203CBF006F079F6709545DCB3ACB1BCB3ACB1BCB3ACB1BF80973FAB8C06F079F6709CB3C7C
:203CDF00CB1DCB3CCB1DCB3CCB1D7D3CF8027721B4C02A4F46CB38CB19CB38CB19CB38CBE5
:203CFF0019CB38CB19FAB9C06F079F67094D44CB38CB19CB38CB19CB38CB19F80371F809FA
:203D1F007EF80296CA897EF8037E3DF808227E212BC5963043F8087E212CC596303AFA2883
:203D3F00C5F80477FA2BC5F80522AF22233A223600F8052A234F06005E1600CDBD0D792159
:203D5F0029C586234F788E47F8096E2600095D54F8047ECD241518020E0FCB49280821FFA7
:203D7F00C43600C3897EF809341893E5F80BCB5EE1200CFA16C6B7C2897ECB59CA897E21F6
:203D9F00FFC43601F801360021B2C02A4F46CB38CB19CB38CB19CB38CB19CB38CB19FAB73C
:203DBF00C06F079F67095D54CB3ACB1BCB3ACB1BCB3ACB1BF80973FAB8C06F079F6709CBF7
:203DDF003CCB1DCB3CCB1DCB3CCB1D7D3CF8027721B4C02A4F46CB38CB19CB38CB19CB3873
:203DFF00CB19CB38CB19FABAC06F079F67094D44CB38CB19CB38CB19CB38CB19F80371F836
:203E1F00097EF802962863F8037E3CF808227E212BC5963044F8087E212CC596303BFA28BE
:203E3F00C5F80477FA2BC5F80522AF22233A223600F8052A234F06005E1600CDBD0D792158
:203E5F0029C586234F788E47F8096E2600095D54F8047ECD24157918023E0F0F300721FFFB
:203E7F00C436001805F809341895F8017ED604281AFAFFC4F533F8027EF53311B1C0D51E9D
:203E9F0001215446CDF839E804180D11B1C0D51E0121F545CDF839E1FAC4DAE6013D201E8E
:203EBF00AFF5331E01214148CDF8393378B1280E212F00097EB728062101C5792270FAFF0C
:203EDF00C4B7282CAFF533FA4CDAF5331E01218D47CDF839E178B128172101C57922700187
:203EFF00BCC00AEABDC00A3CEABEC021FFC43600FA15C60E002F5F792F572114C67E0E00F7
:203F1F00A35F79A2574E060079E6100E00A35F79A257B328623E01F533FA4CDAF5331E01BE
:203F3F00218D47CDF839E178B1284C212F00097EB72044FAB6C0C602E603C52600E533F5E6
:203F5F0033C51E01215446CDF839E804C121FFC43600212500097EB7281D234E23461100F7
:203F7F0000D52601E533110000D5C5F5331E02210552CDF839E808FAFFC4B7286101C0C037
:203F9F000AF8057721B6C04E11B2C01AF80622131A7711E01BAF696729194D440A57C5F8C2
:203FBF00075E7ACDAC0D5950C1F8062A666F19E57DF80A77E17CF8093211B2C02A12137E42
:203FDF001221B4C02A666F030A4FE5E5F8095EE179CDAC0DE1094D4421B4C0712370E80AB1
:013FFF00C9F8
:020000040000FA
:12370700C5F8042A575EF8083A473A666FCDC238C1C92F
:20371900FA4DDA6F5FFA4EDA57CB2517CB2517CB2517CB2517677B856F7C8A677DC693EA09
:163739004DDA577CCE5CEA4EDA5FC9F8022AEA4DDA7EEA4EDAC98E
:2005A800626B2AEA6ADA2A5F2A571AEA4FDA0E121150DA2A12130D20FA0E47216CDAAF2279
:2005C8000D20FC3EF0EA7ADAEA8ADA3E64EA6BDA0E002150DA1162DACDF2052152DACDF2E9
:2005E800052154DACDF2052156DA2A81666F8C95672A12137E1213C9474B1EFE78B72807BB
:20060800CB21CB033D20F9FA6CDAA3B1EA6CDAA1C27508C9FA71DA67848426006F092A4693
:20062800234EC92A4F46CD1C06210000FE48D01287C6B36FCE0C95672A666F37C9C6C02F88
:20064800FE07D867CB3FCB3F3D6F7CE603C604CB35B5C978CB3782C6736FCEDA9567C926AA
:200668000048FA6CDA0D28170D28250D2833CB47C07BEA73DAE0137AEA74DAB4E014C9CB77
:200688004FC07BEA83DAE0187AEA84DAB4E019C9CB57C07BEA93DAE01D7AEA94DAB4E01E1C
:2006A800C9CB5FC0547BCD450621A9DAB6E0227AE023C91806181718281849FA6CDACB47B6
:2006C800C02173DA2AE013FA78DAB6E014C9FA6CDACB4FC02183DA2AE018FA88DAB6E01943
:2006E800C9FA6CDACB57C0F025F5E6BBE025AFE01A2FE01A2193DA2AE01DFA98DAB6E01EB0
:20070800F1E025C9FA6CDACB5FC0FAA3DAE022FAA8DAE023C97E34E5CD1F06E1C55778E643
:20072800F0CB7A2804CBBACBC7CB3728023D777AFE5A2821D624435F1604CD5B067B862336
:20074800565F04CB504A2005CD3806545D61CBBC05CD690658C116011802160078E60FB1EB
:20076800C878E60F87C6826FCE0795672A666FCB4228012343FA6EDAB7E9FE083109400927
:200788004F09D608A207A707F709C107C607BB09520888085E0864084A08C079E024C90057
:2007A800215EDA3E0FA187865F233E008E676B2A666F5059FA6EDAB7E9C079E025C9C0FA72
:2007C8006CDA05280D05281C05280ECB47C079E011C9CB4FC079E016C9CB5FC0F022CB9F90
:2007E800B1E022C9CB57C079216BDACDFB070602C3FB0977CB372160DA8623666F8C95673C
:20080800F025F5E6BBE025AFE01A2AE0302AE0312AE0322AE0332AE0342AE0352AE0362AA2
:20082800E0372AE0382AE0392AE03A2AE03B2AE03C2AE03D2AE03E2AE03F3E80E01AF1E0E4
:2008480025C9C079EA6ADAC94FAFC0216FDAB6200236012371C9C079EA6FDAC9B9C078C6F2
:20086800FECE0387271F57FA6CDA2FA2C878878780C6126F26FFAF2278FE02C82C36FFC9F7
:20088800C0CB31FA6CDA05281305281D052836CB47C0F012E60FB1E012C3C306CB4FC0F0A5
:2008A80017E60FB1E017C3D606CB57C079FEA0300FFE503007B7280A3E6018063E401802E3
:2008C8003E20E01CC9CB5FC079E021C30C07C81604CD5B0679E6F0CB375FFA6DDAA37E2869
:2008E80007CD3806545D180BCD380679E60F855F8C9357C36706001604CD5B0656FA6DDA28
:200908003D1802D603FE0330FA87C61A6FCE099567E9180918037A180879CB37FE79E60F25
:2009280082CD3806545DC36706C81600CD5B062A815F8E9357C36706C81600CD5B062A91BC
:200948005F9F8657C3670628551600CD5B06E52A5F2A572A666F7CBA381A20067DBB3814A3
:20096800282A79835F8A93577CBA381E201E7DBB381818187B915F9F8257CB7A200C7ABC42
:20098800380820087BBD38021802545DE17B22723E04856F8C95677ECBBE67C36906160442
:2009A800CD5B063A545DCD38067C121B7D12E1F1A7F5E9C078C6FECE0387271F57FA6CDA4B
:2009C8002FA2C879E60F5779E6F05FCB3378878780C6124FF2E6F0CB37923001AF83FE100B
:2009E80038023E0FCB37E20C0CF2F680E2180428BDB9C07887C6BB6FCE069567E978E6F0B2
:200A0800CB37C83D875F8783856F8C956717C9FA6EDAB7C2CC0B2162DA1177DACD2B06F537
:200A2800303F78E60FFE0328087DEA73DA7CEA74DA2158DA2A666FCD050AFA78DACBBF280D
:200A48001DFA6CDACB4720192AE0102AE0112AE0122AEA7BDA2AEA7CDAAFEA7DDA7EEA78F2
:200A6800DA1E00CD6207F1DCC306FA7BDA4FFA7CDA47B1217DDA1E00C41D072164DA11874F
:200A8800DACD2B06F5303D78E60FFE0328087DEA83DA7CEA84DA2158DA2A666FCD050AFAC6
:200AA80088DACBBF281BFA6CDACB4F2017232AE0162AE0172AEA8BDA2AEA8CDAAFEA8DDA17
:200AC8007EEA88DA1E01CD6207F1DCD606FA8BDA4FFA8CDA47B1218DDA1E01C41D0721662A
:200AE800DA1197DACD2B06F5D23B0B78E60FFE0328087DEA93DA7CEA94DA215ADA2A666FED
:200B0800CD050AFA98DACBBF2826FA6CDACB5720222AE01B2AE01C2AE5216BDABE2803CD93
:200B2800FB07E12AEA9BDA2AEA9CDAAFEA9DDA7EEA98DA1E02CD6207F1DCE906FA9BDA4FFD
:200B4800FA9CDA47B1219DDA1E02C41D072168DA2A4F46CD1C06FE48F5304CEAA7DACD4540
:200B680006EAA3DA215CDA2A666FCD050AFAA8DACBBF2830FA6CDACB5F202C2AE0212AEA7B
:200B8800ACDA2AEAADDAAFEAAEDA7EE63FE020FAA3DA577EE680CB37EAA9DAB2EAA3DA7EB0
:200BA800E640F680EAA8DA1E03CD6207F1DC0C07FAACDA4FFAADDA47B121AEDA1E03C41DFB
:200BC80007C3740CFA6CDACB4720122162DA2A4F46CD1C0679B728051E00CD6207FA7BDA34
:200BE8004FFA7CDA47B1217DDA1E00C41D07FA6CDACB4F20122164DA2A4F46CD1C0679B70F
:200C080028051E01CD6207FA8BDA4FFA8CDA47B1218DDA1E01C41D07FA6CDACB5720122100
:200C280066DA2A4F46CD1C0679B728051E02CD6207FA9BDA4FFA9CDA47B1219DDA1E02C469
:200C48001D07FA6CDACB5F20122168DA2A4F46CD1C0679B728051E03CD6207FAACDA4FFA3E
:200C6800ADDA47B121AEDA1E03C41D07216DDA342334FA6ADA96C022B6280D3D47AF22B69C
:200C8800281036003D871817FA71DA3CFE4020170600FA4FDA4FFA72DAC602B92001AFEAFC
:200CA80072DA4FCDDA0578EA71DAC92C009C0006016B01C90123027702C602120356039BFB
:200CC80003DA0316044E048304B504E50411053B0563058905AC05CE05ED050A0627064256
:200CE800065B06720689069E06B206C406D606E706F7060607140721072D07390744074F34
:200D080007590762076B0773077B0783078A07900797079D07A207A707AC07B107B607BA60
:1B0D280007BE07C107C407C807CB07CE07D107D407D607D907DB07DD07DF07BF
:20374F00F040E610C29C37C5F8073A473A4F3A5F6EE5AFB32005110010180926006B292939
:20376F002929545DE17D079F6729292929C501009009C1CB5C2806CB642802CBA4F041E6D4
:20378F000220FA2A02031B7AB320E8C1C9C5F8053A5F6EE5AFB320051100101809AF676BFD
:2037AF0029292929444DE1672929292911008019545DF8073A6E62577D6B5FCD9E0FC1C9D3
:200D4300F041E60220FA1AC9F040E6402808180AF040E608200416981802169CF8033A6E73
:200D63005ACB370767E60383573EE0A4856F62F041E60220FA5EC9FE28D05787874F7B92BA
:200D8300D8C821DBDA6669110400CB3F30037219C8CB3F300572197219C8721972197219A8
:200DA30072193D20F5C94F18024B5F7B179F57AF182A4F179F477B179F5778BA38067B59E6
:200DC3004F7A5047B7CADF0D2E00061029CB11173001190520F64D44C94FAF576F060879D9
:200DE30029173001190520F84D44C92141FFCB4E20FC12C9F040E6402808180AF040E608B8
:200E0300200416981802169CC5F8042A472A5ACB37074FE60383573EE0A1805FF041E602A9
:200E230020FA7E12C1C94F0600C3930E4F0600CD930E4B42C916004F079F47C3970E1600D9
:200E43004F079F47CD970E4B42C94FCD8F0EC94FCD8F0E4B42C97B594F7A5047C3970E7BE3
:200E6300594F7A5047CD970E4B42C94FCDCD0EC94FCDCD0E4B42C97B594F7A5047C3D00E0C
:200E83007B594F7A5047CDD00E4B42C979079F477B079F5778F5AAF5CB7A280697935F9F95
:200EA3009257CB78280697914F9F9047CDD00E3816F1E680280697914F9F9047F1E680C85E
:200EC30097935F9F9257C9F1F1C90600507BB22007010000505937C96960010000B73E1067
:200EE300F5CB15CB14CB11CB10C5799B4F789A473F3808C1F13DB720E71808F1F13D372041
:0D0F0300DF18005059CB154DCB1444B7C971
:2037CF00F8033A575E87D0AF935F3E009A57C9C5F8042A575EF8093A473A4F3A666FCD9EDB
:2037EF0039C1C9F80656180A1690F040E61028021680C5F8042A5F2A4F2A666FCB337BE6D4
:20380F000F82577BE6F05FCB5A2802CBA20610F041E60220FA2A12130520F40D20E9C1C9F4
:20382F00F8022A666FC5444D1100002AB728031318F9CB3ACB1B7BB228132B2B141C1807F1
:20384F007EF50A32F102031D20F61520F3C1F8025E2356C9F090F5217938E521B3DA2A6694
:18386F006FFAB5DAE090EA0020E9F1E090EA0020C9794B5F784257C9B5
:200F1000C5E8F0F8000E10AFEFF8003E89223E0332CD5D0F0E003E30E2F2F21E04F2473E08
:200F300020E2F2F23E10E2F2F23E30E2F2F2F2F2B820071D20E81E00180AF8013E0032CD15
:200F50005D0F1E01E810C1C9F8022A666FC57EE6072839F50E00E23E30E206101E082A57F8
:200F7000CB3A3E1038023E20E2F2F23E30E2F2F21D20ED0520E63E20E2F2F23E30E211D0F2
:0E0F900020F0001B7AB320F9F13D20C7C1C943
:03004800C3873833
:20388700F5E5C5D521B7DAE52A666FB42815E721B9DA2A666FB4280BE721BBDA2A666FB455
:1B38A700C42000E1D1C1E1F041E60220FAF1D921B7DAC3F00121B7DAC3D00125
:2038C200E5F040E6402809180CE5F040E6082005210098180321009CC5CB33CB037BE603A8
:2038E20084473EE0A3824FE1D1D5C5F041E60220FA7C0279E6E05F793CE61FB34F1520EBF2
:16390200C1D11DC8D578E6FC5F3E20814F8891E603B347C518D5CE
:200F9E00C579CDAC0FC9F8033A6E60477D69CB381F4F3009F041E60220FA2A1213CB38CB7A
:200FBE0019040C30261812F041E60220FA2A1213F041E60220FA2A1213F041E60220FA2A09
:140FDE001213F041E60220FA2A12130D20D90520D6E1F1E99C
:20391800C5F8042A575EF8083A473A666FCDCB38C1C9F5D5167FCD3A39B720F81520F7D19A
:20393800F1C93E20E000F000F000E60F5F3E10E000F000F000F000F000F000F000E60FCBB5
:1239580037B32F5F3E30E0007BC957CD3A39A228FAC92F
:013A3E00C0C7
:200FF200FE283802AFC9F587874F21BFDA2A666FFADBDA472AFE80281C8257020C2A835F27
:1D101200020CFAC1DA8623020CFAC2DA8623020C79FEA038DF79CB3FCB3FD192C933
:01396A00E973
:20102F00D5F8053A6E60477D69CB381F4F30032A1213CB38CB19040C300E18062A12132ADB
:12104F0012132A12132A12130D20F10520EEC1E1F1E91F
:20396B00F8073A573A5FB228242B3AF53A6E67F1CB3ACB1B300122CB3ACB1B300222221408
:13398B001C1804222222221D20F91520F6F8022A5F56C966
:013A3F000086
:20399E00E5F040E6402809180CE5F040E6082005210098180321009CC5CB33CB037BE603CB
:2039BE0084473EE0A3824FE1D1D5C5F041E60220FAFADCDA86022379E6E05F793CE61FB3A7
:2039DE004F1520E7C1D11DC8D578E6FC5F3E20814F8891E603B347C518D1F090F57BE09021
:2039FE00EA0020E7E5F803666F7CE090EA00207DE1E802C9C5F8042A575EF8093A473A4F51
:083A1E003A666FCDA739C1C95A
:00000001FF
